[2023-11-05 15:18:52] local.ERROR: Class "Database\Seeders\Tag" not found {"exception":"[object] (Error(code: 0): Class \"Database\\Seeders\\Tag\" not found at /tmp/photos/database/seeders/DatabaseSeeder.php:19)
[stacktrace]
#0 /tmp/photos/vendor/laravel/framework/src/Illuminate/Container/BoundMethod.php(36): Database\\Seeders\\DatabaseSeeder->run()
#1 /tmp/photos/vendor/laravel/framework/src/Illuminate/Container/Util.php(41): Illuminate\\Container\\BoundMethod::Illuminate\\Container\\{closure}()
#2 /tmp/photos/vendor/laravel/framework/src/Illuminate/Container/BoundMethod.php(93): Illuminate\\Container\\Util::unwrapIfClosure()
#3 /tmp/photos/vendor/laravel/framework/src/Illuminate/Container/BoundMethod.php(35): Illuminate\\Container\\BoundMethod::callBoundMethod()
#4 /tmp/photos/vendor/laravel/framework/src/Illuminate/Container/Container.php(662): Illuminate\\Container\\BoundMethod::call()
#5 /tmp/photos/vendor/laravel/framework/src/Illuminate/Database/Seeder.php(184): Illuminate\\Container\\Container->call()
#6 /tmp/photos/vendor/laravel/framework/src/Illuminate/Database/Seeder.php(193): Illuminate\\Database\\Seeder->Illuminate\\Database\\{closure}()
#7 /tmp/photos/vendor/laravel/framework/src/Illuminate/Database/Console/Seeds/SeedCommand.php(70): Illuminate\\Database\\Seeder->__invoke()
#8 /tmp/photos/vendor/laravel/framework/src/Illuminate/Database/Eloquent/Concerns/GuardsAttributes.php(155): Illuminate\\Database\\Console\\Seeds\\SeedCommand->Illuminate\\Database\\Console\\Seeds\\{closure}()
#9 /tmp/photos/vendor/laravel/framework/src/Illuminate/Database/Console/Seeds/SeedCommand.php(69): Illuminate\\Database\\Eloquent\\Model::unguarded()
#10 /tmp/photos/vendor/laravel/framework/src/Illuminate/Container/BoundMethod.php(36): Illuminate\\Database\\Console\\Seeds\\SeedCommand->handle()
#11 /tmp/photos/vendor/laravel/framework/src/Illuminate/Container/Util.php(41): Illuminate\\Container\\BoundMethod::Illuminate\\Container\\{closure}()
#12 /tmp/photos/vendor/laravel/framework/src/Illuminate/Container/BoundMethod.php(93): Illuminate\\Container\\Util::unwrapIfClosure()
#13 /tmp/photos/vendor/laravel/framework/src/Illuminate/Container/BoundMethod.php(35): Illuminate\\Container\\BoundMethod::callBoundMethod()
#14 /tmp/photos/vendor/laravel/framework/src/Illuminate/Container/Container.php(662): Illuminate\\Container\\BoundMethod::call()
#15 /tmp/photos/vendor/laravel/framework/src/Illuminate/Console/Command.php(211): Illuminate\\Container\\Container->call()
#16 /tmp/photos/vendor/symfony/console/Command/Command.php(326): Illuminate\\Console\\Command->execute()
#17 /tmp/photos/vendor/laravel/framework/src/Illuminate/Console/Command.php(180): Symfony\\Component\\Console\\Command\\Command->run()
#18 /tmp/photos/vendor/symfony/console/Application.php(1081): Illuminate\\Console\\Command->run()
#19 /tmp/photos/vendor/symfony/console/Application.php(320): Symfony\\Component\\Console\\Application->doRunCommand()
#20 /tmp/photos/vendor/symfony/console/Application.php(174): Symfony\\Component\\Console\\Application->doRun()
#21 /tmp/photos/vendor/laravel/framework/src/Illuminate/Foundation/Console/Kernel.php(201): Symfony\\Component\\Console\\Application->run()
#22 /tmp/photos/artisan(35): Illuminate\\Foundation\\Console\\Kernel->handle()
#23 {main}
"} 
[2023-11-05 15:19:14] local.ERROR: SQLSTATE[42S02]: Base table or view not found: 1146 Table 'photos.tags' doesn't exist (Connection: mysql, SQL: insert into `tags` (`nom`, `updated_at`, `created_at`) values (neige, 2023-11-05 15:19:14, 2023-11-05 15:19:14)) {"exception":"[object] (Illuminate\\Database\\QueryException(code: 42S02): SQLSTATE[42S02]: Base table or view not found: 1146 Table 'photos.tags' doesn't exist (Connection: mysql, SQL: insert into `tags` (`nom`, `updated_at`, `created_at`) values (neige, 2023-11-05 15:19:14, 2023-11-05 15:19:14)) at /tmp/photos/vendor/laravel/framework/src/Illuminate/Database/Connection.php:822)
[stacktrace]
#0 /tmp/photos/vendor/laravel/framework/src/Illuminate/Database/Connection.php(776): Illuminate\\Database\\Connection->runQueryCallback()
#1 /tmp/photos/vendor/laravel/framework/src/Illuminate/Database/Connection.php(569): Illuminate\\Database\\Connection->run()
#2 /tmp/photos/vendor/laravel/framework/src/Illuminate/Database/Connection.php(533): Illuminate\\Database\\Connection->statement()
#3 /tmp/photos/vendor/laravel/framework/src/Illuminate/Database/Query/Processors/Processor.php(32): Illuminate\\Database\\Connection->insert()
#4 /tmp/photos/vendor/laravel/framework/src/Illuminate/Database/Query/Builder.php(3387): Illuminate\\Database\\Query\\Processors\\Processor->processInsertGetId()
#5 /tmp/photos/vendor/laravel/framework/src/Illuminate/Database/Eloquent/Builder.php(1968): Illuminate\\Database\\Query\\Builder->insertGetId()
#6 /tmp/photos/vendor/laravel/framework/src/Illuminate/Database/Eloquent/Model.php(1333): Illuminate\\Database\\Eloquent\\Builder->__call()
#7 /tmp/photos/vendor/laravel/framework/src/Illuminate/Database/Eloquent/Model.php(1298): Illuminate\\Database\\Eloquent\\Model->insertAndSetId()
#8 /tmp/photos/vendor/laravel/framework/src/Illuminate/Database/Eloquent/Model.php(1137): Illuminate\\Database\\Eloquent\\Model->performInsert()
#9 /tmp/photos/vendor/laravel/framework/src/Illuminate/Database/Eloquent/Builder.php(1023): Illuminate\\Database\\Eloquent\\Model->save()
#10 /tmp/photos/vendor/laravel/framework/src/Illuminate/Support/helpers.php(307): Illuminate\\Database\\Eloquent\\Builder->Illuminate\\Database\\Eloquent\\{closure}()
#11 /tmp/photos/vendor/laravel/framework/src/Illuminate/Database/Eloquent/Builder.php(1022): tap()
#12 /tmp/photos/vendor/laravel/framework/src/Illuminate/Support/Traits/ForwardsCalls.php(23): Illuminate\\Database\\Eloquent\\Builder->create()
#13 /tmp/photos/vendor/laravel/framework/src/Illuminate/Database/Eloquent/Model.php(2334): Illuminate\\Database\\Eloquent\\Model->forwardCallTo()
#14 /tmp/photos/vendor/laravel/framework/src/Illuminate/Database/Eloquent/Model.php(2346): Illuminate\\Database\\Eloquent\\Model->__call()
#15 /tmp/photos/database/seeders/DatabaseSeeder.php(21): Illuminate\\Database\\Eloquent\\Model::__callStatic()
#16 /tmp/photos/vendor/laravel/framework/src/Illuminate/Container/BoundMethod.php(36): Database\\Seeders\\DatabaseSeeder->run()
#17 /tmp/photos/vendor/laravel/framework/src/Illuminate/Container/Util.php(41): Illuminate\\Container\\BoundMethod::Illuminate\\Container\\{closure}()
#18 /tmp/photos/vendor/laravel/framework/src/Illuminate/Container/BoundMethod.php(93): Illuminate\\Container\\Util::unwrapIfClosure()
#19 /tmp/photos/vendor/laravel/framework/src/Illuminate/Container/BoundMethod.php(35): Illuminate\\Container\\BoundMethod::callBoundMethod()
#20 /tmp/photos/vendor/laravel/framework/src/Illuminate/Container/Container.php(662): Illuminate\\Container\\BoundMethod::call()
#21 /tmp/photos/vendor/laravel/framework/src/Illuminate/Database/Seeder.php(184): Illuminate\\Container\\Container->call()
#22 /tmp/photos/vendor/laravel/framework/src/Illuminate/Database/Seeder.php(193): Illuminate\\Database\\Seeder->Illuminate\\Database\\{closure}()
#23 /tmp/photos/vendor/laravel/framework/src/Illuminate/Database/Console/Seeds/SeedCommand.php(70): Illuminate\\Database\\Seeder->__invoke()
#24 /tmp/photos/vendor/laravel/framework/src/Illuminate/Database/Eloquent/Concerns/GuardsAttributes.php(155): Illuminate\\Database\\Console\\Seeds\\SeedCommand->Illuminate\\Database\\Console\\Seeds\\{closure}()
#25 /tmp/photos/vendor/laravel/framework/src/Illuminate/Database/Console/Seeds/SeedCommand.php(69): Illuminate\\Database\\Eloquent\\Model::unguarded()
#26 /tmp/photos/vendor/laravel/framework/src/Illuminate/Container/BoundMethod.php(36): Illuminate\\Database\\Console\\Seeds\\SeedCommand->handle()
#27 /tmp/photos/vendor/laravel/framework/src/Illuminate/Container/Util.php(41): Illuminate\\Container\\BoundMethod::Illuminate\\Container\\{closure}()
#28 /tmp/photos/vendor/laravel/framework/src/Illuminate/Container/BoundMethod.php(93): Illuminate\\Container\\Util::unwrapIfClosure()
#29 /tmp/photos/vendor/laravel/framework/src/Illuminate/Container/BoundMethod.php(35): Illuminate\\Container\\BoundMethod::callBoundMethod()
#30 /tmp/photos/vendor/laravel/framework/src/Illuminate/Container/Container.php(662): Illuminate\\Container\\BoundMethod::call()
#31 /tmp/photos/vendor/laravel/framework/src/Illuminate/Console/Command.php(211): Illuminate\\Container\\Container->call()
#32 /tmp/photos/vendor/symfony/console/Command/Command.php(326): Illuminate\\Console\\Command->execute()
#33 /tmp/photos/vendor/laravel/framework/src/Illuminate/Console/Command.php(180): Symfony\\Component\\Console\\Command\\Command->run()
#34 /tmp/photos/vendor/symfony/console/Application.php(1081): Illuminate\\Console\\Command->run()
#35 /tmp/photos/vendor/symfony/console/Application.php(320): Symfony\\Component\\Console\\Application->doRunCommand()
#36 /tmp/photos/vendor/symfony/console/Application.php(174): Symfony\\Component\\Console\\Application->doRun()
#37 /tmp/photos/vendor/laravel/framework/src/Illuminate/Foundation/Console/Kernel.php(201): Symfony\\Component\\Console\\Application->run()
#38 /tmp/photos/artisan(35): Illuminate\\Foundation\\Console\\Kernel->handle()
#39 {main}

[previous exception] [object] (PDOException(code: 42S02): SQLSTATE[42S02]: Base table or view not found: 1146 Table 'photos.tags' doesn't exist at /tmp/photos/vendor/laravel/framework/src/Illuminate/Database/Connection.php:574)
[stacktrace]
#0 /tmp/photos/vendor/laravel/framework/src/Illuminate/Database/Connection.php(574): PDO->prepare()
#1 /tmp/photos/vendor/laravel/framework/src/Illuminate/Database/Connection.php(809): Illuminate\\Database\\Connection->Illuminate\\Database\\{closure}()
#2 /tmp/photos/vendor/laravel/framework/src/Illuminate/Database/Connection.php(776): Illuminate\\Database\\Connection->runQueryCallback()
#3 /tmp/photos/vendor/laravel/framework/src/Illuminate/Database/Connection.php(569): Illuminate\\Database\\Connection->run()
#4 /tmp/photos/vendor/laravel/framework/src/Illuminate/Database/Connection.php(533): Illuminate\\Database\\Connection->statement()
#5 /tmp/photos/vendor/laravel/framework/src/Illuminate/Database/Query/Processors/Processor.php(32): Illuminate\\Database\\Connection->insert()
#6 /tmp/photos/vendor/laravel/framework/src/Illuminate/Database/Query/Builder.php(3387): Illuminate\\Database\\Query\\Processors\\Processor->processInsertGetId()
#7 /tmp/photos/vendor/laravel/framework/src/Illuminate/Database/Eloquent/Builder.php(1968): Illuminate\\Database\\Query\\Builder->insertGetId()
#8 /tmp/photos/vendor/laravel/framework/src/Illuminate/Database/Eloquent/Model.php(1333): Illuminate\\Database\\Eloquent\\Builder->__call()
#9 /tmp/photos/vendor/laravel/framework/src/Illuminate/Database/Eloquent/Model.php(1298): Illuminate\\Database\\Eloquent\\Model->insertAndSetId()
#10 /tmp/photos/vendor/laravel/framework/src/Illuminate/Database/Eloquent/Model.php(1137): Illuminate\\Database\\Eloquent\\Model->performInsert()
#11 /tmp/photos/vendor/laravel/framework/src/Illuminate/Database/Eloquent/Builder.php(1023): Illuminate\\Database\\Eloquent\\Model->save()
#12 /tmp/photos/vendor/laravel/framework/src/Illuminate/Support/helpers.php(307): Illuminate\\Database\\Eloquent\\Builder->Illuminate\\Database\\Eloquent\\{closure}()
#13 /tmp/photos/vendor/laravel/framework/src/Illuminate/Database/Eloquent/Builder.php(1022): tap()
#14 /tmp/photos/vendor/laravel/framework/src/Illuminate/Support/Traits/ForwardsCalls.php(23): Illuminate\\Database\\Eloquent\\Builder->create()
#15 /tmp/photos/vendor/laravel/framework/src/Illuminate/Database/Eloquent/Model.php(2334): Illuminate\\Database\\Eloquent\\Model->forwardCallTo()
#16 /tmp/photos/vendor/laravel/framework/src/Illuminate/Database/Eloquent/Model.php(2346): Illuminate\\Database\\Eloquent\\Model->__call()
#17 /tmp/photos/database/seeders/DatabaseSeeder.php(21): Illuminate\\Database\\Eloquent\\Model::__callStatic()
#18 /tmp/photos/vendor/laravel/framework/src/Illuminate/Container/BoundMethod.php(36): Database\\Seeders\\DatabaseSeeder->run()
#19 /tmp/photos/vendor/laravel/framework/src/Illuminate/Container/Util.php(41): Illuminate\\Container\\BoundMethod::Illuminate\\Container\\{closure}()
#20 /tmp/photos/vendor/laravel/framework/src/Illuminate/Container/BoundMethod.php(93): Illuminate\\Container\\Util::unwrapIfClosure()
#21 /tmp/photos/vendor/laravel/framework/src/Illuminate/Container/BoundMethod.php(35): Illuminate\\Container\\BoundMethod::callBoundMethod()
#22 /tmp/photos/vendor/laravel/framework/src/Illuminate/Container/Container.php(662): Illuminate\\Container\\BoundMethod::call()
#23 /tmp/photos/vendor/laravel/framework/src/Illuminate/Database/Seeder.php(184): Illuminate\\Container\\Container->call()
#24 /tmp/photos/vendor/laravel/framework/src/Illuminate/Database/Seeder.php(193): Illuminate\\Database\\Seeder->Illuminate\\Database\\{closure}()
#25 /tmp/photos/vendor/laravel/framework/src/Illuminate/Database/Console/Seeds/SeedCommand.php(70): Illuminate\\Database\\Seeder->__invoke()
#26 /tmp/photos/vendor/laravel/framework/src/Illuminate/Database/Eloquent/Concerns/GuardsAttributes.php(155): Illuminate\\Database\\Console\\Seeds\\SeedCommand->Illuminate\\Database\\Console\\Seeds\\{closure}()
#27 /tmp/photos/vendor/laravel/framework/src/Illuminate/Database/Console/Seeds/SeedCommand.php(69): Illuminate\\Database\\Eloquent\\Model::unguarded()
#28 /tmp/photos/vendor/laravel/framework/src/Illuminate/Container/BoundMethod.php(36): Illuminate\\Database\\Console\\Seeds\\SeedCommand->handle()
#29 /tmp/photos/vendor/laravel/framework/src/Illuminate/Container/Util.php(41): Illuminate\\Container\\BoundMethod::Illuminate\\Container\\{closure}()
#30 /tmp/photos/vendor/laravel/framework/src/Illuminate/Container/BoundMethod.php(93): Illuminate\\Container\\Util::unwrapIfClosure()
#31 /tmp/photos/vendor/laravel/framework/src/Illuminate/Container/BoundMethod.php(35): Illuminate\\Container\\BoundMethod::callBoundMethod()
#32 /tmp/photos/vendor/laravel/framework/src/Illuminate/Container/Container.php(662): Illuminate\\Container\\BoundMethod::call()
#33 /tmp/photos/vendor/laravel/framework/src/Illuminate/Console/Command.php(211): Illuminate\\Container\\Container->call()
#34 /tmp/photos/vendor/symfony/console/Command/Command.php(326): Illuminate\\Console\\Command->execute()
#35 /tmp/photos/vendor/laravel/framework/src/Illuminate/Console/Command.php(180): Symfony\\Component\\Console\\Command\\Command->run()
#36 /tmp/photos/vendor/symfony/console/Application.php(1081): Illuminate\\Console\\Command->run()
#37 /tmp/photos/vendor/symfony/console/Application.php(320): Symfony\\Component\\Console\\Application->doRunCommand()
#38 /tmp/photos/vendor/symfony/console/Application.php(174): Symfony\\Component\\Console\\Application->doRun()
#39 /tmp/photos/vendor/laravel/framework/src/Illuminate/Foundation/Console/Kernel.php(201): Symfony\\Component\\Console\\Application->run()
#40 /tmp/photos/artisan(35): Illuminate\\Foundation\\Console\\Kernel->handle()
#41 {main}
"} 
[2023-11-05 15:33:01] local.ERROR: SQLSTATE[21S01]: Insert value list does not match column list: 1136 Column count doesn't match value count at row 1 (Connection: mysql, SQL: INSERT INTO possede_tag values(NULL, 1, 1)) {"exception":"[object] (Illuminate\\Database\\QueryException(code: 21S01): SQLSTATE[21S01]: Insert value list does not match column list: 1136 Column count doesn't match value count at row 1 (Connection: mysql, SQL: INSERT INTO possede_tag values(NULL, 1, 1)) at /tmp/photos/vendor/laravel/framework/src/Illuminate/Database/Connection.php:822)
[stacktrace]
#0 /tmp/photos/vendor/laravel/framework/src/Illuminate/Database/Connection.php(776): Illuminate\\Database\\Connection->runQueryCallback()
#1 /tmp/photos/vendor/laravel/framework/src/Illuminate/Database/Connection.php(569): Illuminate\\Database\\Connection->run()
#2 /tmp/photos/vendor/laravel/framework/src/Illuminate/Database/Connection.php(533): Illuminate\\Database\\Connection->statement()
#3 /tmp/photos/vendor/laravel/framework/src/Illuminate/Database/DatabaseManager.php(469): Illuminate\\Database\\Connection->insert()
#4 /tmp/photos/vendor/laravel/framework/src/Illuminate/Support/Facades/Facade.php(353): Illuminate\\Database\\DatabaseManager->__call()
#5 /tmp/photos/database/seeders/DatabaseSeeder.php(32): Illuminate\\Support\\Facades\\Facade::__callStatic()
#6 /tmp/photos/vendor/laravel/framework/src/Illuminate/Container/BoundMethod.php(36): Database\\Seeders\\DatabaseSeeder->run()
#7 /tmp/photos/vendor/laravel/framework/src/Illuminate/Container/Util.php(41): Illuminate\\Container\\BoundMethod::Illuminate\\Container\\{closure}()
#8 /tmp/photos/vendor/laravel/framework/src/Illuminate/Container/BoundMethod.php(93): Illuminate\\Container\\Util::unwrapIfClosure()
#9 /tmp/photos/vendor/laravel/framework/src/Illuminate/Container/BoundMethod.php(35): Illuminate\\Container\\BoundMethod::callBoundMethod()
#10 /tmp/photos/vendor/laravel/framework/src/Illuminate/Container/Container.php(662): Illuminate\\Container\\BoundMethod::call()
#11 /tmp/photos/vendor/laravel/framework/src/Illuminate/Database/Seeder.php(184): Illuminate\\Container\\Container->call()
#12 /tmp/photos/vendor/laravel/framework/src/Illuminate/Database/Seeder.php(193): Illuminate\\Database\\Seeder->Illuminate\\Database\\{closure}()
#13 /tmp/photos/vendor/laravel/framework/src/Illuminate/Database/Console/Seeds/SeedCommand.php(70): Illuminate\\Database\\Seeder->__invoke()
#14 /tmp/photos/vendor/laravel/framework/src/Illuminate/Database/Eloquent/Concerns/GuardsAttributes.php(155): Illuminate\\Database\\Console\\Seeds\\SeedCommand->Illuminate\\Database\\Console\\Seeds\\{closure}()
#15 /tmp/photos/vendor/laravel/framework/src/Illuminate/Database/Console/Seeds/SeedCommand.php(69): Illuminate\\Database\\Eloquent\\Model::unguarded()
#16 /tmp/photos/vendor/laravel/framework/src/Illuminate/Container/BoundMethod.php(36): Illuminate\\Database\\Console\\Seeds\\SeedCommand->handle()
#17 /tmp/photos/vendor/laravel/framework/src/Illuminate/Container/Util.php(41): Illuminate\\Container\\BoundMethod::Illuminate\\Container\\{closure}()
#18 /tmp/photos/vendor/laravel/framework/src/Illuminate/Container/BoundMethod.php(93): Illuminate\\Container\\Util::unwrapIfClosure()
#19 /tmp/photos/vendor/laravel/framework/src/Illuminate/Container/BoundMethod.php(35): Illuminate\\Container\\BoundMethod::callBoundMethod()
#20 /tmp/photos/vendor/laravel/framework/src/Illuminate/Container/Container.php(662): Illuminate\\Container\\BoundMethod::call()
#21 /tmp/photos/vendor/laravel/framework/src/Illuminate/Console/Command.php(211): Illuminate\\Container\\Container->call()
#22 /tmp/photos/vendor/symfony/console/Command/Command.php(326): Illuminate\\Console\\Command->execute()
#23 /tmp/photos/vendor/laravel/framework/src/Illuminate/Console/Command.php(180): Symfony\\Component\\Console\\Command\\Command->run()
#24 /tmp/photos/vendor/laravel/framework/src/Illuminate/Console/Concerns/CallsCommands.php(67): Illuminate\\Console\\Command->run()
#25 /tmp/photos/vendor/laravel/framework/src/Illuminate/Console/Concerns/CallsCommands.php(28): Illuminate\\Console\\Command->runCommand()
#26 /tmp/photos/vendor/laravel/framework/src/Illuminate/Database/Console/Migrations/FreshCommand.php(93): Illuminate\\Console\\Command->call()
#27 /tmp/photos/vendor/laravel/framework/src/Illuminate/Database/Console/Migrations/FreshCommand.php(69): Illuminate\\Database\\Console\\Migrations\\FreshCommand->runSeeder()
#28 /tmp/photos/vendor/laravel/framework/src/Illuminate/Container/BoundMethod.php(36): Illuminate\\Database\\Console\\Migrations\\FreshCommand->handle()
#29 /tmp/photos/vendor/laravel/framework/src/Illuminate/Container/Util.php(41): Illuminate\\Container\\BoundMethod::Illuminate\\Container\\{closure}()
#30 /tmp/photos/vendor/laravel/framework/src/Illuminate/Container/BoundMethod.php(93): Illuminate\\Container\\Util::unwrapIfClosure()
#31 /tmp/photos/vendor/laravel/framework/src/Illuminate/Container/BoundMethod.php(35): Illuminate\\Container\\BoundMethod::callBoundMethod()
#32 /tmp/photos/vendor/laravel/framework/src/Illuminate/Container/Container.php(662): Illuminate\\Container\\BoundMethod::call()
#33 /tmp/photos/vendor/laravel/framework/src/Illuminate/Console/Command.php(211): Illuminate\\Container\\Container->call()
#34 /tmp/photos/vendor/symfony/console/Command/Command.php(326): Illuminate\\Console\\Command->execute()
#35 /tmp/photos/vendor/laravel/framework/src/Illuminate/Console/Command.php(180): Symfony\\Component\\Console\\Command\\Command->run()
#36 /tmp/photos/vendor/symfony/console/Application.php(1081): Illuminate\\Console\\Command->run()
#37 /tmp/photos/vendor/symfony/console/Application.php(320): Symfony\\Component\\Console\\Application->doRunCommand()
#38 /tmp/photos/vendor/symfony/console/Application.php(174): Symfony\\Component\\Console\\Application->doRun()
#39 /tmp/photos/vendor/laravel/framework/src/Illuminate/Foundation/Console/Kernel.php(201): Symfony\\Component\\Console\\Application->run()
#40 /tmp/photos/artisan(35): Illuminate\\Foundation\\Console\\Kernel->handle()
#41 {main}

[previous exception] [object] (PDOException(code: 21S01): SQLSTATE[21S01]: Insert value list does not match column list: 1136 Column count doesn't match value count at row 1 at /tmp/photos/vendor/laravel/framework/src/Illuminate/Database/Connection.php:574)
[stacktrace]
#0 /tmp/photos/vendor/laravel/framework/src/Illuminate/Database/Connection.php(574): PDO->prepare()
#1 /tmp/photos/vendor/laravel/framework/src/Illuminate/Database/Connection.php(809): Illuminate\\Database\\Connection->Illuminate\\Database\\{closure}()
#2 /tmp/photos/vendor/laravel/framework/src/Illuminate/Database/Connection.php(776): Illuminate\\Database\\Connection->runQueryCallback()
#3 /tmp/photos/vendor/laravel/framework/src/Illuminate/Database/Connection.php(569): Illuminate\\Database\\Connection->run()
#4 /tmp/photos/vendor/laravel/framework/src/Illuminate/Database/Connection.php(533): Illuminate\\Database\\Connection->statement()
#5 /tmp/photos/vendor/laravel/framework/src/Illuminate/Database/DatabaseManager.php(469): Illuminate\\Database\\Connection->insert()
#6 /tmp/photos/vendor/laravel/framework/src/Illuminate/Support/Facades/Facade.php(353): Illuminate\\Database\\DatabaseManager->__call()
#7 /tmp/photos/database/seeders/DatabaseSeeder.php(32): Illuminate\\Support\\Facades\\Facade::__callStatic()
#8 /tmp/photos/vendor/laravel/framework/src/Illuminate/Container/BoundMethod.php(36): Database\\Seeders\\DatabaseSeeder->run()
#9 /tmp/photos/vendor/laravel/framework/src/Illuminate/Container/Util.php(41): Illuminate\\Container\\BoundMethod::Illuminate\\Container\\{closure}()
#10 /tmp/photos/vendor/laravel/framework/src/Illuminate/Container/BoundMethod.php(93): Illuminate\\Container\\Util::unwrapIfClosure()
#11 /tmp/photos/vendor/laravel/framework/src/Illuminate/Container/BoundMethod.php(35): Illuminate\\Container\\BoundMethod::callBoundMethod()
#12 /tmp/photos/vendor/laravel/framework/src/Illuminate/Container/Container.php(662): Illuminate\\Container\\BoundMethod::call()
#13 /tmp/photos/vendor/laravel/framework/src/Illuminate/Database/Seeder.php(184): Illuminate\\Container\\Container->call()
#14 /tmp/photos/vendor/laravel/framework/src/Illuminate/Database/Seeder.php(193): Illuminate\\Database\\Seeder->Illuminate\\Database\\{closure}()
#15 /tmp/photos/vendor/laravel/framework/src/Illuminate/Database/Console/Seeds/SeedCommand.php(70): Illuminate\\Database\\Seeder->__invoke()
#16 /tmp/photos/vendor/laravel/framework/src/Illuminate/Database/Eloquent/Concerns/GuardsAttributes.php(155): Illuminate\\Database\\Console\\Seeds\\SeedCommand->Illuminate\\Database\\Console\\Seeds\\{closure}()
#17 /tmp/photos/vendor/laravel/framework/src/Illuminate/Database/Console/Seeds/SeedCommand.php(69): Illuminate\\Database\\Eloquent\\Model::unguarded()
#18 /tmp/photos/vendor/laravel/framework/src/Illuminate/Container/BoundMethod.php(36): Illuminate\\Database\\Console\\Seeds\\SeedCommand->handle()
#19 /tmp/photos/vendor/laravel/framework/src/Illuminate/Container/Util.php(41): Illuminate\\Container\\BoundMethod::Illuminate\\Container\\{closure}()
#20 /tmp/photos/vendor/laravel/framework/src/Illuminate/Container/BoundMethod.php(93): Illuminate\\Container\\Util::unwrapIfClosure()
#21 /tmp/photos/vendor/laravel/framework/src/Illuminate/Container/BoundMethod.php(35): Illuminate\\Container\\BoundMethod::callBoundMethod()
#22 /tmp/photos/vendor/laravel/framework/src/Illuminate/Container/Container.php(662): Illuminate\\Container\\BoundMethod::call()
#23 /tmp/photos/vendor/laravel/framework/src/Illuminate/Console/Command.php(211): Illuminate\\Container\\Container->call()
#24 /tmp/photos/vendor/symfony/console/Command/Command.php(326): Illuminate\\Console\\Command->execute()
#25 /tmp/photos/vendor/laravel/framework/src/Illuminate/Console/Command.php(180): Symfony\\Component\\Console\\Command\\Command->run()
#26 /tmp/photos/vendor/laravel/framework/src/Illuminate/Console/Concerns/CallsCommands.php(67): Illuminate\\Console\\Command->run()
#27 /tmp/photos/vendor/laravel/framework/src/Illuminate/Console/Concerns/CallsCommands.php(28): Illuminate\\Console\\Command->runCommand()
#28 /tmp/photos/vendor/laravel/framework/src/Illuminate/Database/Console/Migrations/FreshCommand.php(93): Illuminate\\Console\\Command->call()
#29 /tmp/photos/vendor/laravel/framework/src/Illuminate/Database/Console/Migrations/FreshCommand.php(69): Illuminate\\Database\\Console\\Migrations\\FreshCommand->runSeeder()
#30 /tmp/photos/vendor/laravel/framework/src/Illuminate/Container/BoundMethod.php(36): Illuminate\\Database\\Console\\Migrations\\FreshCommand->handle()
#31 /tmp/photos/vendor/laravel/framework/src/Illuminate/Container/Util.php(41): Illuminate\\Container\\BoundMethod::Illuminate\\Container\\{closure}()
#32 /tmp/photos/vendor/laravel/framework/src/Illuminate/Container/BoundMethod.php(93): Illuminate\\Container\\Util::unwrapIfClosure()
#33 /tmp/photos/vendor/laravel/framework/src/Illuminate/Container/BoundMethod.php(35): Illuminate\\Container\\BoundMethod::callBoundMethod()
#34 /tmp/photos/vendor/laravel/framework/src/Illuminate/Container/Container.php(662): Illuminate\\Container\\BoundMethod::call()
#35 /tmp/photos/vendor/laravel/framework/src/Illuminate/Console/Command.php(211): Illuminate\\Container\\Container->call()
#36 /tmp/photos/vendor/symfony/console/Command/Command.php(326): Illuminate\\Console\\Command->execute()
#37 /tmp/photos/vendor/laravel/framework/src/Illuminate/Console/Command.php(180): Symfony\\Component\\Console\\Command\\Command->run()
#38 /tmp/photos/vendor/symfony/console/Application.php(1081): Illuminate\\Console\\Command->run()
#39 /tmp/photos/vendor/symfony/console/Application.php(320): Symfony\\Component\\Console\\Application->doRunCommand()
#40 /tmp/photos/vendor/symfony/console/Application.php(174): Symfony\\Component\\Console\\Application->doRun()
#41 /tmp/photos/vendor/laravel/framework/src/Illuminate/Foundation/Console/Kernel.php(201): Symfony\\Component\\Console\\Application->run()
#42 /tmp/photos/artisan(35): Illuminate\\Foundation\\Console\\Kernel->handle()
#43 {main}
"} 
[2023-11-05 15:38:40] local.ERROR: Class "Tags" not found {"exception":"[object] (Error(code: 0): Class \"Tags\" not found at /tmp/photos/routes/web.php:24)
[stacktrace]
#0 /tmp/photos/vendor/laravel/framework/src/Illuminate/Routing/CallableDispatcher.php(40): Illuminate\\Routing\\RouteFileRegistrar->{closure}()
#1 /tmp/photos/vendor/laravel/framework/src/Illuminate/Routing/Route.php(237): Illuminate\\Routing\\CallableDispatcher->dispatch()
#2 /tmp/photos/vendor/laravel/framework/src/Illuminate/Routing/Route.php(208): Illuminate\\Routing\\Route->runCallable()
#3 /tmp/photos/vendor/laravel/framework/src/Illuminate/Routing/Router.php(799): Illuminate\\Routing\\Route->run()
#4 /tmp/photos/vendor/laravel/framework/src/Illuminate/Pipeline/Pipeline.php(141): Illuminate\\Routing\\Router->Illuminate\\Routing\\{closure}()
#5 /tmp/photos/vendor/laravel/framework/src/Illuminate/Routing/Middleware/SubstituteBindings.php(50): Illuminate\\Pipeline\\Pipeline->Illuminate\\Pipeline\\{closure}()
#6 /tmp/photos/vendor/laravel/framework/src/Illuminate/Pipeline/Pipeline.php(180): Illuminate\\Routing\\Middleware\\SubstituteBindings->handle()
#7 /tmp/photos/vendor/laravel/framework/src/Illuminate/Foundation/Http/Middleware/VerifyCsrfToken.php(78): Illuminate\\Pipeline\\Pipeline->Illuminate\\Pipeline\\{closure}()
#8 /tmp/photos/vendor/laravel/framework/src/Illuminate/Pipeline/Pipeline.php(180): Illuminate\\Foundation\\Http\\Middleware\\VerifyCsrfToken->handle()
#9 /tmp/photos/vendor/laravel/framework/src/Illuminate/View/Middleware/ShareErrorsFromSession.php(49): Illuminate\\Pipeline\\Pipeline->Illuminate\\Pipeline\\{closure}()
#10 /tmp/photos/vendor/laravel/framework/src/Illuminate/Pipeline/Pipeline.php(180): Illuminate\\View\\Middleware\\ShareErrorsFromSession->handle()
#11 /tmp/photos/vendor/laravel/framework/src/Illuminate/Session/Middleware/StartSession.php(121): Illuminate\\Pipeline\\Pipeline->Illuminate\\Pipeline\\{closure}()
#12 /tmp/photos/vendor/laravel/framework/src/Illuminate/Session/Middleware/StartSession.php(64): Illuminate\\Session\\Middleware\\StartSession->handleStatefulRequest()
#13 /tmp/photos/vendor/laravel/framework/src/Illuminate/Pipeline/Pipeline.php(180): Illuminate\\Session\\Middleware\\StartSession->handle()
#14 /tmp/photos/vendor/laravel/framework/src/Illuminate/Cookie/Middleware/AddQueuedCookiesToResponse.php(37): Illuminate\\Pipeline\\Pipeline->Illuminate\\Pipeline\\{closure}()
#15 /tmp/photos/vendor/laravel/framework/src/Illuminate/Pipeline/Pipeline.php(180): Illuminate\\Cookie\\Middleware\\AddQueuedCookiesToResponse->handle()
#16 /tmp/photos/vendor/laravel/framework/src/Illuminate/Cookie/Middleware/EncryptCookies.php(67): Illuminate\\Pipeline\\Pipeline->Illuminate\\Pipeline\\{closure}()
#17 /tmp/photos/vendor/laravel/framework/src/Illuminate/Pipeline/Pipeline.php(180): Illuminate\\Cookie\\Middleware\\EncryptCookies->handle()
#18 /tmp/photos/vendor/laravel/framework/src/Illuminate/Pipeline/Pipeline.php(116): Illuminate\\Pipeline\\Pipeline->Illuminate\\Pipeline\\{closure}()
#19 /tmp/photos/vendor/laravel/framework/src/Illuminate/Routing/Router.php(798): Illuminate\\Pipeline\\Pipeline->then()
#20 /tmp/photos/vendor/laravel/framework/src/Illuminate/Routing/Router.php(777): Illuminate\\Routing\\Router->runRouteWithinStack()
#21 /tmp/photos/vendor/laravel/framework/src/Illuminate/Routing/Router.php(741): Illuminate\\Routing\\Router->runRoute()
#22 /tmp/photos/vendor/laravel/framework/src/Illuminate/Routing/Router.php(730): Illuminate\\Routing\\Router->dispatchToRoute()
#23 /tmp/photos/vendor/laravel/framework/src/Illuminate/Foundation/Http/Kernel.php(200): Illuminate\\Routing\\Router->dispatch()
#24 /tmp/photos/vendor/laravel/framework/src/Illuminate/Pipeline/Pipeline.php(141): Illuminate\\Foundation\\Http\\Kernel->Illuminate\\Foundation\\Http\\{closure}()
#25 /tmp/photos/vendor/laravel/framework/src/Illuminate/Foundation/Http/Middleware/TransformsRequest.php(21): Illuminate\\Pipeline\\Pipeline->Illuminate\\Pipeline\\{closure}()
#26 /tmp/photos/vendor/laravel/framework/src/Illuminate/Foundation/Http/Middleware/ConvertEmptyStringsToNull.php(31): Illuminate\\Foundation\\Http\\Middleware\\TransformsRequest->handle()
#27 /tmp/photos/vendor/laravel/framework/src/Illuminate/Pipeline/Pipeline.php(180): Illuminate\\Foundation\\Http\\Middleware\\ConvertEmptyStringsToNull->handle()
#28 /tmp/photos/vendor/laravel/framework/src/Illuminate/Foundation/Http/Middleware/TransformsRequest.php(21): Illuminate\\Pipeline\\Pipeline->Illuminate\\Pipeline\\{closure}()
#29 /tmp/photos/vendor/laravel/framework/src/Illuminate/Foundation/Http/Middleware/TrimStrings.php(40): Illuminate\\Foundation\\Http\\Middleware\\TransformsRequest->handle()
#30 /tmp/photos/vendor/laravel/framework/src/Illuminate/Pipeline/Pipeline.php(180): Illuminate\\Foundation\\Http\\Middleware\\TrimStrings->handle()
#31 /tmp/photos/vendor/laravel/framework/src/Illuminate/Foundation/Http/Middleware/ValidatePostSize.php(27): Illuminate\\Pipeline\\Pipeline->Illuminate\\Pipeline\\{closure}()
#32 /tmp/photos/vendor/laravel/framework/src/Illuminate/Pipeline/Pipeline.php(180): Illuminate\\Foundation\\Http\\Middleware\\ValidatePostSize->handle()
#33 /tmp/photos/vendor/laravel/framework/src/Illuminate/Foundation/Http/Middleware/PreventRequestsDuringMaintenance.php(99): Illuminate\\Pipeline\\Pipeline->Illuminate\\Pipeline\\{closure}()
#34 /tmp/photos/vendor/laravel/framework/src/Illuminate/Pipeline/Pipeline.php(180): Illuminate\\Foundation\\Http\\Middleware\\PreventRequestsDuringMaintenance->handle()
#35 /tmp/photos/vendor/laravel/framework/src/Illuminate/Http/Middleware/HandleCors.php(49): Illuminate\\Pipeline\\Pipeline->Illuminate\\Pipeline\\{closure}()
#36 /tmp/photos/vendor/laravel/framework/src/Illuminate/Pipeline/Pipeline.php(180): Illuminate\\Http\\Middleware\\HandleCors->handle()
#37 /tmp/photos/vendor/laravel/framework/src/Illuminate/Http/Middleware/TrustProxies.php(39): Illuminate\\Pipeline\\Pipeline->Illuminate\\Pipeline\\{closure}()
#38 /tmp/photos/vendor/laravel/framework/src/Illuminate/Pipeline/Pipeline.php(180): Illuminate\\Http\\Middleware\\TrustProxies->handle()
#39 /tmp/photos/vendor/laravel/framework/src/Illuminate/Pipeline/Pipeline.php(116): Illuminate\\Pipeline\\Pipeline->Illuminate\\Pipeline\\{closure}()
#40 /tmp/photos/vendor/laravel/framework/src/Illuminate/Foundation/Http/Kernel.php(175): Illuminate\\Pipeline\\Pipeline->then()
#41 /tmp/photos/vendor/laravel/framework/src/Illuminate/Foundation/Http/Kernel.php(144): Illuminate\\Foundation\\Http\\Kernel->sendRequestThroughRouter()
#42 /tmp/photos/public/index.php(51): Illuminate\\Foundation\\Http\\Kernel->handle()
#43 /tmp/photos/vendor/laravel/framework/src/Illuminate/Foundation/resources/server.php(16): require_once('...')
#44 {main}
"} 
[2023-11-05 15:44:05] local.ERROR: syntax error, unexpected identifier "dd" {"exception":"[object] (ParseError(code: 0): syntax error, unexpected identifier \"dd\" at /tmp/photos/routes/web.php:25)
[stacktrace]
#0 /tmp/photos/vendor/laravel/framework/src/Illuminate/Routing/Router.php(504): Illuminate\\Routing\\RouteFileRegistrar->register()
#1 /tmp/photos/vendor/laravel/framework/src/Illuminate/Routing/Router.php(458): Illuminate\\Routing\\Router->loadRoutes()
#2 /tmp/photos/vendor/laravel/framework/src/Illuminate/Routing/RouteRegistrar.php(192): Illuminate\\Routing\\Router->group()
#3 /tmp/photos/app/Providers/RouteServiceProvider.php(37): Illuminate\\Routing\\RouteRegistrar->group()
#4 /tmp/photos/vendor/laravel/framework/src/Illuminate/Container/BoundMethod.php(36): App\\Providers\\RouteServiceProvider->App\\Providers\\{closure}()
#5 /tmp/photos/vendor/laravel/framework/src/Illuminate/Container/Util.php(41): Illuminate\\Container\\BoundMethod::Illuminate\\Container\\{closure}()
#6 /tmp/photos/vendor/laravel/framework/src/Illuminate/Container/BoundMethod.php(81): Illuminate\\Container\\Util::unwrapIfClosure()
#7 /tmp/photos/vendor/laravel/framework/src/Illuminate/Container/BoundMethod.php(35): Illuminate\\Container\\BoundMethod::callBoundMethod()
#8 /tmp/photos/vendor/laravel/framework/src/Illuminate/Container/Container.php(662): Illuminate\\Container\\BoundMethod::call()
#9 /tmp/photos/vendor/laravel/framework/src/Illuminate/Foundation/Support/Providers/RouteServiceProvider.php(120): Illuminate\\Container\\Container->call()
#10 /tmp/photos/vendor/laravel/framework/src/Illuminate/Foundation/Support/Providers/RouteServiceProvider.php(45): Illuminate\\Foundation\\Support\\Providers\\RouteServiceProvider->loadRoutes()
#11 /tmp/photos/vendor/laravel/framework/src/Illuminate/Container/BoundMethod.php(36): Illuminate\\Foundation\\Support\\Providers\\RouteServiceProvider->Illuminate\\Foundation\\Support\\Providers\\{closure}()
#12 /tmp/photos/vendor/laravel/framework/src/Illuminate/Container/Util.php(41): Illuminate\\Container\\BoundMethod::Illuminate\\Container\\{closure}()
#13 /tmp/photos/vendor/laravel/framework/src/Illuminate/Container/BoundMethod.php(81): Illuminate\\Container\\Util::unwrapIfClosure()
#14 /tmp/photos/vendor/laravel/framework/src/Illuminate/Container/BoundMethod.php(35): Illuminate\\Container\\BoundMethod::callBoundMethod()
#15 /tmp/photos/vendor/laravel/framework/src/Illuminate/Container/Container.php(662): Illuminate\\Container\\BoundMethod::call()
#16 /tmp/photos/vendor/laravel/framework/src/Illuminate/Support/ServiceProvider.php(119): Illuminate\\Container\\Container->call()
#17 /tmp/photos/vendor/laravel/framework/src/Illuminate/Foundation/Application.php(1031): Illuminate\\Support\\ServiceProvider->callBootedCallbacks()
#18 /tmp/photos/vendor/laravel/framework/src/Illuminate/Foundation/Application.php(1009): Illuminate\\Foundation\\Application->bootProvider()
#19 [internal function]: Illuminate\\Foundation\\Application->Illuminate\\Foundation\\{closure}()
#20 /tmp/photos/vendor/laravel/framework/src/Illuminate/Foundation/Application.php(1008): array_walk()
#21 /tmp/photos/vendor/laravel/framework/src/Illuminate/Foundation/Bootstrap/BootProviders.php(17): Illuminate\\Foundation\\Application->boot()
#22 /tmp/photos/vendor/laravel/framework/src/Illuminate/Foundation/Application.php(261): Illuminate\\Foundation\\Bootstrap\\BootProviders->bootstrap()
#23 /tmp/photos/vendor/laravel/framework/src/Illuminate/Foundation/Http/Kernel.php(186): Illuminate\\Foundation\\Application->bootstrapWith()
#24 /tmp/photos/vendor/laravel/framework/src/Illuminate/Foundation/Http/Kernel.php(170): Illuminate\\Foundation\\Http\\Kernel->bootstrap()
#25 /tmp/photos/vendor/laravel/framework/src/Illuminate/Foundation/Http/Kernel.php(144): Illuminate\\Foundation\\Http\\Kernel->sendRequestThroughRouter()
#26 /tmp/photos/public/index.php(51): Illuminate\\Foundation\\Http\\Kernel->handle()
#27 /tmp/photos/vendor/laravel/framework/src/Illuminate/Foundation/resources/server.php(16): require_once('...')
#28 {main}
"} 
[2023-11-05 15:44:10] local.ERROR: Call to undefined function album() {"exception":"[object] (Error(code: 0): Call to undefined function album() at /tmp/photos/routes/web.php:24)
[stacktrace]
#0 /tmp/photos/vendor/laravel/framework/src/Illuminate/Routing/CallableDispatcher.php(40): Illuminate\\Routing\\RouteFileRegistrar->{closure}()
#1 /tmp/photos/vendor/laravel/framework/src/Illuminate/Routing/Route.php(237): Illuminate\\Routing\\CallableDispatcher->dispatch()
#2 /tmp/photos/vendor/laravel/framework/src/Illuminate/Routing/Route.php(208): Illuminate\\Routing\\Route->runCallable()
#3 /tmp/photos/vendor/laravel/framework/src/Illuminate/Routing/Router.php(799): Illuminate\\Routing\\Route->run()
#4 /tmp/photos/vendor/laravel/framework/src/Illuminate/Pipeline/Pipeline.php(141): Illuminate\\Routing\\Router->Illuminate\\Routing\\{closure}()
#5 /tmp/photos/vendor/laravel/framework/src/Illuminate/Routing/Middleware/SubstituteBindings.php(50): Illuminate\\Pipeline\\Pipeline->Illuminate\\Pipeline\\{closure}()
#6 /tmp/photos/vendor/laravel/framework/src/Illuminate/Pipeline/Pipeline.php(180): Illuminate\\Routing\\Middleware\\SubstituteBindings->handle()
#7 /tmp/photos/vendor/laravel/framework/src/Illuminate/Foundation/Http/Middleware/VerifyCsrfToken.php(78): Illuminate\\Pipeline\\Pipeline->Illuminate\\Pipeline\\{closure}()
#8 /tmp/photos/vendor/laravel/framework/src/Illuminate/Pipeline/Pipeline.php(180): Illuminate\\Foundation\\Http\\Middleware\\VerifyCsrfToken->handle()
#9 /tmp/photos/vendor/laravel/framework/src/Illuminate/View/Middleware/ShareErrorsFromSession.php(49): Illuminate\\Pipeline\\Pipeline->Illuminate\\Pipeline\\{closure}()
#10 /tmp/photos/vendor/laravel/framework/src/Illuminate/Pipeline/Pipeline.php(180): Illuminate\\View\\Middleware\\ShareErrorsFromSession->handle()
#11 /tmp/photos/vendor/laravel/framework/src/Illuminate/Session/Middleware/StartSession.php(121): Illuminate\\Pipeline\\Pipeline->Illuminate\\Pipeline\\{closure}()
#12 /tmp/photos/vendor/laravel/framework/src/Illuminate/Session/Middleware/StartSession.php(64): Illuminate\\Session\\Middleware\\StartSession->handleStatefulRequest()
#13 /tmp/photos/vendor/laravel/framework/src/Illuminate/Pipeline/Pipeline.php(180): Illuminate\\Session\\Middleware\\StartSession->handle()
#14 /tmp/photos/vendor/laravel/framework/src/Illuminate/Cookie/Middleware/AddQueuedCookiesToResponse.php(37): Illuminate\\Pipeline\\Pipeline->Illuminate\\Pipeline\\{closure}()
#15 /tmp/photos/vendor/laravel/framework/src/Illuminate/Pipeline/Pipeline.php(180): Illuminate\\Cookie\\Middleware\\AddQueuedCookiesToResponse->handle()
#16 /tmp/photos/vendor/laravel/framework/src/Illuminate/Cookie/Middleware/EncryptCookies.php(67): Illuminate\\Pipeline\\Pipeline->Illuminate\\Pipeline\\{closure}()
#17 /tmp/photos/vendor/laravel/framework/src/Illuminate/Pipeline/Pipeline.php(180): Illuminate\\Cookie\\Middleware\\EncryptCookies->handle()
#18 /tmp/photos/vendor/laravel/framework/src/Illuminate/Pipeline/Pipeline.php(116): Illuminate\\Pipeline\\Pipeline->Illuminate\\Pipeline\\{closure}()
#19 /tmp/photos/vendor/laravel/framework/src/Illuminate/Routing/Router.php(798): Illuminate\\Pipeline\\Pipeline->then()
#20 /tmp/photos/vendor/laravel/framework/src/Illuminate/Routing/Router.php(777): Illuminate\\Routing\\Router->runRouteWithinStack()
#21 /tmp/photos/vendor/laravel/framework/src/Illuminate/Routing/Router.php(741): Illuminate\\Routing\\Router->runRoute()
#22 /tmp/photos/vendor/laravel/framework/src/Illuminate/Routing/Router.php(730): Illuminate\\Routing\\Router->dispatchToRoute()
#23 /tmp/photos/vendor/laravel/framework/src/Illuminate/Foundation/Http/Kernel.php(200): Illuminate\\Routing\\Router->dispatch()
#24 /tmp/photos/vendor/laravel/framework/src/Illuminate/Pipeline/Pipeline.php(141): Illuminate\\Foundation\\Http\\Kernel->Illuminate\\Foundation\\Http\\{closure}()
#25 /tmp/photos/vendor/laravel/framework/src/Illuminate/Foundation/Http/Middleware/TransformsRequest.php(21): Illuminate\\Pipeline\\Pipeline->Illuminate\\Pipeline\\{closure}()
#26 /tmp/photos/vendor/laravel/framework/src/Illuminate/Foundation/Http/Middleware/ConvertEmptyStringsToNull.php(31): Illuminate\\Foundation\\Http\\Middleware\\TransformsRequest->handle()
#27 /tmp/photos/vendor/laravel/framework/src/Illuminate/Pipeline/Pipeline.php(180): Illuminate\\Foundation\\Http\\Middleware\\ConvertEmptyStringsToNull->handle()
#28 /tmp/photos/vendor/laravel/framework/src/Illuminate/Foundation/Http/Middleware/TransformsRequest.php(21): Illuminate\\Pipeline\\Pipeline->Illuminate\\Pipeline\\{closure}()
#29 /tmp/photos/vendor/laravel/framework/src/Illuminate/Foundation/Http/Middleware/TrimStrings.php(40): Illuminate\\Foundation\\Http\\Middleware\\TransformsRequest->handle()
#30 /tmp/photos/vendor/laravel/framework/src/Illuminate/Pipeline/Pipeline.php(180): Illuminate\\Foundation\\Http\\Middleware\\TrimStrings->handle()
#31 /tmp/photos/vendor/laravel/framework/src/Illuminate/Foundation/Http/Middleware/ValidatePostSize.php(27): Illuminate\\Pipeline\\Pipeline->Illuminate\\Pipeline\\{closure}()
#32 /tmp/photos/vendor/laravel/framework/src/Illuminate/Pipeline/Pipeline.php(180): Illuminate\\Foundation\\Http\\Middleware\\ValidatePostSize->handle()
#33 /tmp/photos/vendor/laravel/framework/src/Illuminate/Foundation/Http/Middleware/PreventRequestsDuringMaintenance.php(99): Illuminate\\Pipeline\\Pipeline->Illuminate\\Pipeline\\{closure}()
#34 /tmp/photos/vendor/laravel/framework/src/Illuminate/Pipeline/Pipeline.php(180): Illuminate\\Foundation\\Http\\Middleware\\PreventRequestsDuringMaintenance->handle()
#35 /tmp/photos/vendor/laravel/framework/src/Illuminate/Http/Middleware/HandleCors.php(49): Illuminate\\Pipeline\\Pipeline->Illuminate\\Pipeline\\{closure}()
#36 /tmp/photos/vendor/laravel/framework/src/Illuminate/Pipeline/Pipeline.php(180): Illuminate\\Http\\Middleware\\HandleCors->handle()
#37 /tmp/photos/vendor/laravel/framework/src/Illuminate/Http/Middleware/TrustProxies.php(39): Illuminate\\Pipeline\\Pipeline->Illuminate\\Pipeline\\{closure}()
#38 /tmp/photos/vendor/laravel/framework/src/Illuminate/Pipeline/Pipeline.php(180): Illuminate\\Http\\Middleware\\TrustProxies->handle()
#39 /tmp/photos/vendor/laravel/framework/src/Illuminate/Pipeline/Pipeline.php(116): Illuminate\\Pipeline\\Pipeline->Illuminate\\Pipeline\\{closure}()
#40 /tmp/photos/vendor/laravel/framework/src/Illuminate/Foundation/Http/Kernel.php(175): Illuminate\\Pipeline\\Pipeline->then()
#41 /tmp/photos/vendor/laravel/framework/src/Illuminate/Foundation/Http/Kernel.php(144): Illuminate\\Foundation\\Http\\Kernel->sendRequestThroughRouter()
#42 /tmp/photos/public/index.php(51): Illuminate\\Foundation\\Http\\Kernel->handle()
#43 /tmp/photos/vendor/laravel/framework/src/Illuminate/Foundation/resources/server.php(16): require_once('...')
#44 {main}
"} 
[2023-11-05 15:44:41] local.ERROR: syntax error, unexpected token "=" {"exception":"[object] (ParseError(code: 0): syntax error, unexpected token \"=\" at /tmp/photos/routes/web.php:24)
[stacktrace]
#0 /tmp/photos/vendor/laravel/framework/src/Illuminate/Routing/Router.php(504): Illuminate\\Routing\\RouteFileRegistrar->register()
#1 /tmp/photos/vendor/laravel/framework/src/Illuminate/Routing/Router.php(458): Illuminate\\Routing\\Router->loadRoutes()
#2 /tmp/photos/vendor/laravel/framework/src/Illuminate/Routing/RouteRegistrar.php(192): Illuminate\\Routing\\Router->group()
#3 /tmp/photos/app/Providers/RouteServiceProvider.php(37): Illuminate\\Routing\\RouteRegistrar->group()
#4 /tmp/photos/vendor/laravel/framework/src/Illuminate/Container/BoundMethod.php(36): App\\Providers\\RouteServiceProvider->App\\Providers\\{closure}()
#5 /tmp/photos/vendor/laravel/framework/src/Illuminate/Container/Util.php(41): Illuminate\\Container\\BoundMethod::Illuminate\\Container\\{closure}()
#6 /tmp/photos/vendor/laravel/framework/src/Illuminate/Container/BoundMethod.php(81): Illuminate\\Container\\Util::unwrapIfClosure()
#7 /tmp/photos/vendor/laravel/framework/src/Illuminate/Container/BoundMethod.php(35): Illuminate\\Container\\BoundMethod::callBoundMethod()
#8 /tmp/photos/vendor/laravel/framework/src/Illuminate/Container/Container.php(662): Illuminate\\Container\\BoundMethod::call()
#9 /tmp/photos/vendor/laravel/framework/src/Illuminate/Foundation/Support/Providers/RouteServiceProvider.php(120): Illuminate\\Container\\Container->call()
#10 /tmp/photos/vendor/laravel/framework/src/Illuminate/Foundation/Support/Providers/RouteServiceProvider.php(45): Illuminate\\Foundation\\Support\\Providers\\RouteServiceProvider->loadRoutes()
#11 /tmp/photos/vendor/laravel/framework/src/Illuminate/Container/BoundMethod.php(36): Illuminate\\Foundation\\Support\\Providers\\RouteServiceProvider->Illuminate\\Foundation\\Support\\Providers\\{closure}()
#12 /tmp/photos/vendor/laravel/framework/src/Illuminate/Container/Util.php(41): Illuminate\\Container\\BoundMethod::Illuminate\\Container\\{closure}()
#13 /tmp/photos/vendor/laravel/framework/src/Illuminate/Container/BoundMethod.php(81): Illuminate\\Container\\Util::unwrapIfClosure()
#14 /tmp/photos/vendor/laravel/framework/src/Illuminate/Container/BoundMethod.php(35): Illuminate\\Container\\BoundMethod::callBoundMethod()
#15 /tmp/photos/vendor/laravel/framework/src/Illuminate/Container/Container.php(662): Illuminate\\Container\\BoundMethod::call()
#16 /tmp/photos/vendor/laravel/framework/src/Illuminate/Support/ServiceProvider.php(119): Illuminate\\Container\\Container->call()
#17 /tmp/photos/vendor/laravel/framework/src/Illuminate/Foundation/Application.php(1031): Illuminate\\Support\\ServiceProvider->callBootedCallbacks()
#18 /tmp/photos/vendor/laravel/framework/src/Illuminate/Foundation/Application.php(1009): Illuminate\\Foundation\\Application->bootProvider()
#19 [internal function]: Illuminate\\Foundation\\Application->Illuminate\\Foundation\\{closure}()
#20 /tmp/photos/vendor/laravel/framework/src/Illuminate/Foundation/Application.php(1008): array_walk()
#21 /tmp/photos/vendor/laravel/framework/src/Illuminate/Foundation/Bootstrap/BootProviders.php(17): Illuminate\\Foundation\\Application->boot()
#22 /tmp/photos/vendor/laravel/framework/src/Illuminate/Foundation/Application.php(261): Illuminate\\Foundation\\Bootstrap\\BootProviders->bootstrap()
#23 /tmp/photos/vendor/laravel/framework/src/Illuminate/Foundation/Http/Kernel.php(186): Illuminate\\Foundation\\Application->bootstrapWith()
#24 /tmp/photos/vendor/laravel/framework/src/Illuminate/Foundation/Http/Kernel.php(170): Illuminate\\Foundation\\Http\\Kernel->bootstrap()
#25 /tmp/photos/vendor/laravel/framework/src/Illuminate/Foundation/Http/Kernel.php(144): Illuminate\\Foundation\\Http\\Kernel->sendRequestThroughRouter()
#26 /tmp/photos/public/index.php(51): Illuminate\\Foundation\\Http\\Kernel->handle()
#27 /tmp/photos/vendor/laravel/framework/src/Illuminate/Foundation/resources/server.php(16): require_once('...')
#28 {main}
"} 
[2025-11-04 09:44:25] production.ERROR: No application encryption key has been specified. {"exception":"[object] (Illuminate\\Encryption\\MissingAppKeyException(code: 0): No application encryption key has been specified. at C:\\Users\\Nathan\\Documents\\Cours\\BUT_2\\Git\\Photos\\vendor\\laravel\\framework\\src\\Illuminate\\Encryption\\EncryptionServiceProvider.php:79)
[stacktrace]
#0 C:\\Users\\Nathan\\Documents\\Cours\\BUT_2\\Git\\Photos\\vendor\\laravel\\framework\\src\\Illuminate\\Support\\helpers.php(320): Illuminate\\Encryption\\EncryptionServiceProvider->{closure:Illuminate\\Encryption\\EncryptionServiceProvider::key():77}(NULL)
#1 C:\\Users\\Nathan\\Documents\\Cours\\BUT_2\\Git\\Photos\\vendor\\laravel\\framework\\src\\Illuminate\\Encryption\\EncryptionServiceProvider.php(77): tap(NULL, Object(Closure))
#2 C:\\Users\\Nathan\\Documents\\Cours\\BUT_2\\Git\\Photos\\vendor\\laravel\\framework\\src\\Illuminate\\Encryption\\EncryptionServiceProvider.php(60): Illuminate\\Encryption\\EncryptionServiceProvider->key(Array)
#3 C:\\Users\\Nathan\\Documents\\Cours\\BUT_2\\Git\\Photos\\vendor\\laravel\\framework\\src\\Illuminate\\Encryption\\EncryptionServiceProvider.php(32): Illuminate\\Encryption\\EncryptionServiceProvider->parseKey(Array)
#4 C:\\Users\\Nathan\\Documents\\Cours\\BUT_2\\Git\\Photos\\vendor\\laravel\\framework\\src\\Illuminate\\Container\\Container.php(908): Illuminate\\Encryption\\EncryptionServiceProvider->{closure:Illuminate\\Encryption\\EncryptionServiceProvider::registerEncrypter():29}(Object(Illuminate\\Foundation\\Application), Array)
#5 C:\\Users\\Nathan\\Documents\\Cours\\BUT_2\\Git\\Photos\\vendor\\laravel\\framework\\src\\Illuminate\\Container\\Container.php(795): Illuminate\\Container\\Container->build(Object(Closure))
#6 C:\\Users\\Nathan\\Documents\\Cours\\BUT_2\\Git\\Photos\\vendor\\laravel\\framework\\src\\Illuminate\\Foundation\\Application.php(986): Illuminate\\Container\\Container->resolve('encrypter', Array, true)
#7 C:\\Users\\Nathan\\Documents\\Cours\\BUT_2\\Git\\Photos\\vendor\\laravel\\framework\\src\\Illuminate\\Container\\Container.php(731): Illuminate\\Foundation\\Application->resolve('encrypter', Array)
#8 C:\\Users\\Nathan\\Documents\\Cours\\BUT_2\\Git\\Photos\\vendor\\laravel\\framework\\src\\Illuminate\\Foundation\\Application.php(971): Illuminate\\Container\\Container->make('encrypter', Array)
#9 C:\\Users\\Nathan\\Documents\\Cours\\BUT_2\\Git\\Photos\\vendor\\laravel\\framework\\src\\Illuminate\\Container\\Container.php(1066): Illuminate\\Foundation\\Application->make('encrypter')
#10 C:\\Users\\Nathan\\Documents\\Cours\\BUT_2\\Git\\Photos\\vendor\\laravel\\framework\\src\\Illuminate\\Container\\Container.php(982): Illuminate\\Container\\Container->resolveClass(Object(ReflectionParameter))
#11 C:\\Users\\Nathan\\Documents\\Cours\\BUT_2\\Git\\Photos\\vendor\\laravel\\framework\\src\\Illuminate\\Container\\Container.php(943): Illuminate\\Container\\Container->resolveDependencies(Array)
#12 C:\\Users\\Nathan\\Documents\\Cours\\BUT_2\\Git\\Photos\\vendor\\laravel\\framework\\src\\Illuminate\\Container\\Container.php(795): Illuminate\\Container\\Container->build('App\\\\Http\\\\Middle...')
#13 C:\\Users\\Nathan\\Documents\\Cours\\BUT_2\\Git\\Photos\\vendor\\laravel\\framework\\src\\Illuminate\\Foundation\\Application.php(986): Illuminate\\Container\\Container->resolve('App\\\\Http\\\\Middle...', Array, true)
#14 C:\\Users\\Nathan\\Documents\\Cours\\BUT_2\\Git\\Photos\\vendor\\laravel\\framework\\src\\Illuminate\\Container\\Container.php(731): Illuminate\\Foundation\\Application->resolve('App\\\\Http\\\\Middle...', Array)
#15 C:\\Users\\Nathan\\Documents\\Cours\\BUT_2\\Git\\Photos\\vendor\\laravel\\framework\\src\\Illuminate\\Foundation\\Application.php(971): Illuminate\\Container\\Container->make('App\\\\Http\\\\Middle...', Array)
#16 C:\\Users\\Nathan\\Documents\\Cours\\BUT_2\\Git\\Photos\\vendor\\laravel\\framework\\src\\Illuminate\\Pipeline\\Pipeline.php(172): Illuminate\\Foundation\\Application->make('App\\\\Http\\\\Middle...')
#17 C:\\Users\\Nathan\\Documents\\Cours\\BUT_2\\Git\\Photos\\vendor\\laravel\\framework\\src\\Illuminate\\Pipeline\\Pipeline.php(119): Illuminate\\Pipeline\\Pipeline->{closure:{closure:Illuminate\\Pipeline\\Pipeline::carry():158}:159}(Object(Illuminate\\Http\\Request))
#18 C:\\Users\\Nathan\\Documents\\Cours\\BUT_2\\Git\\Photos\\vendor\\laravel\\framework\\src\\Illuminate\\Routing\\Router.php(805): Illuminate\\Pipeline\\Pipeline->then(Object(Closure))
#19 C:\\Users\\Nathan\\Documents\\Cours\\BUT_2\\Git\\Photos\\vendor\\laravel\\framework\\src\\Illuminate\\Routing\\Router.php(784): Illuminate\\Routing\\Router->runRouteWithinStack(Object(Illuminate\\Routing\\Route), Object(Illuminate\\Http\\Request))
#20 C:\\Users\\Nathan\\Documents\\Cours\\BUT_2\\Git\\Photos\\vendor\\laravel\\framework\\src\\Illuminate\\Routing\\Router.php(748): Illuminate\\Routing\\Router->runRoute(Object(Illuminate\\Http\\Request), Object(Illuminate\\Routing\\Route))
#21 C:\\Users\\Nathan\\Documents\\Cours\\BUT_2\\Git\\Photos\\vendor\\laravel\\framework\\src\\Illuminate\\Routing\\Router.php(737): Illuminate\\Routing\\Router->dispatchToRoute(Object(Illuminate\\Http\\Request))
#22 C:\\Users\\Nathan\\Documents\\Cours\\BUT_2\\Git\\Photos\\vendor\\laravel\\framework\\src\\Illuminate\\Foundation\\Http\\Kernel.php(200): Illuminate\\Routing\\Router->dispatch(Object(Illuminate\\Http\\Request))
#23 C:\\Users\\Nathan\\Documents\\Cours\\BUT_2\\Git\\Photos\\vendor\\laravel\\framework\\src\\Illuminate\\Pipeline\\Pipeline.php(144): Illuminate\\Foundation\\Http\\Kernel->{closure:Illuminate\\Foundation\\Http\\Kernel::dispatchToRouter():197}(Object(Illuminate\\Http\\Request))
#24 C:\\Users\\Nathan\\Documents\\Cours\\BUT_2\\Git\\Photos\\vendor\\laravel\\framework\\src\\Illuminate\\Foundation\\Http\\Middleware\\TransformsRequest.php(21): Illuminate\\Pipeline\\Pipeline->{closure:Illuminate\\Pipeline\\Pipeline::prepareDestination():142}(Object(Illuminate\\Http\\Request))
#25 C:\\Users\\Nathan\\Documents\\Cours\\BUT_2\\Git\\Photos\\vendor\\laravel\\framework\\src\\Illuminate\\Foundation\\Http\\Middleware\\ConvertEmptyStringsToNull.php(31): Illuminate\\Foundation\\Http\\Middleware\\TransformsRequest->handle(Object(Illuminate\\Http\\Request), Object(Closure))
#26 C:\\Users\\Nathan\\Documents\\Cours\\BUT_2\\Git\\Photos\\vendor\\laravel\\framework\\src\\Illuminate\\Pipeline\\Pipeline.php(183): Illuminate\\Foundation\\Http\\Middleware\\ConvertEmptyStringsToNull->handle(Object(Illuminate\\Http\\Request), Object(Closure))
#27 C:\\Users\\Nathan\\Documents\\Cours\\BUT_2\\Git\\Photos\\vendor\\laravel\\framework\\src\\Illuminate\\Foundation\\Http\\Middleware\\TransformsRequest.php(21): Illuminate\\Pipeline\\Pipeline->{closure:{closure:Illuminate\\Pipeline\\Pipeline::carry():158}:159}(Object(Illuminate\\Http\\Request))
#28 C:\\Users\\Nathan\\Documents\\Cours\\BUT_2\\Git\\Photos\\vendor\\laravel\\framework\\src\\Illuminate\\Foundation\\Http\\Middleware\\TrimStrings.php(40): Illuminate\\Foundation\\Http\\Middleware\\TransformsRequest->handle(Object(Illuminate\\Http\\Request), Object(Closure))
#29 C:\\Users\\Nathan\\Documents\\Cours\\BUT_2\\Git\\Photos\\vendor\\laravel\\framework\\src\\Illuminate\\Pipeline\\Pipeline.php(183): Illuminate\\Foundation\\Http\\Middleware\\TrimStrings->handle(Object(Illuminate\\Http\\Request), Object(Closure))
#30 C:\\Users\\Nathan\\Documents\\Cours\\BUT_2\\Git\\Photos\\vendor\\laravel\\framework\\src\\Illuminate\\Foundation\\Http\\Middleware\\ValidatePostSize.php(27): Illuminate\\Pipeline\\Pipeline->{closure:{closure:Illuminate\\Pipeline\\Pipeline::carry():158}:159}(Object(Illuminate\\Http\\Request))
#31 C:\\Users\\Nathan\\Documents\\Cours\\BUT_2\\Git\\Photos\\vendor\\laravel\\framework\\src\\Illuminate\\Pipeline\\Pipeline.php(183): Illuminate\\Foundation\\Http\\Middleware\\ValidatePostSize->handle(Object(Illuminate\\Http\\Request), Object(Closure))
#32 C:\\Users\\Nathan\\Documents\\Cours\\BUT_2\\Git\\Photos\\vendor\\laravel\\framework\\src\\Illuminate\\Foundation\\Http\\Middleware\\PreventRequestsDuringMaintenance.php(99): Illuminate\\Pipeline\\Pipeline->{closure:{closure:Illuminate\\Pipeline\\Pipeline::carry():158}:159}(Object(Illuminate\\Http\\Request))
#33 C:\\Users\\Nathan\\Documents\\Cours\\BUT_2\\Git\\Photos\\vendor\\laravel\\framework\\src\\Illuminate\\Pipeline\\Pipeline.php(183): Illuminate\\Foundation\\Http\\Middleware\\PreventRequestsDuringMaintenance->handle(Object(Illuminate\\Http\\Request), Object(Closure))
#34 C:\\Users\\Nathan\\Documents\\Cours\\BUT_2\\Git\\Photos\\vendor\\laravel\\framework\\src\\Illuminate\\Http\\Middleware\\HandleCors.php(49): Illuminate\\Pipeline\\Pipeline->{closure:{closure:Illuminate\\Pipeline\\Pipeline::carry():158}:159}(Object(Illuminate\\Http\\Request))
#35 C:\\Users\\Nathan\\Documents\\Cours\\BUT_2\\Git\\Photos\\vendor\\laravel\\framework\\src\\Illuminate\\Pipeline\\Pipeline.php(183): Illuminate\\Http\\Middleware\\HandleCors->handle(Object(Illuminate\\Http\\Request), Object(Closure))
#36 C:\\Users\\Nathan\\Documents\\Cours\\BUT_2\\Git\\Photos\\vendor\\laravel\\framework\\src\\Illuminate\\Http\\Middleware\\TrustProxies.php(39): Illuminate\\Pipeline\\Pipeline->{closure:{closure:Illuminate\\Pipeline\\Pipeline::carry():158}:159}(Object(Illuminate\\Http\\Request))
#37 C:\\Users\\Nathan\\Documents\\Cours\\BUT_2\\Git\\Photos\\vendor\\laravel\\framework\\src\\Illuminate\\Pipeline\\Pipeline.php(183): Illuminate\\Http\\Middleware\\TrustProxies->handle(Object(Illuminate\\Http\\Request), Object(Closure))
#38 C:\\Users\\Nathan\\Documents\\Cours\\BUT_2\\Git\\Photos\\vendor\\laravel\\framework\\src\\Illuminate\\Pipeline\\Pipeline.php(119): Illuminate\\Pipeline\\Pipeline->{closure:{closure:Illuminate\\Pipeline\\Pipeline::carry():158}:159}(Object(Illuminate\\Http\\Request))
#39 C:\\Users\\Nathan\\Documents\\Cours\\BUT_2\\Git\\Photos\\vendor\\laravel\\framework\\src\\Illuminate\\Foundation\\Http\\Kernel.php(175): Illuminate\\Pipeline\\Pipeline->then(Object(Closure))
#40 C:\\Users\\Nathan\\Documents\\Cours\\BUT_2\\Git\\Photos\\vendor\\laravel\\framework\\src\\Illuminate\\Foundation\\Http\\Kernel.php(144): Illuminate\\Foundation\\Http\\Kernel->sendRequestThroughRouter(Object(Illuminate\\Http\\Request))
#41 C:\\Users\\Nathan\\Documents\\Cours\\BUT_2\\Git\\Photos\\public\\index.php(51): Illuminate\\Foundation\\Http\\Kernel->handle(Object(Illuminate\\Http\\Request))
#42 C:\\Users\\Nathan\\Documents\\Cours\\BUT_2\\Git\\Photos\\vendor\\laravel\\framework\\src\\Illuminate\\Foundation\\resources\\server.php(16): require_once('C:\\\\Users\\\\Nathan...')
#43 {main}
"} 
[2025-11-04 09:44:25] production.ERROR: No application encryption key has been specified. {"exception":"[object] (Illuminate\\Encryption\\MissingAppKeyException(code: 0): No application encryption key has been specified. at C:\\Users\\Nathan\\Documents\\Cours\\BUT_2\\Git\\Photos\\vendor\\laravel\\framework\\src\\Illuminate\\Encryption\\EncryptionServiceProvider.php:79)
[stacktrace]
#0 C:\\Users\\Nathan\\Documents\\Cours\\BUT_2\\Git\\Photos\\vendor\\laravel\\framework\\src\\Illuminate\\Support\\helpers.php(320): Illuminate\\Encryption\\EncryptionServiceProvider->{closure:Illuminate\\Encryption\\EncryptionServiceProvider::key():77}(NULL)
#1 C:\\Users\\Nathan\\Documents\\Cours\\BUT_2\\Git\\Photos\\vendor\\laravel\\framework\\src\\Illuminate\\Encryption\\EncryptionServiceProvider.php(77): tap(NULL, Object(Closure))
#2 C:\\Users\\Nathan\\Documents\\Cours\\BUT_2\\Git\\Photos\\vendor\\laravel\\framework\\src\\Illuminate\\Encryption\\EncryptionServiceProvider.php(60): Illuminate\\Encryption\\EncryptionServiceProvider->key(Array)
#3 C:\\Users\\Nathan\\Documents\\Cours\\BUT_2\\Git\\Photos\\vendor\\laravel\\framework\\src\\Illuminate\\Encryption\\EncryptionServiceProvider.php(32): Illuminate\\Encryption\\EncryptionServiceProvider->parseKey(Array)
#4 C:\\Users\\Nathan\\Documents\\Cours\\BUT_2\\Git\\Photos\\vendor\\laravel\\framework\\src\\Illuminate\\Container\\Container.php(908): Illuminate\\Encryption\\EncryptionServiceProvider->{closure:Illuminate\\Encryption\\EncryptionServiceProvider::registerEncrypter():29}(Object(Illuminate\\Foundation\\Application), Array)
#5 C:\\Users\\Nathan\\Documents\\Cours\\BUT_2\\Git\\Photos\\vendor\\laravel\\framework\\src\\Illuminate\\Container\\Container.php(795): Illuminate\\Container\\Container->build(Object(Closure))
#6 C:\\Users\\Nathan\\Documents\\Cours\\BUT_2\\Git\\Photos\\vendor\\laravel\\framework\\src\\Illuminate\\Foundation\\Application.php(986): Illuminate\\Container\\Container->resolve('encrypter', Array, true)
#7 C:\\Users\\Nathan\\Documents\\Cours\\BUT_2\\Git\\Photos\\vendor\\laravel\\framework\\src\\Illuminate\\Container\\Container.php(731): Illuminate\\Foundation\\Application->resolve('encrypter', Array)
#8 C:\\Users\\Nathan\\Documents\\Cours\\BUT_2\\Git\\Photos\\vendor\\laravel\\framework\\src\\Illuminate\\Foundation\\Application.php(971): Illuminate\\Container\\Container->make('encrypter', Array)
#9 C:\\Users\\Nathan\\Documents\\Cours\\BUT_2\\Git\\Photos\\vendor\\laravel\\framework\\src\\Illuminate\\Container\\Container.php(1066): Illuminate\\Foundation\\Application->make('encrypter')
#10 C:\\Users\\Nathan\\Documents\\Cours\\BUT_2\\Git\\Photos\\vendor\\laravel\\framework\\src\\Illuminate\\Container\\Container.php(982): Illuminate\\Container\\Container->resolveClass(Object(ReflectionParameter))
#11 C:\\Users\\Nathan\\Documents\\Cours\\BUT_2\\Git\\Photos\\vendor\\laravel\\framework\\src\\Illuminate\\Container\\Container.php(943): Illuminate\\Container\\Container->resolveDependencies(Array)
#12 C:\\Users\\Nathan\\Documents\\Cours\\BUT_2\\Git\\Photos\\vendor\\laravel\\framework\\src\\Illuminate\\Container\\Container.php(795): Illuminate\\Container\\Container->build('App\\\\Http\\\\Middle...')
#13 C:\\Users\\Nathan\\Documents\\Cours\\BUT_2\\Git\\Photos\\vendor\\laravel\\framework\\src\\Illuminate\\Foundation\\Application.php(986): Illuminate\\Container\\Container->resolve('App\\\\Http\\\\Middle...', Array, true)
#14 C:\\Users\\Nathan\\Documents\\Cours\\BUT_2\\Git\\Photos\\vendor\\laravel\\framework\\src\\Illuminate\\Container\\Container.php(731): Illuminate\\Foundation\\Application->resolve('App\\\\Http\\\\Middle...', Array)
#15 C:\\Users\\Nathan\\Documents\\Cours\\BUT_2\\Git\\Photos\\vendor\\laravel\\framework\\src\\Illuminate\\Foundation\\Application.php(971): Illuminate\\Container\\Container->make('App\\\\Http\\\\Middle...', Array)
#16 C:\\Users\\Nathan\\Documents\\Cours\\BUT_2\\Git\\Photos\\vendor\\laravel\\framework\\src\\Illuminate\\Foundation\\Http\\Kernel.php(255): Illuminate\\Foundation\\Application->make('App\\\\Http\\\\Middle...')
#17 C:\\Users\\Nathan\\Documents\\Cours\\BUT_2\\Git\\Photos\\vendor\\laravel\\framework\\src\\Illuminate\\Foundation\\Http\\Kernel.php(213): Illuminate\\Foundation\\Http\\Kernel->terminateMiddleware(Object(Illuminate\\Http\\Request), Object(Illuminate\\Http\\Response))
#18 C:\\Users\\Nathan\\Documents\\Cours\\BUT_2\\Git\\Photos\\public\\index.php(55): Illuminate\\Foundation\\Http\\Kernel->terminate(Object(Illuminate\\Http\\Request), Object(Illuminate\\Http\\Response))
#19 C:\\Users\\Nathan\\Documents\\Cours\\BUT_2\\Git\\Photos\\vendor\\laravel\\framework\\src\\Illuminate\\Foundation\\resources\\server.php(16): require_once('C:\\\\Users\\\\Nathan...')
#20 {main}
"} 
[2025-11-04 09:44:35] production.ERROR: No application encryption key has been specified. {"exception":"[object] (Illuminate\\Encryption\\MissingAppKeyException(code: 0): No application encryption key has been specified. at C:\\Users\\Nathan\\Documents\\Cours\\BUT_2\\Git\\Photos\\vendor\\laravel\\framework\\src\\Illuminate\\Encryption\\EncryptionServiceProvider.php:79)
[stacktrace]
#0 C:\\Users\\Nathan\\Documents\\Cours\\BUT_2\\Git\\Photos\\vendor\\laravel\\framework\\src\\Illuminate\\Support\\helpers.php(320): Illuminate\\Encryption\\EncryptionServiceProvider->{closure:Illuminate\\Encryption\\EncryptionServiceProvider::key():77}(NULL)
#1 C:\\Users\\Nathan\\Documents\\Cours\\BUT_2\\Git\\Photos\\vendor\\laravel\\framework\\src\\Illuminate\\Encryption\\EncryptionServiceProvider.php(77): tap(NULL, Object(Closure))
#2 C:\\Users\\Nathan\\Documents\\Cours\\BUT_2\\Git\\Photos\\vendor\\laravel\\framework\\src\\Illuminate\\Encryption\\EncryptionServiceProvider.php(60): Illuminate\\Encryption\\EncryptionServiceProvider->key(Array)
#3 C:\\Users\\Nathan\\Documents\\Cours\\BUT_2\\Git\\Photos\\vendor\\laravel\\framework\\src\\Illuminate\\Encryption\\EncryptionServiceProvider.php(32): Illuminate\\Encryption\\EncryptionServiceProvider->parseKey(Array)
#4 C:\\Users\\Nathan\\Documents\\Cours\\BUT_2\\Git\\Photos\\vendor\\laravel\\framework\\src\\Illuminate\\Container\\Container.php(908): Illuminate\\Encryption\\EncryptionServiceProvider->{closure:Illuminate\\Encryption\\EncryptionServiceProvider::registerEncrypter():29}(Object(Illuminate\\Foundation\\Application), Array)
#5 C:\\Users\\Nathan\\Documents\\Cours\\BUT_2\\Git\\Photos\\vendor\\laravel\\framework\\src\\Illuminate\\Container\\Container.php(795): Illuminate\\Container\\Container->build(Object(Closure))
#6 C:\\Users\\Nathan\\Documents\\Cours\\BUT_2\\Git\\Photos\\vendor\\laravel\\framework\\src\\Illuminate\\Foundation\\Application.php(986): Illuminate\\Container\\Container->resolve('encrypter', Array, true)
#7 C:\\Users\\Nathan\\Documents\\Cours\\BUT_2\\Git\\Photos\\vendor\\laravel\\framework\\src\\Illuminate\\Container\\Container.php(731): Illuminate\\Foundation\\Application->resolve('encrypter', Array)
#8 C:\\Users\\Nathan\\Documents\\Cours\\BUT_2\\Git\\Photos\\vendor\\laravel\\framework\\src\\Illuminate\\Foundation\\Application.php(971): Illuminate\\Container\\Container->make('encrypter', Array)
#9 C:\\Users\\Nathan\\Documents\\Cours\\BUT_2\\Git\\Photos\\vendor\\laravel\\framework\\src\\Illuminate\\Container\\Container.php(1066): Illuminate\\Foundation\\Application->make('encrypter')
#10 C:\\Users\\Nathan\\Documents\\Cours\\BUT_2\\Git\\Photos\\vendor\\laravel\\framework\\src\\Illuminate\\Container\\Container.php(982): Illuminate\\Container\\Container->resolveClass(Object(ReflectionParameter))
#11 C:\\Users\\Nathan\\Documents\\Cours\\BUT_2\\Git\\Photos\\vendor\\laravel\\framework\\src\\Illuminate\\Container\\Container.php(943): Illuminate\\Container\\Container->resolveDependencies(Array)
#12 C:\\Users\\Nathan\\Documents\\Cours\\BUT_2\\Git\\Photos\\vendor\\laravel\\framework\\src\\Illuminate\\Container\\Container.php(795): Illuminate\\Container\\Container->build('App\\\\Http\\\\Middle...')
#13 C:\\Users\\Nathan\\Documents\\Cours\\BUT_2\\Git\\Photos\\vendor\\laravel\\framework\\src\\Illuminate\\Foundation\\Application.php(986): Illuminate\\Container\\Container->resolve('App\\\\Http\\\\Middle...', Array, true)
#14 C:\\Users\\Nathan\\Documents\\Cours\\BUT_2\\Git\\Photos\\vendor\\laravel\\framework\\src\\Illuminate\\Container\\Container.php(731): Illuminate\\Foundation\\Application->resolve('App\\\\Http\\\\Middle...', Array)
#15 C:\\Users\\Nathan\\Documents\\Cours\\BUT_2\\Git\\Photos\\vendor\\laravel\\framework\\src\\Illuminate\\Foundation\\Application.php(971): Illuminate\\Container\\Container->make('App\\\\Http\\\\Middle...', Array)
#16 C:\\Users\\Nathan\\Documents\\Cours\\BUT_2\\Git\\Photos\\vendor\\laravel\\framework\\src\\Illuminate\\Pipeline\\Pipeline.php(172): Illuminate\\Foundation\\Application->make('App\\\\Http\\\\Middle...')
#17 C:\\Users\\Nathan\\Documents\\Cours\\BUT_2\\Git\\Photos\\vendor\\laravel\\framework\\src\\Illuminate\\Pipeline\\Pipeline.php(119): Illuminate\\Pipeline\\Pipeline->{closure:{closure:Illuminate\\Pipeline\\Pipeline::carry():158}:159}(Object(Illuminate\\Http\\Request))
#18 C:\\Users\\Nathan\\Documents\\Cours\\BUT_2\\Git\\Photos\\vendor\\laravel\\framework\\src\\Illuminate\\Routing\\Router.php(805): Illuminate\\Pipeline\\Pipeline->then(Object(Closure))
#19 C:\\Users\\Nathan\\Documents\\Cours\\BUT_2\\Git\\Photos\\vendor\\laravel\\framework\\src\\Illuminate\\Routing\\Router.php(784): Illuminate\\Routing\\Router->runRouteWithinStack(Object(Illuminate\\Routing\\Route), Object(Illuminate\\Http\\Request))
#20 C:\\Users\\Nathan\\Documents\\Cours\\BUT_2\\Git\\Photos\\vendor\\laravel\\framework\\src\\Illuminate\\Routing\\Router.php(748): Illuminate\\Routing\\Router->runRoute(Object(Illuminate\\Http\\Request), Object(Illuminate\\Routing\\Route))
#21 C:\\Users\\Nathan\\Documents\\Cours\\BUT_2\\Git\\Photos\\vendor\\laravel\\framework\\src\\Illuminate\\Routing\\Router.php(737): Illuminate\\Routing\\Router->dispatchToRoute(Object(Illuminate\\Http\\Request))
#22 C:\\Users\\Nathan\\Documents\\Cours\\BUT_2\\Git\\Photos\\vendor\\laravel\\framework\\src\\Illuminate\\Foundation\\Http\\Kernel.php(200): Illuminate\\Routing\\Router->dispatch(Object(Illuminate\\Http\\Request))
#23 C:\\Users\\Nathan\\Documents\\Cours\\BUT_2\\Git\\Photos\\vendor\\laravel\\framework\\src\\Illuminate\\Pipeline\\Pipeline.php(144): Illuminate\\Foundation\\Http\\Kernel->{closure:Illuminate\\Foundation\\Http\\Kernel::dispatchToRouter():197}(Object(Illuminate\\Http\\Request))
#24 C:\\Users\\Nathan\\Documents\\Cours\\BUT_2\\Git\\Photos\\vendor\\laravel\\framework\\src\\Illuminate\\Foundation\\Http\\Middleware\\TransformsRequest.php(21): Illuminate\\Pipeline\\Pipeline->{closure:Illuminate\\Pipeline\\Pipeline::prepareDestination():142}(Object(Illuminate\\Http\\Request))
#25 C:\\Users\\Nathan\\Documents\\Cours\\BUT_2\\Git\\Photos\\vendor\\laravel\\framework\\src\\Illuminate\\Foundation\\Http\\Middleware\\ConvertEmptyStringsToNull.php(31): Illuminate\\Foundation\\Http\\Middleware\\TransformsRequest->handle(Object(Illuminate\\Http\\Request), Object(Closure))
#26 C:\\Users\\Nathan\\Documents\\Cours\\BUT_2\\Git\\Photos\\vendor\\laravel\\framework\\src\\Illuminate\\Pipeline\\Pipeline.php(183): Illuminate\\Foundation\\Http\\Middleware\\ConvertEmptyStringsToNull->handle(Object(Illuminate\\Http\\Request), Object(Closure))
#27 C:\\Users\\Nathan\\Documents\\Cours\\BUT_2\\Git\\Photos\\vendor\\laravel\\framework\\src\\Illuminate\\Foundation\\Http\\Middleware\\TransformsRequest.php(21): Illuminate\\Pipeline\\Pipeline->{closure:{closure:Illuminate\\Pipeline\\Pipeline::carry():158}:159}(Object(Illuminate\\Http\\Request))
#28 C:\\Users\\Nathan\\Documents\\Cours\\BUT_2\\Git\\Photos\\vendor\\laravel\\framework\\src\\Illuminate\\Foundation\\Http\\Middleware\\TrimStrings.php(40): Illuminate\\Foundation\\Http\\Middleware\\TransformsRequest->handle(Object(Illuminate\\Http\\Request), Object(Closure))
#29 C:\\Users\\Nathan\\Documents\\Cours\\BUT_2\\Git\\Photos\\vendor\\laravel\\framework\\src\\Illuminate\\Pipeline\\Pipeline.php(183): Illuminate\\Foundation\\Http\\Middleware\\TrimStrings->handle(Object(Illuminate\\Http\\Request), Object(Closure))
#30 C:\\Users\\Nathan\\Documents\\Cours\\BUT_2\\Git\\Photos\\vendor\\laravel\\framework\\src\\Illuminate\\Foundation\\Http\\Middleware\\ValidatePostSize.php(27): Illuminate\\Pipeline\\Pipeline->{closure:{closure:Illuminate\\Pipeline\\Pipeline::carry():158}:159}(Object(Illuminate\\Http\\Request))
#31 C:\\Users\\Nathan\\Documents\\Cours\\BUT_2\\Git\\Photos\\vendor\\laravel\\framework\\src\\Illuminate\\Pipeline\\Pipeline.php(183): Illuminate\\Foundation\\Http\\Middleware\\ValidatePostSize->handle(Object(Illuminate\\Http\\Request), Object(Closure))
#32 C:\\Users\\Nathan\\Documents\\Cours\\BUT_2\\Git\\Photos\\vendor\\laravel\\framework\\src\\Illuminate\\Foundation\\Http\\Middleware\\PreventRequestsDuringMaintenance.php(99): Illuminate\\Pipeline\\Pipeline->{closure:{closure:Illuminate\\Pipeline\\Pipeline::carry():158}:159}(Object(Illuminate\\Http\\Request))
#33 C:\\Users\\Nathan\\Documents\\Cours\\BUT_2\\Git\\Photos\\vendor\\laravel\\framework\\src\\Illuminate\\Pipeline\\Pipeline.php(183): Illuminate\\Foundation\\Http\\Middleware\\PreventRequestsDuringMaintenance->handle(Object(Illuminate\\Http\\Request), Object(Closure))
#34 C:\\Users\\Nathan\\Documents\\Cours\\BUT_2\\Git\\Photos\\vendor\\laravel\\framework\\src\\Illuminate\\Http\\Middleware\\HandleCors.php(49): Illuminate\\Pipeline\\Pipeline->{closure:{closure:Illuminate\\Pipeline\\Pipeline::carry():158}:159}(Object(Illuminate\\Http\\Request))
#35 C:\\Users\\Nathan\\Documents\\Cours\\BUT_2\\Git\\Photos\\vendor\\laravel\\framework\\src\\Illuminate\\Pipeline\\Pipeline.php(183): Illuminate\\Http\\Middleware\\HandleCors->handle(Object(Illuminate\\Http\\Request), Object(Closure))
#36 C:\\Users\\Nathan\\Documents\\Cours\\BUT_2\\Git\\Photos\\vendor\\laravel\\framework\\src\\Illuminate\\Http\\Middleware\\TrustProxies.php(39): Illuminate\\Pipeline\\Pipeline->{closure:{closure:Illuminate\\Pipeline\\Pipeline::carry():158}:159}(Object(Illuminate\\Http\\Request))
#37 C:\\Users\\Nathan\\Documents\\Cours\\BUT_2\\Git\\Photos\\vendor\\laravel\\framework\\src\\Illuminate\\Pipeline\\Pipeline.php(183): Illuminate\\Http\\Middleware\\TrustProxies->handle(Object(Illuminate\\Http\\Request), Object(Closure))
#38 C:\\Users\\Nathan\\Documents\\Cours\\BUT_2\\Git\\Photos\\vendor\\laravel\\framework\\src\\Illuminate\\Pipeline\\Pipeline.php(119): Illuminate\\Pipeline\\Pipeline->{closure:{closure:Illuminate\\Pipeline\\Pipeline::carry():158}:159}(Object(Illuminate\\Http\\Request))
#39 C:\\Users\\Nathan\\Documents\\Cours\\BUT_2\\Git\\Photos\\vendor\\laravel\\framework\\src\\Illuminate\\Foundation\\Http\\Kernel.php(175): Illuminate\\Pipeline\\Pipeline->then(Object(Closure))
#40 C:\\Users\\Nathan\\Documents\\Cours\\BUT_2\\Git\\Photos\\vendor\\laravel\\framework\\src\\Illuminate\\Foundation\\Http\\Kernel.php(144): Illuminate\\Foundation\\Http\\Kernel->sendRequestThroughRouter(Object(Illuminate\\Http\\Request))
#41 C:\\Users\\Nathan\\Documents\\Cours\\BUT_2\\Git\\Photos\\public\\index.php(51): Illuminate\\Foundation\\Http\\Kernel->handle(Object(Illuminate\\Http\\Request))
#42 C:\\Users\\Nathan\\Documents\\Cours\\BUT_2\\Git\\Photos\\vendor\\laravel\\framework\\src\\Illuminate\\Foundation\\resources\\server.php(16): require_once('C:\\\\Users\\\\Nathan...')
#43 {main}
"} 
[2025-11-04 09:44:35] production.ERROR: No application encryption key has been specified. {"exception":"[object] (Illuminate\\Encryption\\MissingAppKeyException(code: 0): No application encryption key has been specified. at C:\\Users\\Nathan\\Documents\\Cours\\BUT_2\\Git\\Photos\\vendor\\laravel\\framework\\src\\Illuminate\\Encryption\\EncryptionServiceProvider.php:79)
[stacktrace]
#0 C:\\Users\\Nathan\\Documents\\Cours\\BUT_2\\Git\\Photos\\vendor\\laravel\\framework\\src\\Illuminate\\Support\\helpers.php(320): Illuminate\\Encryption\\EncryptionServiceProvider->{closure:Illuminate\\Encryption\\EncryptionServiceProvider::key():77}(NULL)
#1 C:\\Users\\Nathan\\Documents\\Cours\\BUT_2\\Git\\Photos\\vendor\\laravel\\framework\\src\\Illuminate\\Encryption\\EncryptionServiceProvider.php(77): tap(NULL, Object(Closure))
#2 C:\\Users\\Nathan\\Documents\\Cours\\BUT_2\\Git\\Photos\\vendor\\laravel\\framework\\src\\Illuminate\\Encryption\\EncryptionServiceProvider.php(60): Illuminate\\Encryption\\EncryptionServiceProvider->key(Array)
#3 C:\\Users\\Nathan\\Documents\\Cours\\BUT_2\\Git\\Photos\\vendor\\laravel\\framework\\src\\Illuminate\\Encryption\\EncryptionServiceProvider.php(32): Illuminate\\Encryption\\EncryptionServiceProvider->parseKey(Array)
#4 C:\\Users\\Nathan\\Documents\\Cours\\BUT_2\\Git\\Photos\\vendor\\laravel\\framework\\src\\Illuminate\\Container\\Container.php(908): Illuminate\\Encryption\\EncryptionServiceProvider->{closure:Illuminate\\Encryption\\EncryptionServiceProvider::registerEncrypter():29}(Object(Illuminate\\Foundation\\Application), Array)
#5 C:\\Users\\Nathan\\Documents\\Cours\\BUT_2\\Git\\Photos\\vendor\\laravel\\framework\\src\\Illuminate\\Container\\Container.php(795): Illuminate\\Container\\Container->build(Object(Closure))
#6 C:\\Users\\Nathan\\Documents\\Cours\\BUT_2\\Git\\Photos\\vendor\\laravel\\framework\\src\\Illuminate\\Foundation\\Application.php(986): Illuminate\\Container\\Container->resolve('encrypter', Array, true)
#7 C:\\Users\\Nathan\\Documents\\Cours\\BUT_2\\Git\\Photos\\vendor\\laravel\\framework\\src\\Illuminate\\Container\\Container.php(731): Illuminate\\Foundation\\Application->resolve('encrypter', Array)
#8 C:\\Users\\Nathan\\Documents\\Cours\\BUT_2\\Git\\Photos\\vendor\\laravel\\framework\\src\\Illuminate\\Foundation\\Application.php(971): Illuminate\\Container\\Container->make('encrypter', Array)
#9 C:\\Users\\Nathan\\Documents\\Cours\\BUT_2\\Git\\Photos\\vendor\\laravel\\framework\\src\\Illuminate\\Container\\Container.php(1066): Illuminate\\Foundation\\Application->make('encrypter')
#10 C:\\Users\\Nathan\\Documents\\Cours\\BUT_2\\Git\\Photos\\vendor\\laravel\\framework\\src\\Illuminate\\Container\\Container.php(982): Illuminate\\Container\\Container->resolveClass(Object(ReflectionParameter))
#11 C:\\Users\\Nathan\\Documents\\Cours\\BUT_2\\Git\\Photos\\vendor\\laravel\\framework\\src\\Illuminate\\Container\\Container.php(943): Illuminate\\Container\\Container->resolveDependencies(Array)
#12 C:\\Users\\Nathan\\Documents\\Cours\\BUT_2\\Git\\Photos\\vendor\\laravel\\framework\\src\\Illuminate\\Container\\Container.php(795): Illuminate\\Container\\Container->build('App\\\\Http\\\\Middle...')
#13 C:\\Users\\Nathan\\Documents\\Cours\\BUT_2\\Git\\Photos\\vendor\\laravel\\framework\\src\\Illuminate\\Foundation\\Application.php(986): Illuminate\\Container\\Container->resolve('App\\\\Http\\\\Middle...', Array, true)
#14 C:\\Users\\Nathan\\Documents\\Cours\\BUT_2\\Git\\Photos\\vendor\\laravel\\framework\\src\\Illuminate\\Container\\Container.php(731): Illuminate\\Foundation\\Application->resolve('App\\\\Http\\\\Middle...', Array)
#15 C:\\Users\\Nathan\\Documents\\Cours\\BUT_2\\Git\\Photos\\vendor\\laravel\\framework\\src\\Illuminate\\Foundation\\Application.php(971): Illuminate\\Container\\Container->make('App\\\\Http\\\\Middle...', Array)
#16 C:\\Users\\Nathan\\Documents\\Cours\\BUT_2\\Git\\Photos\\vendor\\laravel\\framework\\src\\Illuminate\\Foundation\\Http\\Kernel.php(255): Illuminate\\Foundation\\Application->make('App\\\\Http\\\\Middle...')
#17 C:\\Users\\Nathan\\Documents\\Cours\\BUT_2\\Git\\Photos\\vendor\\laravel\\framework\\src\\Illuminate\\Foundation\\Http\\Kernel.php(213): Illuminate\\Foundation\\Http\\Kernel->terminateMiddleware(Object(Illuminate\\Http\\Request), Object(Illuminate\\Http\\Response))
#18 C:\\Users\\Nathan\\Documents\\Cours\\BUT_2\\Git\\Photos\\public\\index.php(55): Illuminate\\Foundation\\Http\\Kernel->terminate(Object(Illuminate\\Http\\Request), Object(Illuminate\\Http\\Response))
#19 C:\\Users\\Nathan\\Documents\\Cours\\BUT_2\\Git\\Photos\\vendor\\laravel\\framework\\src\\Illuminate\\Foundation\\resources\\server.php(16): require_once('C:\\\\Users\\\\Nathan...')
#20 {main}
"} 
[2025-11-04 09:45:01] production.ERROR: No application encryption key has been specified. {"exception":"[object] (Illuminate\\Encryption\\MissingAppKeyException(code: 0): No application encryption key has been specified. at C:\\Users\\Nathan\\Documents\\Cours\\BUT_2\\Git\\Photos\\vendor\\laravel\\framework\\src\\Illuminate\\Encryption\\EncryptionServiceProvider.php:79)
[stacktrace]
#0 C:\\Users\\Nathan\\Documents\\Cours\\BUT_2\\Git\\Photos\\vendor\\laravel\\framework\\src\\Illuminate\\Support\\helpers.php(320): Illuminate\\Encryption\\EncryptionServiceProvider->{closure:Illuminate\\Encryption\\EncryptionServiceProvider::key():77}(NULL)
#1 C:\\Users\\Nathan\\Documents\\Cours\\BUT_2\\Git\\Photos\\vendor\\laravel\\framework\\src\\Illuminate\\Encryption\\EncryptionServiceProvider.php(77): tap(NULL, Object(Closure))
#2 C:\\Users\\Nathan\\Documents\\Cours\\BUT_2\\Git\\Photos\\vendor\\laravel\\framework\\src\\Illuminate\\Encryption\\EncryptionServiceProvider.php(60): Illuminate\\Encryption\\EncryptionServiceProvider->key(Array)
#3 C:\\Users\\Nathan\\Documents\\Cours\\BUT_2\\Git\\Photos\\vendor\\laravel\\framework\\src\\Illuminate\\Encryption\\EncryptionServiceProvider.php(32): Illuminate\\Encryption\\EncryptionServiceProvider->parseKey(Array)
#4 C:\\Users\\Nathan\\Documents\\Cours\\BUT_2\\Git\\Photos\\vendor\\laravel\\framework\\src\\Illuminate\\Container\\Container.php(908): Illuminate\\Encryption\\EncryptionServiceProvider->{closure:Illuminate\\Encryption\\EncryptionServiceProvider::registerEncrypter():29}(Object(Illuminate\\Foundation\\Application), Array)
#5 C:\\Users\\Nathan\\Documents\\Cours\\BUT_2\\Git\\Photos\\vendor\\laravel\\framework\\src\\Illuminate\\Container\\Container.php(795): Illuminate\\Container\\Container->build(Object(Closure))
#6 C:\\Users\\Nathan\\Documents\\Cours\\BUT_2\\Git\\Photos\\vendor\\laravel\\framework\\src\\Illuminate\\Foundation\\Application.php(986): Illuminate\\Container\\Container->resolve('encrypter', Array, true)
#7 C:\\Users\\Nathan\\Documents\\Cours\\BUT_2\\Git\\Photos\\vendor\\laravel\\framework\\src\\Illuminate\\Container\\Container.php(731): Illuminate\\Foundation\\Application->resolve('encrypter', Array)
#8 C:\\Users\\Nathan\\Documents\\Cours\\BUT_2\\Git\\Photos\\vendor\\laravel\\framework\\src\\Illuminate\\Foundation\\Application.php(971): Illuminate\\Container\\Container->make('encrypter', Array)
#9 C:\\Users\\Nathan\\Documents\\Cours\\BUT_2\\Git\\Photos\\vendor\\laravel\\framework\\src\\Illuminate\\Container\\Container.php(1066): Illuminate\\Foundation\\Application->make('encrypter')
#10 C:\\Users\\Nathan\\Documents\\Cours\\BUT_2\\Git\\Photos\\vendor\\laravel\\framework\\src\\Illuminate\\Container\\Container.php(982): Illuminate\\Container\\Container->resolveClass(Object(ReflectionParameter))
#11 C:\\Users\\Nathan\\Documents\\Cours\\BUT_2\\Git\\Photos\\vendor\\laravel\\framework\\src\\Illuminate\\Container\\Container.php(943): Illuminate\\Container\\Container->resolveDependencies(Array)
#12 C:\\Users\\Nathan\\Documents\\Cours\\BUT_2\\Git\\Photos\\vendor\\laravel\\framework\\src\\Illuminate\\Container\\Container.php(795): Illuminate\\Container\\Container->build('App\\\\Http\\\\Middle...')
#13 C:\\Users\\Nathan\\Documents\\Cours\\BUT_2\\Git\\Photos\\vendor\\laravel\\framework\\src\\Illuminate\\Foundation\\Application.php(986): Illuminate\\Container\\Container->resolve('App\\\\Http\\\\Middle...', Array, true)
#14 C:\\Users\\Nathan\\Documents\\Cours\\BUT_2\\Git\\Photos\\vendor\\laravel\\framework\\src\\Illuminate\\Container\\Container.php(731): Illuminate\\Foundation\\Application->resolve('App\\\\Http\\\\Middle...', Array)
#15 C:\\Users\\Nathan\\Documents\\Cours\\BUT_2\\Git\\Photos\\vendor\\laravel\\framework\\src\\Illuminate\\Foundation\\Application.php(971): Illuminate\\Container\\Container->make('App\\\\Http\\\\Middle...', Array)
#16 C:\\Users\\Nathan\\Documents\\Cours\\BUT_2\\Git\\Photos\\vendor\\laravel\\framework\\src\\Illuminate\\Pipeline\\Pipeline.php(172): Illuminate\\Foundation\\Application->make('App\\\\Http\\\\Middle...')
#17 C:\\Users\\Nathan\\Documents\\Cours\\BUT_2\\Git\\Photos\\vendor\\laravel\\framework\\src\\Illuminate\\Pipeline\\Pipeline.php(119): Illuminate\\Pipeline\\Pipeline->{closure:{closure:Illuminate\\Pipeline\\Pipeline::carry():158}:159}(Object(Illuminate\\Http\\Request))
#18 C:\\Users\\Nathan\\Documents\\Cours\\BUT_2\\Git\\Photos\\vendor\\laravel\\framework\\src\\Illuminate\\Routing\\Router.php(805): Illuminate\\Pipeline\\Pipeline->then(Object(Closure))
#19 C:\\Users\\Nathan\\Documents\\Cours\\BUT_2\\Git\\Photos\\vendor\\laravel\\framework\\src\\Illuminate\\Routing\\Router.php(784): Illuminate\\Routing\\Router->runRouteWithinStack(Object(Illuminate\\Routing\\Route), Object(Illuminate\\Http\\Request))
#20 C:\\Users\\Nathan\\Documents\\Cours\\BUT_2\\Git\\Photos\\vendor\\laravel\\framework\\src\\Illuminate\\Routing\\Router.php(748): Illuminate\\Routing\\Router->runRoute(Object(Illuminate\\Http\\Request), Object(Illuminate\\Routing\\Route))
#21 C:\\Users\\Nathan\\Documents\\Cours\\BUT_2\\Git\\Photos\\vendor\\laravel\\framework\\src\\Illuminate\\Routing\\Router.php(737): Illuminate\\Routing\\Router->dispatchToRoute(Object(Illuminate\\Http\\Request))
#22 C:\\Users\\Nathan\\Documents\\Cours\\BUT_2\\Git\\Photos\\vendor\\laravel\\framework\\src\\Illuminate\\Foundation\\Http\\Kernel.php(200): Illuminate\\Routing\\Router->dispatch(Object(Illuminate\\Http\\Request))
#23 C:\\Users\\Nathan\\Documents\\Cours\\BUT_2\\Git\\Photos\\vendor\\laravel\\framework\\src\\Illuminate\\Pipeline\\Pipeline.php(144): Illuminate\\Foundation\\Http\\Kernel->{closure:Illuminate\\Foundation\\Http\\Kernel::dispatchToRouter():197}(Object(Illuminate\\Http\\Request))
#24 C:\\Users\\Nathan\\Documents\\Cours\\BUT_2\\Git\\Photos\\vendor\\laravel\\framework\\src\\Illuminate\\Foundation\\Http\\Middleware\\TransformsRequest.php(21): Illuminate\\Pipeline\\Pipeline->{closure:Illuminate\\Pipeline\\Pipeline::prepareDestination():142}(Object(Illuminate\\Http\\Request))
#25 C:\\Users\\Nathan\\Documents\\Cours\\BUT_2\\Git\\Photos\\vendor\\laravel\\framework\\src\\Illuminate\\Foundation\\Http\\Middleware\\ConvertEmptyStringsToNull.php(31): Illuminate\\Foundation\\Http\\Middleware\\TransformsRequest->handle(Object(Illuminate\\Http\\Request), Object(Closure))
#26 C:\\Users\\Nathan\\Documents\\Cours\\BUT_2\\Git\\Photos\\vendor\\laravel\\framework\\src\\Illuminate\\Pipeline\\Pipeline.php(183): Illuminate\\Foundation\\Http\\Middleware\\ConvertEmptyStringsToNull->handle(Object(Illuminate\\Http\\Request), Object(Closure))
#27 C:\\Users\\Nathan\\Documents\\Cours\\BUT_2\\Git\\Photos\\vendor\\laravel\\framework\\src\\Illuminate\\Foundation\\Http\\Middleware\\TransformsRequest.php(21): Illuminate\\Pipeline\\Pipeline->{closure:{closure:Illuminate\\Pipeline\\Pipeline::carry():158}:159}(Object(Illuminate\\Http\\Request))
#28 C:\\Users\\Nathan\\Documents\\Cours\\BUT_2\\Git\\Photos\\vendor\\laravel\\framework\\src\\Illuminate\\Foundation\\Http\\Middleware\\TrimStrings.php(40): Illuminate\\Foundation\\Http\\Middleware\\TransformsRequest->handle(Object(Illuminate\\Http\\Request), Object(Closure))
#29 C:\\Users\\Nathan\\Documents\\Cours\\BUT_2\\Git\\Photos\\vendor\\laravel\\framework\\src\\Illuminate\\Pipeline\\Pipeline.php(183): Illuminate\\Foundation\\Http\\Middleware\\TrimStrings->handle(Object(Illuminate\\Http\\Request), Object(Closure))
#30 C:\\Users\\Nathan\\Documents\\Cours\\BUT_2\\Git\\Photos\\vendor\\laravel\\framework\\src\\Illuminate\\Foundation\\Http\\Middleware\\ValidatePostSize.php(27): Illuminate\\Pipeline\\Pipeline->{closure:{closure:Illuminate\\Pipeline\\Pipeline::carry():158}:159}(Object(Illuminate\\Http\\Request))
#31 C:\\Users\\Nathan\\Documents\\Cours\\BUT_2\\Git\\Photos\\vendor\\laravel\\framework\\src\\Illuminate\\Pipeline\\Pipeline.php(183): Illuminate\\Foundation\\Http\\Middleware\\ValidatePostSize->handle(Object(Illuminate\\Http\\Request), Object(Closure))
#32 C:\\Users\\Nathan\\Documents\\Cours\\BUT_2\\Git\\Photos\\vendor\\laravel\\framework\\src\\Illuminate\\Foundation\\Http\\Middleware\\PreventRequestsDuringMaintenance.php(99): Illuminate\\Pipeline\\Pipeline->{closure:{closure:Illuminate\\Pipeline\\Pipeline::carry():158}:159}(Object(Illuminate\\Http\\Request))
#33 C:\\Users\\Nathan\\Documents\\Cours\\BUT_2\\Git\\Photos\\vendor\\laravel\\framework\\src\\Illuminate\\Pipeline\\Pipeline.php(183): Illuminate\\Foundation\\Http\\Middleware\\PreventRequestsDuringMaintenance->handle(Object(Illuminate\\Http\\Request), Object(Closure))
#34 C:\\Users\\Nathan\\Documents\\Cours\\BUT_2\\Git\\Photos\\vendor\\laravel\\framework\\src\\Illuminate\\Http\\Middleware\\HandleCors.php(49): Illuminate\\Pipeline\\Pipeline->{closure:{closure:Illuminate\\Pipeline\\Pipeline::carry():158}:159}(Object(Illuminate\\Http\\Request))
#35 C:\\Users\\Nathan\\Documents\\Cours\\BUT_2\\Git\\Photos\\vendor\\laravel\\framework\\src\\Illuminate\\Pipeline\\Pipeline.php(183): Illuminate\\Http\\Middleware\\HandleCors->handle(Object(Illuminate\\Http\\Request), Object(Closure))
#36 C:\\Users\\Nathan\\Documents\\Cours\\BUT_2\\Git\\Photos\\vendor\\laravel\\framework\\src\\Illuminate\\Http\\Middleware\\TrustProxies.php(39): Illuminate\\Pipeline\\Pipeline->{closure:{closure:Illuminate\\Pipeline\\Pipeline::carry():158}:159}(Object(Illuminate\\Http\\Request))
#37 C:\\Users\\Nathan\\Documents\\Cours\\BUT_2\\Git\\Photos\\vendor\\laravel\\framework\\src\\Illuminate\\Pipeline\\Pipeline.php(183): Illuminate\\Http\\Middleware\\TrustProxies->handle(Object(Illuminate\\Http\\Request), Object(Closure))
#38 C:\\Users\\Nathan\\Documents\\Cours\\BUT_2\\Git\\Photos\\vendor\\laravel\\framework\\src\\Illuminate\\Pipeline\\Pipeline.php(119): Illuminate\\Pipeline\\Pipeline->{closure:{closure:Illuminate\\Pipeline\\Pipeline::carry():158}:159}(Object(Illuminate\\Http\\Request))
#39 C:\\Users\\Nathan\\Documents\\Cours\\BUT_2\\Git\\Photos\\vendor\\laravel\\framework\\src\\Illuminate\\Foundation\\Http\\Kernel.php(175): Illuminate\\Pipeline\\Pipeline->then(Object(Closure))
#40 C:\\Users\\Nathan\\Documents\\Cours\\BUT_2\\Git\\Photos\\vendor\\laravel\\framework\\src\\Illuminate\\Foundation\\Http\\Kernel.php(144): Illuminate\\Foundation\\Http\\Kernel->sendRequestThroughRouter(Object(Illuminate\\Http\\Request))
#41 C:\\Users\\Nathan\\Documents\\Cours\\BUT_2\\Git\\Photos\\public\\index.php(51): Illuminate\\Foundation\\Http\\Kernel->handle(Object(Illuminate\\Http\\Request))
#42 C:\\Users\\Nathan\\Documents\\Cours\\BUT_2\\Git\\Photos\\vendor\\laravel\\framework\\src\\Illuminate\\Foundation\\resources\\server.php(16): require_once('C:\\\\Users\\\\Nathan...')
#43 {main}
"} 
[2025-11-04 09:45:01] production.ERROR: No application encryption key has been specified. {"exception":"[object] (Illuminate\\Encryption\\MissingAppKeyException(code: 0): No application encryption key has been specified. at C:\\Users\\Nathan\\Documents\\Cours\\BUT_2\\Git\\Photos\\vendor\\laravel\\framework\\src\\Illuminate\\Encryption\\EncryptionServiceProvider.php:79)
[stacktrace]
#0 C:\\Users\\Nathan\\Documents\\Cours\\BUT_2\\Git\\Photos\\vendor\\laravel\\framework\\src\\Illuminate\\Support\\helpers.php(320): Illuminate\\Encryption\\EncryptionServiceProvider->{closure:Illuminate\\Encryption\\EncryptionServiceProvider::key():77}(NULL)
#1 C:\\Users\\Nathan\\Documents\\Cours\\BUT_2\\Git\\Photos\\vendor\\laravel\\framework\\src\\Illuminate\\Encryption\\EncryptionServiceProvider.php(77): tap(NULL, Object(Closure))
#2 C:\\Users\\Nathan\\Documents\\Cours\\BUT_2\\Git\\Photos\\vendor\\laravel\\framework\\src\\Illuminate\\Encryption\\EncryptionServiceProvider.php(60): Illuminate\\Encryption\\EncryptionServiceProvider->key(Array)
#3 C:\\Users\\Nathan\\Documents\\Cours\\BUT_2\\Git\\Photos\\vendor\\laravel\\framework\\src\\Illuminate\\Encryption\\EncryptionServiceProvider.php(32): Illuminate\\Encryption\\EncryptionServiceProvider->parseKey(Array)
#4 C:\\Users\\Nathan\\Documents\\Cours\\BUT_2\\Git\\Photos\\vendor\\laravel\\framework\\src\\Illuminate\\Container\\Container.php(908): Illuminate\\Encryption\\EncryptionServiceProvider->{closure:Illuminate\\Encryption\\EncryptionServiceProvider::registerEncrypter():29}(Object(Illuminate\\Foundation\\Application), Array)
#5 C:\\Users\\Nathan\\Documents\\Cours\\BUT_2\\Git\\Photos\\vendor\\laravel\\framework\\src\\Illuminate\\Container\\Container.php(795): Illuminate\\Container\\Container->build(Object(Closure))
#6 C:\\Users\\Nathan\\Documents\\Cours\\BUT_2\\Git\\Photos\\vendor\\laravel\\framework\\src\\Illuminate\\Foundation\\Application.php(986): Illuminate\\Container\\Container->resolve('encrypter', Array, true)
#7 C:\\Users\\Nathan\\Documents\\Cours\\BUT_2\\Git\\Photos\\vendor\\laravel\\framework\\src\\Illuminate\\Container\\Container.php(731): Illuminate\\Foundation\\Application->resolve('encrypter', Array)
#8 C:\\Users\\Nathan\\Documents\\Cours\\BUT_2\\Git\\Photos\\vendor\\laravel\\framework\\src\\Illuminate\\Foundation\\Application.php(971): Illuminate\\Container\\Container->make('encrypter', Array)
#9 C:\\Users\\Nathan\\Documents\\Cours\\BUT_2\\Git\\Photos\\vendor\\laravel\\framework\\src\\Illuminate\\Container\\Container.php(1066): Illuminate\\Foundation\\Application->make('encrypter')
#10 C:\\Users\\Nathan\\Documents\\Cours\\BUT_2\\Git\\Photos\\vendor\\laravel\\framework\\src\\Illuminate\\Container\\Container.php(982): Illuminate\\Container\\Container->resolveClass(Object(ReflectionParameter))
#11 C:\\Users\\Nathan\\Documents\\Cours\\BUT_2\\Git\\Photos\\vendor\\laravel\\framework\\src\\Illuminate\\Container\\Container.php(943): Illuminate\\Container\\Container->resolveDependencies(Array)
#12 C:\\Users\\Nathan\\Documents\\Cours\\BUT_2\\Git\\Photos\\vendor\\laravel\\framework\\src\\Illuminate\\Container\\Container.php(795): Illuminate\\Container\\Container->build('App\\\\Http\\\\Middle...')
#13 C:\\Users\\Nathan\\Documents\\Cours\\BUT_2\\Git\\Photos\\vendor\\laravel\\framework\\src\\Illuminate\\Foundation\\Application.php(986): Illuminate\\Container\\Container->resolve('App\\\\Http\\\\Middle...', Array, true)
#14 C:\\Users\\Nathan\\Documents\\Cours\\BUT_2\\Git\\Photos\\vendor\\laravel\\framework\\src\\Illuminate\\Container\\Container.php(731): Illuminate\\Foundation\\Application->resolve('App\\\\Http\\\\Middle...', Array)
#15 C:\\Users\\Nathan\\Documents\\Cours\\BUT_2\\Git\\Photos\\vendor\\laravel\\framework\\src\\Illuminate\\Foundation\\Application.php(971): Illuminate\\Container\\Container->make('App\\\\Http\\\\Middle...', Array)
#16 C:\\Users\\Nathan\\Documents\\Cours\\BUT_2\\Git\\Photos\\vendor\\laravel\\framework\\src\\Illuminate\\Foundation\\Http\\Kernel.php(255): Illuminate\\Foundation\\Application->make('App\\\\Http\\\\Middle...')
#17 C:\\Users\\Nathan\\Documents\\Cours\\BUT_2\\Git\\Photos\\vendor\\laravel\\framework\\src\\Illuminate\\Foundation\\Http\\Kernel.php(213): Illuminate\\Foundation\\Http\\Kernel->terminateMiddleware(Object(Illuminate\\Http\\Request), Object(Illuminate\\Http\\Response))
#18 C:\\Users\\Nathan\\Documents\\Cours\\BUT_2\\Git\\Photos\\public\\index.php(55): Illuminate\\Foundation\\Http\\Kernel->terminate(Object(Illuminate\\Http\\Request), Object(Illuminate\\Http\\Response))
#19 C:\\Users\\Nathan\\Documents\\Cours\\BUT_2\\Git\\Photos\\vendor\\laravel\\framework\\src\\Illuminate\\Foundation\\resources\\server.php(16): require_once('C:\\\\Users\\\\Nathan...')
#20 {main}
"} 
[2025-11-04 09:45:02] production.ERROR: No application encryption key has been specified. {"exception":"[object] (Illuminate\\Encryption\\MissingAppKeyException(code: 0): No application encryption key has been specified. at C:\\Users\\Nathan\\Documents\\Cours\\BUT_2\\Git\\Photos\\vendor\\laravel\\framework\\src\\Illuminate\\Encryption\\EncryptionServiceProvider.php:79)
[stacktrace]
#0 C:\\Users\\Nathan\\Documents\\Cours\\BUT_2\\Git\\Photos\\vendor\\laravel\\framework\\src\\Illuminate\\Support\\helpers.php(320): Illuminate\\Encryption\\EncryptionServiceProvider->{closure:Illuminate\\Encryption\\EncryptionServiceProvider::key():77}(NULL)
#1 C:\\Users\\Nathan\\Documents\\Cours\\BUT_2\\Git\\Photos\\vendor\\laravel\\framework\\src\\Illuminate\\Encryption\\EncryptionServiceProvider.php(77): tap(NULL, Object(Closure))
#2 C:\\Users\\Nathan\\Documents\\Cours\\BUT_2\\Git\\Photos\\vendor\\laravel\\framework\\src\\Illuminate\\Encryption\\EncryptionServiceProvider.php(60): Illuminate\\Encryption\\EncryptionServiceProvider->key(Array)
#3 C:\\Users\\Nathan\\Documents\\Cours\\BUT_2\\Git\\Photos\\vendor\\laravel\\framework\\src\\Illuminate\\Encryption\\EncryptionServiceProvider.php(32): Illuminate\\Encryption\\EncryptionServiceProvider->parseKey(Array)
#4 C:\\Users\\Nathan\\Documents\\Cours\\BUT_2\\Git\\Photos\\vendor\\laravel\\framework\\src\\Illuminate\\Container\\Container.php(908): Illuminate\\Encryption\\EncryptionServiceProvider->{closure:Illuminate\\Encryption\\EncryptionServiceProvider::registerEncrypter():29}(Object(Illuminate\\Foundation\\Application), Array)
#5 C:\\Users\\Nathan\\Documents\\Cours\\BUT_2\\Git\\Photos\\vendor\\laravel\\framework\\src\\Illuminate\\Container\\Container.php(795): Illuminate\\Container\\Container->build(Object(Closure))
#6 C:\\Users\\Nathan\\Documents\\Cours\\BUT_2\\Git\\Photos\\vendor\\laravel\\framework\\src\\Illuminate\\Foundation\\Application.php(986): Illuminate\\Container\\Container->resolve('encrypter', Array, true)
#7 C:\\Users\\Nathan\\Documents\\Cours\\BUT_2\\Git\\Photos\\vendor\\laravel\\framework\\src\\Illuminate\\Container\\Container.php(731): Illuminate\\Foundation\\Application->resolve('encrypter', Array)
#8 C:\\Users\\Nathan\\Documents\\Cours\\BUT_2\\Git\\Photos\\vendor\\laravel\\framework\\src\\Illuminate\\Foundation\\Application.php(971): Illuminate\\Container\\Container->make('encrypter', Array)
#9 C:\\Users\\Nathan\\Documents\\Cours\\BUT_2\\Git\\Photos\\vendor\\laravel\\framework\\src\\Illuminate\\Container\\Container.php(1066): Illuminate\\Foundation\\Application->make('encrypter')
#10 C:\\Users\\Nathan\\Documents\\Cours\\BUT_2\\Git\\Photos\\vendor\\laravel\\framework\\src\\Illuminate\\Container\\Container.php(982): Illuminate\\Container\\Container->resolveClass(Object(ReflectionParameter))
#11 C:\\Users\\Nathan\\Documents\\Cours\\BUT_2\\Git\\Photos\\vendor\\laravel\\framework\\src\\Illuminate\\Container\\Container.php(943): Illuminate\\Container\\Container->resolveDependencies(Array)
#12 C:\\Users\\Nathan\\Documents\\Cours\\BUT_2\\Git\\Photos\\vendor\\laravel\\framework\\src\\Illuminate\\Container\\Container.php(795): Illuminate\\Container\\Container->build('App\\\\Http\\\\Middle...')
#13 C:\\Users\\Nathan\\Documents\\Cours\\BUT_2\\Git\\Photos\\vendor\\laravel\\framework\\src\\Illuminate\\Foundation\\Application.php(986): Illuminate\\Container\\Container->resolve('App\\\\Http\\\\Middle...', Array, true)
#14 C:\\Users\\Nathan\\Documents\\Cours\\BUT_2\\Git\\Photos\\vendor\\laravel\\framework\\src\\Illuminate\\Container\\Container.php(731): Illuminate\\Foundation\\Application->resolve('App\\\\Http\\\\Middle...', Array)
#15 C:\\Users\\Nathan\\Documents\\Cours\\BUT_2\\Git\\Photos\\vendor\\laravel\\framework\\src\\Illuminate\\Foundation\\Application.php(971): Illuminate\\Container\\Container->make('App\\\\Http\\\\Middle...', Array)
#16 C:\\Users\\Nathan\\Documents\\Cours\\BUT_2\\Git\\Photos\\vendor\\laravel\\framework\\src\\Illuminate\\Pipeline\\Pipeline.php(172): Illuminate\\Foundation\\Application->make('App\\\\Http\\\\Middle...')
#17 C:\\Users\\Nathan\\Documents\\Cours\\BUT_2\\Git\\Photos\\vendor\\laravel\\framework\\src\\Illuminate\\Pipeline\\Pipeline.php(119): Illuminate\\Pipeline\\Pipeline->{closure:{closure:Illuminate\\Pipeline\\Pipeline::carry():158}:159}(Object(Illuminate\\Http\\Request))
#18 C:\\Users\\Nathan\\Documents\\Cours\\BUT_2\\Git\\Photos\\vendor\\laravel\\framework\\src\\Illuminate\\Routing\\Router.php(805): Illuminate\\Pipeline\\Pipeline->then(Object(Closure))
#19 C:\\Users\\Nathan\\Documents\\Cours\\BUT_2\\Git\\Photos\\vendor\\laravel\\framework\\src\\Illuminate\\Routing\\Router.php(784): Illuminate\\Routing\\Router->runRouteWithinStack(Object(Illuminate\\Routing\\Route), Object(Illuminate\\Http\\Request))
#20 C:\\Users\\Nathan\\Documents\\Cours\\BUT_2\\Git\\Photos\\vendor\\laravel\\framework\\src\\Illuminate\\Routing\\Router.php(748): Illuminate\\Routing\\Router->runRoute(Object(Illuminate\\Http\\Request), Object(Illuminate\\Routing\\Route))
#21 C:\\Users\\Nathan\\Documents\\Cours\\BUT_2\\Git\\Photos\\vendor\\laravel\\framework\\src\\Illuminate\\Routing\\Router.php(737): Illuminate\\Routing\\Router->dispatchToRoute(Object(Illuminate\\Http\\Request))
#22 C:\\Users\\Nathan\\Documents\\Cours\\BUT_2\\Git\\Photos\\vendor\\laravel\\framework\\src\\Illuminate\\Foundation\\Http\\Kernel.php(200): Illuminate\\Routing\\Router->dispatch(Object(Illuminate\\Http\\Request))
#23 C:\\Users\\Nathan\\Documents\\Cours\\BUT_2\\Git\\Photos\\vendor\\laravel\\framework\\src\\Illuminate\\Pipeline\\Pipeline.php(144): Illuminate\\Foundation\\Http\\Kernel->{closure:Illuminate\\Foundation\\Http\\Kernel::dispatchToRouter():197}(Object(Illuminate\\Http\\Request))
#24 C:\\Users\\Nathan\\Documents\\Cours\\BUT_2\\Git\\Photos\\vendor\\laravel\\framework\\src\\Illuminate\\Foundation\\Http\\Middleware\\TransformsRequest.php(21): Illuminate\\Pipeline\\Pipeline->{closure:Illuminate\\Pipeline\\Pipeline::prepareDestination():142}(Object(Illuminate\\Http\\Request))
#25 C:\\Users\\Nathan\\Documents\\Cours\\BUT_2\\Git\\Photos\\vendor\\laravel\\framework\\src\\Illuminate\\Foundation\\Http\\Middleware\\ConvertEmptyStringsToNull.php(31): Illuminate\\Foundation\\Http\\Middleware\\TransformsRequest->handle(Object(Illuminate\\Http\\Request), Object(Closure))
#26 C:\\Users\\Nathan\\Documents\\Cours\\BUT_2\\Git\\Photos\\vendor\\laravel\\framework\\src\\Illuminate\\Pipeline\\Pipeline.php(183): Illuminate\\Foundation\\Http\\Middleware\\ConvertEmptyStringsToNull->handle(Object(Illuminate\\Http\\Request), Object(Closure))
#27 C:\\Users\\Nathan\\Documents\\Cours\\BUT_2\\Git\\Photos\\vendor\\laravel\\framework\\src\\Illuminate\\Foundation\\Http\\Middleware\\TransformsRequest.php(21): Illuminate\\Pipeline\\Pipeline->{closure:{closure:Illuminate\\Pipeline\\Pipeline::carry():158}:159}(Object(Illuminate\\Http\\Request))
#28 C:\\Users\\Nathan\\Documents\\Cours\\BUT_2\\Git\\Photos\\vendor\\laravel\\framework\\src\\Illuminate\\Foundation\\Http\\Middleware\\TrimStrings.php(40): Illuminate\\Foundation\\Http\\Middleware\\TransformsRequest->handle(Object(Illuminate\\Http\\Request), Object(Closure))
#29 C:\\Users\\Nathan\\Documents\\Cours\\BUT_2\\Git\\Photos\\vendor\\laravel\\framework\\src\\Illuminate\\Pipeline\\Pipeline.php(183): Illuminate\\Foundation\\Http\\Middleware\\TrimStrings->handle(Object(Illuminate\\Http\\Request), Object(Closure))
#30 C:\\Users\\Nathan\\Documents\\Cours\\BUT_2\\Git\\Photos\\vendor\\laravel\\framework\\src\\Illuminate\\Foundation\\Http\\Middleware\\ValidatePostSize.php(27): Illuminate\\Pipeline\\Pipeline->{closure:{closure:Illuminate\\Pipeline\\Pipeline::carry():158}:159}(Object(Illuminate\\Http\\Request))
#31 C:\\Users\\Nathan\\Documents\\Cours\\BUT_2\\Git\\Photos\\vendor\\laravel\\framework\\src\\Illuminate\\Pipeline\\Pipeline.php(183): Illuminate\\Foundation\\Http\\Middleware\\ValidatePostSize->handle(Object(Illuminate\\Http\\Request), Object(Closure))
#32 C:\\Users\\Nathan\\Documents\\Cours\\BUT_2\\Git\\Photos\\vendor\\laravel\\framework\\src\\Illuminate\\Foundation\\Http\\Middleware\\PreventRequestsDuringMaintenance.php(99): Illuminate\\Pipeline\\Pipeline->{closure:{closure:Illuminate\\Pipeline\\Pipeline::carry():158}:159}(Object(Illuminate\\Http\\Request))
#33 C:\\Users\\Nathan\\Documents\\Cours\\BUT_2\\Git\\Photos\\vendor\\laravel\\framework\\src\\Illuminate\\Pipeline\\Pipeline.php(183): Illuminate\\Foundation\\Http\\Middleware\\PreventRequestsDuringMaintenance->handle(Object(Illuminate\\Http\\Request), Object(Closure))
#34 C:\\Users\\Nathan\\Documents\\Cours\\BUT_2\\Git\\Photos\\vendor\\laravel\\framework\\src\\Illuminate\\Http\\Middleware\\HandleCors.php(49): Illuminate\\Pipeline\\Pipeline->{closure:{closure:Illuminate\\Pipeline\\Pipeline::carry():158}:159}(Object(Illuminate\\Http\\Request))
#35 C:\\Users\\Nathan\\Documents\\Cours\\BUT_2\\Git\\Photos\\vendor\\laravel\\framework\\src\\Illuminate\\Pipeline\\Pipeline.php(183): Illuminate\\Http\\Middleware\\HandleCors->handle(Object(Illuminate\\Http\\Request), Object(Closure))
#36 C:\\Users\\Nathan\\Documents\\Cours\\BUT_2\\Git\\Photos\\vendor\\laravel\\framework\\src\\Illuminate\\Http\\Middleware\\TrustProxies.php(39): Illuminate\\Pipeline\\Pipeline->{closure:{closure:Illuminate\\Pipeline\\Pipeline::carry():158}:159}(Object(Illuminate\\Http\\Request))
#37 C:\\Users\\Nathan\\Documents\\Cours\\BUT_2\\Git\\Photos\\vendor\\laravel\\framework\\src\\Illuminate\\Pipeline\\Pipeline.php(183): Illuminate\\Http\\Middleware\\TrustProxies->handle(Object(Illuminate\\Http\\Request), Object(Closure))
#38 C:\\Users\\Nathan\\Documents\\Cours\\BUT_2\\Git\\Photos\\vendor\\laravel\\framework\\src\\Illuminate\\Pipeline\\Pipeline.php(119): Illuminate\\Pipeline\\Pipeline->{closure:{closure:Illuminate\\Pipeline\\Pipeline::carry():158}:159}(Object(Illuminate\\Http\\Request))
#39 C:\\Users\\Nathan\\Documents\\Cours\\BUT_2\\Git\\Photos\\vendor\\laravel\\framework\\src\\Illuminate\\Foundation\\Http\\Kernel.php(175): Illuminate\\Pipeline\\Pipeline->then(Object(Closure))
#40 C:\\Users\\Nathan\\Documents\\Cours\\BUT_2\\Git\\Photos\\vendor\\laravel\\framework\\src\\Illuminate\\Foundation\\Http\\Kernel.php(144): Illuminate\\Foundation\\Http\\Kernel->sendRequestThroughRouter(Object(Illuminate\\Http\\Request))
#41 C:\\Users\\Nathan\\Documents\\Cours\\BUT_2\\Git\\Photos\\public\\index.php(51): Illuminate\\Foundation\\Http\\Kernel->handle(Object(Illuminate\\Http\\Request))
#42 C:\\Users\\Nathan\\Documents\\Cours\\BUT_2\\Git\\Photos\\vendor\\laravel\\framework\\src\\Illuminate\\Foundation\\resources\\server.php(16): require_once('C:\\\\Users\\\\Nathan...')
#43 {main}
"} 
[2025-11-04 09:45:02] production.ERROR: No application encryption key has been specified. {"exception":"[object] (Illuminate\\Encryption\\MissingAppKeyException(code: 0): No application encryption key has been specified. at C:\\Users\\Nathan\\Documents\\Cours\\BUT_2\\Git\\Photos\\vendor\\laravel\\framework\\src\\Illuminate\\Encryption\\EncryptionServiceProvider.php:79)
[stacktrace]
#0 C:\\Users\\Nathan\\Documents\\Cours\\BUT_2\\Git\\Photos\\vendor\\laravel\\framework\\src\\Illuminate\\Support\\helpers.php(320): Illuminate\\Encryption\\EncryptionServiceProvider->{closure:Illuminate\\Encryption\\EncryptionServiceProvider::key():77}(NULL)
#1 C:\\Users\\Nathan\\Documents\\Cours\\BUT_2\\Git\\Photos\\vendor\\laravel\\framework\\src\\Illuminate\\Encryption\\EncryptionServiceProvider.php(77): tap(NULL, Object(Closure))
#2 C:\\Users\\Nathan\\Documents\\Cours\\BUT_2\\Git\\Photos\\vendor\\laravel\\framework\\src\\Illuminate\\Encryption\\EncryptionServiceProvider.php(60): Illuminate\\Encryption\\EncryptionServiceProvider->key(Array)
#3 C:\\Users\\Nathan\\Documents\\Cours\\BUT_2\\Git\\Photos\\vendor\\laravel\\framework\\src\\Illuminate\\Encryption\\EncryptionServiceProvider.php(32): Illuminate\\Encryption\\EncryptionServiceProvider->parseKey(Array)
#4 C:\\Users\\Nathan\\Documents\\Cours\\BUT_2\\Git\\Photos\\vendor\\laravel\\framework\\src\\Illuminate\\Container\\Container.php(908): Illuminate\\Encryption\\EncryptionServiceProvider->{closure:Illuminate\\Encryption\\EncryptionServiceProvider::registerEncrypter():29}(Object(Illuminate\\Foundation\\Application), Array)
#5 C:\\Users\\Nathan\\Documents\\Cours\\BUT_2\\Git\\Photos\\vendor\\laravel\\framework\\src\\Illuminate\\Container\\Container.php(795): Illuminate\\Container\\Container->build(Object(Closure))
#6 C:\\Users\\Nathan\\Documents\\Cours\\BUT_2\\Git\\Photos\\vendor\\laravel\\framework\\src\\Illuminate\\Foundation\\Application.php(986): Illuminate\\Container\\Container->resolve('encrypter', Array, true)
#7 C:\\Users\\Nathan\\Documents\\Cours\\BUT_2\\Git\\Photos\\vendor\\laravel\\framework\\src\\Illuminate\\Container\\Container.php(731): Illuminate\\Foundation\\Application->resolve('encrypter', Array)
#8 C:\\Users\\Nathan\\Documents\\Cours\\BUT_2\\Git\\Photos\\vendor\\laravel\\framework\\src\\Illuminate\\Foundation\\Application.php(971): Illuminate\\Container\\Container->make('encrypter', Array)
#9 C:\\Users\\Nathan\\Documents\\Cours\\BUT_2\\Git\\Photos\\vendor\\laravel\\framework\\src\\Illuminate\\Container\\Container.php(1066): Illuminate\\Foundation\\Application->make('encrypter')
#10 C:\\Users\\Nathan\\Documents\\Cours\\BUT_2\\Git\\Photos\\vendor\\laravel\\framework\\src\\Illuminate\\Container\\Container.php(982): Illuminate\\Container\\Container->resolveClass(Object(ReflectionParameter))
#11 C:\\Users\\Nathan\\Documents\\Cours\\BUT_2\\Git\\Photos\\vendor\\laravel\\framework\\src\\Illuminate\\Container\\Container.php(943): Illuminate\\Container\\Container->resolveDependencies(Array)
#12 C:\\Users\\Nathan\\Documents\\Cours\\BUT_2\\Git\\Photos\\vendor\\laravel\\framework\\src\\Illuminate\\Container\\Container.php(795): Illuminate\\Container\\Container->build('App\\\\Http\\\\Middle...')
#13 C:\\Users\\Nathan\\Documents\\Cours\\BUT_2\\Git\\Photos\\vendor\\laravel\\framework\\src\\Illuminate\\Foundation\\Application.php(986): Illuminate\\Container\\Container->resolve('App\\\\Http\\\\Middle...', Array, true)
#14 C:\\Users\\Nathan\\Documents\\Cours\\BUT_2\\Git\\Photos\\vendor\\laravel\\framework\\src\\Illuminate\\Container\\Container.php(731): Illuminate\\Foundation\\Application->resolve('App\\\\Http\\\\Middle...', Array)
#15 C:\\Users\\Nathan\\Documents\\Cours\\BUT_2\\Git\\Photos\\vendor\\laravel\\framework\\src\\Illuminate\\Foundation\\Application.php(971): Illuminate\\Container\\Container->make('App\\\\Http\\\\Middle...', Array)
#16 C:\\Users\\Nathan\\Documents\\Cours\\BUT_2\\Git\\Photos\\vendor\\laravel\\framework\\src\\Illuminate\\Foundation\\Http\\Kernel.php(255): Illuminate\\Foundation\\Application->make('App\\\\Http\\\\Middle...')
#17 C:\\Users\\Nathan\\Documents\\Cours\\BUT_2\\Git\\Photos\\vendor\\laravel\\framework\\src\\Illuminate\\Foundation\\Http\\Kernel.php(213): Illuminate\\Foundation\\Http\\Kernel->terminateMiddleware(Object(Illuminate\\Http\\Request), Object(Illuminate\\Http\\Response))
#18 C:\\Users\\Nathan\\Documents\\Cours\\BUT_2\\Git\\Photos\\public\\index.php(55): Illuminate\\Foundation\\Http\\Kernel->terminate(Object(Illuminate\\Http\\Request), Object(Illuminate\\Http\\Response))
#19 C:\\Users\\Nathan\\Documents\\Cours\\BUT_2\\Git\\Photos\\vendor\\laravel\\framework\\src\\Illuminate\\Foundation\\resources\\server.php(16): require_once('C:\\\\Users\\\\Nathan...')
#20 {main}
"} 
[2025-11-04 09:45:02] production.ERROR: No application encryption key has been specified. {"exception":"[object] (Illuminate\\Encryption\\MissingAppKeyException(code: 0): No application encryption key has been specified. at C:\\Users\\Nathan\\Documents\\Cours\\BUT_2\\Git\\Photos\\vendor\\laravel\\framework\\src\\Illuminate\\Encryption\\EncryptionServiceProvider.php:79)
[stacktrace]
#0 C:\\Users\\Nathan\\Documents\\Cours\\BUT_2\\Git\\Photos\\vendor\\laravel\\framework\\src\\Illuminate\\Support\\helpers.php(320): Illuminate\\Encryption\\EncryptionServiceProvider->{closure:Illuminate\\Encryption\\EncryptionServiceProvider::key():77}(NULL)
#1 C:\\Users\\Nathan\\Documents\\Cours\\BUT_2\\Git\\Photos\\vendor\\laravel\\framework\\src\\Illuminate\\Encryption\\EncryptionServiceProvider.php(77): tap(NULL, Object(Closure))
#2 C:\\Users\\Nathan\\Documents\\Cours\\BUT_2\\Git\\Photos\\vendor\\laravel\\framework\\src\\Illuminate\\Encryption\\EncryptionServiceProvider.php(60): Illuminate\\Encryption\\EncryptionServiceProvider->key(Array)
#3 C:\\Users\\Nathan\\Documents\\Cours\\BUT_2\\Git\\Photos\\vendor\\laravel\\framework\\src\\Illuminate\\Encryption\\EncryptionServiceProvider.php(32): Illuminate\\Encryption\\EncryptionServiceProvider->parseKey(Array)
#4 C:\\Users\\Nathan\\Documents\\Cours\\BUT_2\\Git\\Photos\\vendor\\laravel\\framework\\src\\Illuminate\\Container\\Container.php(908): Illuminate\\Encryption\\EncryptionServiceProvider->{closure:Illuminate\\Encryption\\EncryptionServiceProvider::registerEncrypter():29}(Object(Illuminate\\Foundation\\Application), Array)
#5 C:\\Users\\Nathan\\Documents\\Cours\\BUT_2\\Git\\Photos\\vendor\\laravel\\framework\\src\\Illuminate\\Container\\Container.php(795): Illuminate\\Container\\Container->build(Object(Closure))
#6 C:\\Users\\Nathan\\Documents\\Cours\\BUT_2\\Git\\Photos\\vendor\\laravel\\framework\\src\\Illuminate\\Foundation\\Application.php(986): Illuminate\\Container\\Container->resolve('encrypter', Array, true)
#7 C:\\Users\\Nathan\\Documents\\Cours\\BUT_2\\Git\\Photos\\vendor\\laravel\\framework\\src\\Illuminate\\Container\\Container.php(731): Illuminate\\Foundation\\Application->resolve('encrypter', Array)
#8 C:\\Users\\Nathan\\Documents\\Cours\\BUT_2\\Git\\Photos\\vendor\\laravel\\framework\\src\\Illuminate\\Foundation\\Application.php(971): Illuminate\\Container\\Container->make('encrypter', Array)
#9 C:\\Users\\Nathan\\Documents\\Cours\\BUT_2\\Git\\Photos\\vendor\\laravel\\framework\\src\\Illuminate\\Container\\Container.php(1066): Illuminate\\Foundation\\Application->make('encrypter')
#10 C:\\Users\\Nathan\\Documents\\Cours\\BUT_2\\Git\\Photos\\vendor\\laravel\\framework\\src\\Illuminate\\Container\\Container.php(982): Illuminate\\Container\\Container->resolveClass(Object(ReflectionParameter))
#11 C:\\Users\\Nathan\\Documents\\Cours\\BUT_2\\Git\\Photos\\vendor\\laravel\\framework\\src\\Illuminate\\Container\\Container.php(943): Illuminate\\Container\\Container->resolveDependencies(Array)
#12 C:\\Users\\Nathan\\Documents\\Cours\\BUT_2\\Git\\Photos\\vendor\\laravel\\framework\\src\\Illuminate\\Container\\Container.php(795): Illuminate\\Container\\Container->build('App\\\\Http\\\\Middle...')
#13 C:\\Users\\Nathan\\Documents\\Cours\\BUT_2\\Git\\Photos\\vendor\\laravel\\framework\\src\\Illuminate\\Foundation\\Application.php(986): Illuminate\\Container\\Container->resolve('App\\\\Http\\\\Middle...', Array, true)
#14 C:\\Users\\Nathan\\Documents\\Cours\\BUT_2\\Git\\Photos\\vendor\\laravel\\framework\\src\\Illuminate\\Container\\Container.php(731): Illuminate\\Foundation\\Application->resolve('App\\\\Http\\\\Middle...', Array)
#15 C:\\Users\\Nathan\\Documents\\Cours\\BUT_2\\Git\\Photos\\vendor\\laravel\\framework\\src\\Illuminate\\Foundation\\Application.php(971): Illuminate\\Container\\Container->make('App\\\\Http\\\\Middle...', Array)
#16 C:\\Users\\Nathan\\Documents\\Cours\\BUT_2\\Git\\Photos\\vendor\\laravel\\framework\\src\\Illuminate\\Pipeline\\Pipeline.php(172): Illuminate\\Foundation\\Application->make('App\\\\Http\\\\Middle...')
#17 C:\\Users\\Nathan\\Documents\\Cours\\BUT_2\\Git\\Photos\\vendor\\laravel\\framework\\src\\Illuminate\\Pipeline\\Pipeline.php(119): Illuminate\\Pipeline\\Pipeline->{closure:{closure:Illuminate\\Pipeline\\Pipeline::carry():158}:159}(Object(Illuminate\\Http\\Request))
#18 C:\\Users\\Nathan\\Documents\\Cours\\BUT_2\\Git\\Photos\\vendor\\laravel\\framework\\src\\Illuminate\\Routing\\Router.php(805): Illuminate\\Pipeline\\Pipeline->then(Object(Closure))
#19 C:\\Users\\Nathan\\Documents\\Cours\\BUT_2\\Git\\Photos\\vendor\\laravel\\framework\\src\\Illuminate\\Routing\\Router.php(784): Illuminate\\Routing\\Router->runRouteWithinStack(Object(Illuminate\\Routing\\Route), Object(Illuminate\\Http\\Request))
#20 C:\\Users\\Nathan\\Documents\\Cours\\BUT_2\\Git\\Photos\\vendor\\laravel\\framework\\src\\Illuminate\\Routing\\Router.php(748): Illuminate\\Routing\\Router->runRoute(Object(Illuminate\\Http\\Request), Object(Illuminate\\Routing\\Route))
#21 C:\\Users\\Nathan\\Documents\\Cours\\BUT_2\\Git\\Photos\\vendor\\laravel\\framework\\src\\Illuminate\\Routing\\Router.php(737): Illuminate\\Routing\\Router->dispatchToRoute(Object(Illuminate\\Http\\Request))
#22 C:\\Users\\Nathan\\Documents\\Cours\\BUT_2\\Git\\Photos\\vendor\\laravel\\framework\\src\\Illuminate\\Foundation\\Http\\Kernel.php(200): Illuminate\\Routing\\Router->dispatch(Object(Illuminate\\Http\\Request))
#23 C:\\Users\\Nathan\\Documents\\Cours\\BUT_2\\Git\\Photos\\vendor\\laravel\\framework\\src\\Illuminate\\Pipeline\\Pipeline.php(144): Illuminate\\Foundation\\Http\\Kernel->{closure:Illuminate\\Foundation\\Http\\Kernel::dispatchToRouter():197}(Object(Illuminate\\Http\\Request))
#24 C:\\Users\\Nathan\\Documents\\Cours\\BUT_2\\Git\\Photos\\vendor\\laravel\\framework\\src\\Illuminate\\Foundation\\Http\\Middleware\\TransformsRequest.php(21): Illuminate\\Pipeline\\Pipeline->{closure:Illuminate\\Pipeline\\Pipeline::prepareDestination():142}(Object(Illuminate\\Http\\Request))
#25 C:\\Users\\Nathan\\Documents\\Cours\\BUT_2\\Git\\Photos\\vendor\\laravel\\framework\\src\\Illuminate\\Foundation\\Http\\Middleware\\ConvertEmptyStringsToNull.php(31): Illuminate\\Foundation\\Http\\Middleware\\TransformsRequest->handle(Object(Illuminate\\Http\\Request), Object(Closure))
#26 C:\\Users\\Nathan\\Documents\\Cours\\BUT_2\\Git\\Photos\\vendor\\laravel\\framework\\src\\Illuminate\\Pipeline\\Pipeline.php(183): Illuminate\\Foundation\\Http\\Middleware\\ConvertEmptyStringsToNull->handle(Object(Illuminate\\Http\\Request), Object(Closure))
#27 C:\\Users\\Nathan\\Documents\\Cours\\BUT_2\\Git\\Photos\\vendor\\laravel\\framework\\src\\Illuminate\\Foundation\\Http\\Middleware\\TransformsRequest.php(21): Illuminate\\Pipeline\\Pipeline->{closure:{closure:Illuminate\\Pipeline\\Pipeline::carry():158}:159}(Object(Illuminate\\Http\\Request))
#28 C:\\Users\\Nathan\\Documents\\Cours\\BUT_2\\Git\\Photos\\vendor\\laravel\\framework\\src\\Illuminate\\Foundation\\Http\\Middleware\\TrimStrings.php(40): Illuminate\\Foundation\\Http\\Middleware\\TransformsRequest->handle(Object(Illuminate\\Http\\Request), Object(Closure))
#29 C:\\Users\\Nathan\\Documents\\Cours\\BUT_2\\Git\\Photos\\vendor\\laravel\\framework\\src\\Illuminate\\Pipeline\\Pipeline.php(183): Illuminate\\Foundation\\Http\\Middleware\\TrimStrings->handle(Object(Illuminate\\Http\\Request), Object(Closure))
#30 C:\\Users\\Nathan\\Documents\\Cours\\BUT_2\\Git\\Photos\\vendor\\laravel\\framework\\src\\Illuminate\\Foundation\\Http\\Middleware\\ValidatePostSize.php(27): Illuminate\\Pipeline\\Pipeline->{closure:{closure:Illuminate\\Pipeline\\Pipeline::carry():158}:159}(Object(Illuminate\\Http\\Request))
#31 C:\\Users\\Nathan\\Documents\\Cours\\BUT_2\\Git\\Photos\\vendor\\laravel\\framework\\src\\Illuminate\\Pipeline\\Pipeline.php(183): Illuminate\\Foundation\\Http\\Middleware\\ValidatePostSize->handle(Object(Illuminate\\Http\\Request), Object(Closure))
#32 C:\\Users\\Nathan\\Documents\\Cours\\BUT_2\\Git\\Photos\\vendor\\laravel\\framework\\src\\Illuminate\\Foundation\\Http\\Middleware\\PreventRequestsDuringMaintenance.php(99): Illuminate\\Pipeline\\Pipeline->{closure:{closure:Illuminate\\Pipeline\\Pipeline::carry():158}:159}(Object(Illuminate\\Http\\Request))
#33 C:\\Users\\Nathan\\Documents\\Cours\\BUT_2\\Git\\Photos\\vendor\\laravel\\framework\\src\\Illuminate\\Pipeline\\Pipeline.php(183): Illuminate\\Foundation\\Http\\Middleware\\PreventRequestsDuringMaintenance->handle(Object(Illuminate\\Http\\Request), Object(Closure))
#34 C:\\Users\\Nathan\\Documents\\Cours\\BUT_2\\Git\\Photos\\vendor\\laravel\\framework\\src\\Illuminate\\Http\\Middleware\\HandleCors.php(49): Illuminate\\Pipeline\\Pipeline->{closure:{closure:Illuminate\\Pipeline\\Pipeline::carry():158}:159}(Object(Illuminate\\Http\\Request))
#35 C:\\Users\\Nathan\\Documents\\Cours\\BUT_2\\Git\\Photos\\vendor\\laravel\\framework\\src\\Illuminate\\Pipeline\\Pipeline.php(183): Illuminate\\Http\\Middleware\\HandleCors->handle(Object(Illuminate\\Http\\Request), Object(Closure))
#36 C:\\Users\\Nathan\\Documents\\Cours\\BUT_2\\Git\\Photos\\vendor\\laravel\\framework\\src\\Illuminate\\Http\\Middleware\\TrustProxies.php(39): Illuminate\\Pipeline\\Pipeline->{closure:{closure:Illuminate\\Pipeline\\Pipeline::carry():158}:159}(Object(Illuminate\\Http\\Request))
#37 C:\\Users\\Nathan\\Documents\\Cours\\BUT_2\\Git\\Photos\\vendor\\laravel\\framework\\src\\Illuminate\\Pipeline\\Pipeline.php(183): Illuminate\\Http\\Middleware\\TrustProxies->handle(Object(Illuminate\\Http\\Request), Object(Closure))
#38 C:\\Users\\Nathan\\Documents\\Cours\\BUT_2\\Git\\Photos\\vendor\\laravel\\framework\\src\\Illuminate\\Pipeline\\Pipeline.php(119): Illuminate\\Pipeline\\Pipeline->{closure:{closure:Illuminate\\Pipeline\\Pipeline::carry():158}:159}(Object(Illuminate\\Http\\Request))
#39 C:\\Users\\Nathan\\Documents\\Cours\\BUT_2\\Git\\Photos\\vendor\\laravel\\framework\\src\\Illuminate\\Foundation\\Http\\Kernel.php(175): Illuminate\\Pipeline\\Pipeline->then(Object(Closure))
#40 C:\\Users\\Nathan\\Documents\\Cours\\BUT_2\\Git\\Photos\\vendor\\laravel\\framework\\src\\Illuminate\\Foundation\\Http\\Kernel.php(144): Illuminate\\Foundation\\Http\\Kernel->sendRequestThroughRouter(Object(Illuminate\\Http\\Request))
#41 C:\\Users\\Nathan\\Documents\\Cours\\BUT_2\\Git\\Photos\\public\\index.php(51): Illuminate\\Foundation\\Http\\Kernel->handle(Object(Illuminate\\Http\\Request))
#42 C:\\Users\\Nathan\\Documents\\Cours\\BUT_2\\Git\\Photos\\vendor\\laravel\\framework\\src\\Illuminate\\Foundation\\resources\\server.php(16): require_once('C:\\\\Users\\\\Nathan...')
#43 {main}
"} 
[2025-11-04 09:45:02] production.ERROR: No application encryption key has been specified. {"exception":"[object] (Illuminate\\Encryption\\MissingAppKeyException(code: 0): No application encryption key has been specified. at C:\\Users\\Nathan\\Documents\\Cours\\BUT_2\\Git\\Photos\\vendor\\laravel\\framework\\src\\Illuminate\\Encryption\\EncryptionServiceProvider.php:79)
[stacktrace]
#0 C:\\Users\\Nathan\\Documents\\Cours\\BUT_2\\Git\\Photos\\vendor\\laravel\\framework\\src\\Illuminate\\Support\\helpers.php(320): Illuminate\\Encryption\\EncryptionServiceProvider->{closure:Illuminate\\Encryption\\EncryptionServiceProvider::key():77}(NULL)
#1 C:\\Users\\Nathan\\Documents\\Cours\\BUT_2\\Git\\Photos\\vendor\\laravel\\framework\\src\\Illuminate\\Encryption\\EncryptionServiceProvider.php(77): tap(NULL, Object(Closure))
#2 C:\\Users\\Nathan\\Documents\\Cours\\BUT_2\\Git\\Photos\\vendor\\laravel\\framework\\src\\Illuminate\\Encryption\\EncryptionServiceProvider.php(60): Illuminate\\Encryption\\EncryptionServiceProvider->key(Array)
#3 C:\\Users\\Nathan\\Documents\\Cours\\BUT_2\\Git\\Photos\\vendor\\laravel\\framework\\src\\Illuminate\\Encryption\\EncryptionServiceProvider.php(32): Illuminate\\Encryption\\EncryptionServiceProvider->parseKey(Array)
#4 C:\\Users\\Nathan\\Documents\\Cours\\BUT_2\\Git\\Photos\\vendor\\laravel\\framework\\src\\Illuminate\\Container\\Container.php(908): Illuminate\\Encryption\\EncryptionServiceProvider->{closure:Illuminate\\Encryption\\EncryptionServiceProvider::registerEncrypter():29}(Object(Illuminate\\Foundation\\Application), Array)
#5 C:\\Users\\Nathan\\Documents\\Cours\\BUT_2\\Git\\Photos\\vendor\\laravel\\framework\\src\\Illuminate\\Container\\Container.php(795): Illuminate\\Container\\Container->build(Object(Closure))
#6 C:\\Users\\Nathan\\Documents\\Cours\\BUT_2\\Git\\Photos\\vendor\\laravel\\framework\\src\\Illuminate\\Foundation\\Application.php(986): Illuminate\\Container\\Container->resolve('encrypter', Array, true)
#7 C:\\Users\\Nathan\\Documents\\Cours\\BUT_2\\Git\\Photos\\vendor\\laravel\\framework\\src\\Illuminate\\Container\\Container.php(731): Illuminate\\Foundation\\Application->resolve('encrypter', Array)
#8 C:\\Users\\Nathan\\Documents\\Cours\\BUT_2\\Git\\Photos\\vendor\\laravel\\framework\\src\\Illuminate\\Foundation\\Application.php(971): Illuminate\\Container\\Container->make('encrypter', Array)
#9 C:\\Users\\Nathan\\Documents\\Cours\\BUT_2\\Git\\Photos\\vendor\\laravel\\framework\\src\\Illuminate\\Container\\Container.php(1066): Illuminate\\Foundation\\Application->make('encrypter')
#10 C:\\Users\\Nathan\\Documents\\Cours\\BUT_2\\Git\\Photos\\vendor\\laravel\\framework\\src\\Illuminate\\Container\\Container.php(982): Illuminate\\Container\\Container->resolveClass(Object(ReflectionParameter))
#11 C:\\Users\\Nathan\\Documents\\Cours\\BUT_2\\Git\\Photos\\vendor\\laravel\\framework\\src\\Illuminate\\Container\\Container.php(943): Illuminate\\Container\\Container->resolveDependencies(Array)
#12 C:\\Users\\Nathan\\Documents\\Cours\\BUT_2\\Git\\Photos\\vendor\\laravel\\framework\\src\\Illuminate\\Container\\Container.php(795): Illuminate\\Container\\Container->build('App\\\\Http\\\\Middle...')
#13 C:\\Users\\Nathan\\Documents\\Cours\\BUT_2\\Git\\Photos\\vendor\\laravel\\framework\\src\\Illuminate\\Foundation\\Application.php(986): Illuminate\\Container\\Container->resolve('App\\\\Http\\\\Middle...', Array, true)
#14 C:\\Users\\Nathan\\Documents\\Cours\\BUT_2\\Git\\Photos\\vendor\\laravel\\framework\\src\\Illuminate\\Container\\Container.php(731): Illuminate\\Foundation\\Application->resolve('App\\\\Http\\\\Middle...', Array)
#15 C:\\Users\\Nathan\\Documents\\Cours\\BUT_2\\Git\\Photos\\vendor\\laravel\\framework\\src\\Illuminate\\Foundation\\Application.php(971): Illuminate\\Container\\Container->make('App\\\\Http\\\\Middle...', Array)
#16 C:\\Users\\Nathan\\Documents\\Cours\\BUT_2\\Git\\Photos\\vendor\\laravel\\framework\\src\\Illuminate\\Foundation\\Http\\Kernel.php(255): Illuminate\\Foundation\\Application->make('App\\\\Http\\\\Middle...')
#17 C:\\Users\\Nathan\\Documents\\Cours\\BUT_2\\Git\\Photos\\vendor\\laravel\\framework\\src\\Illuminate\\Foundation\\Http\\Kernel.php(213): Illuminate\\Foundation\\Http\\Kernel->terminateMiddleware(Object(Illuminate\\Http\\Request), Object(Illuminate\\Http\\Response))
#18 C:\\Users\\Nathan\\Documents\\Cours\\BUT_2\\Git\\Photos\\public\\index.php(55): Illuminate\\Foundation\\Http\\Kernel->terminate(Object(Illuminate\\Http\\Request), Object(Illuminate\\Http\\Response))
#19 C:\\Users\\Nathan\\Documents\\Cours\\BUT_2\\Git\\Photos\\vendor\\laravel\\framework\\src\\Illuminate\\Foundation\\resources\\server.php(16): require_once('C:\\\\Users\\\\Nathan...')
#20 {main}
"} 
[2025-11-04 09:45:03] production.ERROR: No application encryption key has been specified. {"exception":"[object] (Illuminate\\Encryption\\MissingAppKeyException(code: 0): No application encryption key has been specified. at C:\\Users\\Nathan\\Documents\\Cours\\BUT_2\\Git\\Photos\\vendor\\laravel\\framework\\src\\Illuminate\\Encryption\\EncryptionServiceProvider.php:79)
[stacktrace]
#0 C:\\Users\\Nathan\\Documents\\Cours\\BUT_2\\Git\\Photos\\vendor\\laravel\\framework\\src\\Illuminate\\Support\\helpers.php(320): Illuminate\\Encryption\\EncryptionServiceProvider->{closure:Illuminate\\Encryption\\EncryptionServiceProvider::key():77}(NULL)
#1 C:\\Users\\Nathan\\Documents\\Cours\\BUT_2\\Git\\Photos\\vendor\\laravel\\framework\\src\\Illuminate\\Encryption\\EncryptionServiceProvider.php(77): tap(NULL, Object(Closure))
#2 C:\\Users\\Nathan\\Documents\\Cours\\BUT_2\\Git\\Photos\\vendor\\laravel\\framework\\src\\Illuminate\\Encryption\\EncryptionServiceProvider.php(60): Illuminate\\Encryption\\EncryptionServiceProvider->key(Array)
#3 C:\\Users\\Nathan\\Documents\\Cours\\BUT_2\\Git\\Photos\\vendor\\laravel\\framework\\src\\Illuminate\\Encryption\\EncryptionServiceProvider.php(32): Illuminate\\Encryption\\EncryptionServiceProvider->parseKey(Array)
#4 C:\\Users\\Nathan\\Documents\\Cours\\BUT_2\\Git\\Photos\\vendor\\laravel\\framework\\src\\Illuminate\\Container\\Container.php(908): Illuminate\\Encryption\\EncryptionServiceProvider->{closure:Illuminate\\Encryption\\EncryptionServiceProvider::registerEncrypter():29}(Object(Illuminate\\Foundation\\Application), Array)
#5 C:\\Users\\Nathan\\Documents\\Cours\\BUT_2\\Git\\Photos\\vendor\\laravel\\framework\\src\\Illuminate\\Container\\Container.php(795): Illuminate\\Container\\Container->build(Object(Closure))
#6 C:\\Users\\Nathan\\Documents\\Cours\\BUT_2\\Git\\Photos\\vendor\\laravel\\framework\\src\\Illuminate\\Foundation\\Application.php(986): Illuminate\\Container\\Container->resolve('encrypter', Array, true)
#7 C:\\Users\\Nathan\\Documents\\Cours\\BUT_2\\Git\\Photos\\vendor\\laravel\\framework\\src\\Illuminate\\Container\\Container.php(731): Illuminate\\Foundation\\Application->resolve('encrypter', Array)
#8 C:\\Users\\Nathan\\Documents\\Cours\\BUT_2\\Git\\Photos\\vendor\\laravel\\framework\\src\\Illuminate\\Foundation\\Application.php(971): Illuminate\\Container\\Container->make('encrypter', Array)
#9 C:\\Users\\Nathan\\Documents\\Cours\\BUT_2\\Git\\Photos\\vendor\\laravel\\framework\\src\\Illuminate\\Container\\Container.php(1066): Illuminate\\Foundation\\Application->make('encrypter')
#10 C:\\Users\\Nathan\\Documents\\Cours\\BUT_2\\Git\\Photos\\vendor\\laravel\\framework\\src\\Illuminate\\Container\\Container.php(982): Illuminate\\Container\\Container->resolveClass(Object(ReflectionParameter))
#11 C:\\Users\\Nathan\\Documents\\Cours\\BUT_2\\Git\\Photos\\vendor\\laravel\\framework\\src\\Illuminate\\Container\\Container.php(943): Illuminate\\Container\\Container->resolveDependencies(Array)
#12 C:\\Users\\Nathan\\Documents\\Cours\\BUT_2\\Git\\Photos\\vendor\\laravel\\framework\\src\\Illuminate\\Container\\Container.php(795): Illuminate\\Container\\Container->build('App\\\\Http\\\\Middle...')
#13 C:\\Users\\Nathan\\Documents\\Cours\\BUT_2\\Git\\Photos\\vendor\\laravel\\framework\\src\\Illuminate\\Foundation\\Application.php(986): Illuminate\\Container\\Container->resolve('App\\\\Http\\\\Middle...', Array, true)
#14 C:\\Users\\Nathan\\Documents\\Cours\\BUT_2\\Git\\Photos\\vendor\\laravel\\framework\\src\\Illuminate\\Container\\Container.php(731): Illuminate\\Foundation\\Application->resolve('App\\\\Http\\\\Middle...', Array)
#15 C:\\Users\\Nathan\\Documents\\Cours\\BUT_2\\Git\\Photos\\vendor\\laravel\\framework\\src\\Illuminate\\Foundation\\Application.php(971): Illuminate\\Container\\Container->make('App\\\\Http\\\\Middle...', Array)
#16 C:\\Users\\Nathan\\Documents\\Cours\\BUT_2\\Git\\Photos\\vendor\\laravel\\framework\\src\\Illuminate\\Pipeline\\Pipeline.php(172): Illuminate\\Foundation\\Application->make('App\\\\Http\\\\Middle...')
#17 C:\\Users\\Nathan\\Documents\\Cours\\BUT_2\\Git\\Photos\\vendor\\laravel\\framework\\src\\Illuminate\\Pipeline\\Pipeline.php(119): Illuminate\\Pipeline\\Pipeline->{closure:{closure:Illuminate\\Pipeline\\Pipeline::carry():158}:159}(Object(Illuminate\\Http\\Request))
#18 C:\\Users\\Nathan\\Documents\\Cours\\BUT_2\\Git\\Photos\\vendor\\laravel\\framework\\src\\Illuminate\\Routing\\Router.php(805): Illuminate\\Pipeline\\Pipeline->then(Object(Closure))
#19 C:\\Users\\Nathan\\Documents\\Cours\\BUT_2\\Git\\Photos\\vendor\\laravel\\framework\\src\\Illuminate\\Routing\\Router.php(784): Illuminate\\Routing\\Router->runRouteWithinStack(Object(Illuminate\\Routing\\Route), Object(Illuminate\\Http\\Request))
#20 C:\\Users\\Nathan\\Documents\\Cours\\BUT_2\\Git\\Photos\\vendor\\laravel\\framework\\src\\Illuminate\\Routing\\Router.php(748): Illuminate\\Routing\\Router->runRoute(Object(Illuminate\\Http\\Request), Object(Illuminate\\Routing\\Route))
#21 C:\\Users\\Nathan\\Documents\\Cours\\BUT_2\\Git\\Photos\\vendor\\laravel\\framework\\src\\Illuminate\\Routing\\Router.php(737): Illuminate\\Routing\\Router->dispatchToRoute(Object(Illuminate\\Http\\Request))
#22 C:\\Users\\Nathan\\Documents\\Cours\\BUT_2\\Git\\Photos\\vendor\\laravel\\framework\\src\\Illuminate\\Foundation\\Http\\Kernel.php(200): Illuminate\\Routing\\Router->dispatch(Object(Illuminate\\Http\\Request))
#23 C:\\Users\\Nathan\\Documents\\Cours\\BUT_2\\Git\\Photos\\vendor\\laravel\\framework\\src\\Illuminate\\Pipeline\\Pipeline.php(144): Illuminate\\Foundation\\Http\\Kernel->{closure:Illuminate\\Foundation\\Http\\Kernel::dispatchToRouter():197}(Object(Illuminate\\Http\\Request))
#24 C:\\Users\\Nathan\\Documents\\Cours\\BUT_2\\Git\\Photos\\vendor\\laravel\\framework\\src\\Illuminate\\Foundation\\Http\\Middleware\\TransformsRequest.php(21): Illuminate\\Pipeline\\Pipeline->{closure:Illuminate\\Pipeline\\Pipeline::prepareDestination():142}(Object(Illuminate\\Http\\Request))
#25 C:\\Users\\Nathan\\Documents\\Cours\\BUT_2\\Git\\Photos\\vendor\\laravel\\framework\\src\\Illuminate\\Foundation\\Http\\Middleware\\ConvertEmptyStringsToNull.php(31): Illuminate\\Foundation\\Http\\Middleware\\TransformsRequest->handle(Object(Illuminate\\Http\\Request), Object(Closure))
#26 C:\\Users\\Nathan\\Documents\\Cours\\BUT_2\\Git\\Photos\\vendor\\laravel\\framework\\src\\Illuminate\\Pipeline\\Pipeline.php(183): Illuminate\\Foundation\\Http\\Middleware\\ConvertEmptyStringsToNull->handle(Object(Illuminate\\Http\\Request), Object(Closure))
#27 C:\\Users\\Nathan\\Documents\\Cours\\BUT_2\\Git\\Photos\\vendor\\laravel\\framework\\src\\Illuminate\\Foundation\\Http\\Middleware\\TransformsRequest.php(21): Illuminate\\Pipeline\\Pipeline->{closure:{closure:Illuminate\\Pipeline\\Pipeline::carry():158}:159}(Object(Illuminate\\Http\\Request))
#28 C:\\Users\\Nathan\\Documents\\Cours\\BUT_2\\Git\\Photos\\vendor\\laravel\\framework\\src\\Illuminate\\Foundation\\Http\\Middleware\\TrimStrings.php(40): Illuminate\\Foundation\\Http\\Middleware\\TransformsRequest->handle(Object(Illuminate\\Http\\Request), Object(Closure))
#29 C:\\Users\\Nathan\\Documents\\Cours\\BUT_2\\Git\\Photos\\vendor\\laravel\\framework\\src\\Illuminate\\Pipeline\\Pipeline.php(183): Illuminate\\Foundation\\Http\\Middleware\\TrimStrings->handle(Object(Illuminate\\Http\\Request), Object(Closure))
#30 C:\\Users\\Nathan\\Documents\\Cours\\BUT_2\\Git\\Photos\\vendor\\laravel\\framework\\src\\Illuminate\\Foundation\\Http\\Middleware\\ValidatePostSize.php(27): Illuminate\\Pipeline\\Pipeline->{closure:{closure:Illuminate\\Pipeline\\Pipeline::carry():158}:159}(Object(Illuminate\\Http\\Request))
#31 C:\\Users\\Nathan\\Documents\\Cours\\BUT_2\\Git\\Photos\\vendor\\laravel\\framework\\src\\Illuminate\\Pipeline\\Pipeline.php(183): Illuminate\\Foundation\\Http\\Middleware\\ValidatePostSize->handle(Object(Illuminate\\Http\\Request), Object(Closure))
#32 C:\\Users\\Nathan\\Documents\\Cours\\BUT_2\\Git\\Photos\\vendor\\laravel\\framework\\src\\Illuminate\\Foundation\\Http\\Middleware\\PreventRequestsDuringMaintenance.php(99): Illuminate\\Pipeline\\Pipeline->{closure:{closure:Illuminate\\Pipeline\\Pipeline::carry():158}:159}(Object(Illuminate\\Http\\Request))
#33 C:\\Users\\Nathan\\Documents\\Cours\\BUT_2\\Git\\Photos\\vendor\\laravel\\framework\\src\\Illuminate\\Pipeline\\Pipeline.php(183): Illuminate\\Foundation\\Http\\Middleware\\PreventRequestsDuringMaintenance->handle(Object(Illuminate\\Http\\Request), Object(Closure))
#34 C:\\Users\\Nathan\\Documents\\Cours\\BUT_2\\Git\\Photos\\vendor\\laravel\\framework\\src\\Illuminate\\Http\\Middleware\\HandleCors.php(49): Illuminate\\Pipeline\\Pipeline->{closure:{closure:Illuminate\\Pipeline\\Pipeline::carry():158}:159}(Object(Illuminate\\Http\\Request))
#35 C:\\Users\\Nathan\\Documents\\Cours\\BUT_2\\Git\\Photos\\vendor\\laravel\\framework\\src\\Illuminate\\Pipeline\\Pipeline.php(183): Illuminate\\Http\\Middleware\\HandleCors->handle(Object(Illuminate\\Http\\Request), Object(Closure))
#36 C:\\Users\\Nathan\\Documents\\Cours\\BUT_2\\Git\\Photos\\vendor\\laravel\\framework\\src\\Illuminate\\Http\\Middleware\\TrustProxies.php(39): Illuminate\\Pipeline\\Pipeline->{closure:{closure:Illuminate\\Pipeline\\Pipeline::carry():158}:159}(Object(Illuminate\\Http\\Request))
#37 C:\\Users\\Nathan\\Documents\\Cours\\BUT_2\\Git\\Photos\\vendor\\laravel\\framework\\src\\Illuminate\\Pipeline\\Pipeline.php(183): Illuminate\\Http\\Middleware\\TrustProxies->handle(Object(Illuminate\\Http\\Request), Object(Closure))
#38 C:\\Users\\Nathan\\Documents\\Cours\\BUT_2\\Git\\Photos\\vendor\\laravel\\framework\\src\\Illuminate\\Pipeline\\Pipeline.php(119): Illuminate\\Pipeline\\Pipeline->{closure:{closure:Illuminate\\Pipeline\\Pipeline::carry():158}:159}(Object(Illuminate\\Http\\Request))
#39 C:\\Users\\Nathan\\Documents\\Cours\\BUT_2\\Git\\Photos\\vendor\\laravel\\framework\\src\\Illuminate\\Foundation\\Http\\Kernel.php(175): Illuminate\\Pipeline\\Pipeline->then(Object(Closure))
#40 C:\\Users\\Nathan\\Documents\\Cours\\BUT_2\\Git\\Photos\\vendor\\laravel\\framework\\src\\Illuminate\\Foundation\\Http\\Kernel.php(144): Illuminate\\Foundation\\Http\\Kernel->sendRequestThroughRouter(Object(Illuminate\\Http\\Request))
#41 C:\\Users\\Nathan\\Documents\\Cours\\BUT_2\\Git\\Photos\\public\\index.php(51): Illuminate\\Foundation\\Http\\Kernel->handle(Object(Illuminate\\Http\\Request))
#42 C:\\Users\\Nathan\\Documents\\Cours\\BUT_2\\Git\\Photos\\vendor\\laravel\\framework\\src\\Illuminate\\Foundation\\resources\\server.php(16): require_once('C:\\\\Users\\\\Nathan...')
#43 {main}
"} 
[2025-11-04 09:45:03] production.ERROR: No application encryption key has been specified. {"exception":"[object] (Illuminate\\Encryption\\MissingAppKeyException(code: 0): No application encryption key has been specified. at C:\\Users\\Nathan\\Documents\\Cours\\BUT_2\\Git\\Photos\\vendor\\laravel\\framework\\src\\Illuminate\\Encryption\\EncryptionServiceProvider.php:79)
[stacktrace]
#0 C:\\Users\\Nathan\\Documents\\Cours\\BUT_2\\Git\\Photos\\vendor\\laravel\\framework\\src\\Illuminate\\Support\\helpers.php(320): Illuminate\\Encryption\\EncryptionServiceProvider->{closure:Illuminate\\Encryption\\EncryptionServiceProvider::key():77}(NULL)
#1 C:\\Users\\Nathan\\Documents\\Cours\\BUT_2\\Git\\Photos\\vendor\\laravel\\framework\\src\\Illuminate\\Encryption\\EncryptionServiceProvider.php(77): tap(NULL, Object(Closure))
#2 C:\\Users\\Nathan\\Documents\\Cours\\BUT_2\\Git\\Photos\\vendor\\laravel\\framework\\src\\Illuminate\\Encryption\\EncryptionServiceProvider.php(60): Illuminate\\Encryption\\EncryptionServiceProvider->key(Array)
#3 C:\\Users\\Nathan\\Documents\\Cours\\BUT_2\\Git\\Photos\\vendor\\laravel\\framework\\src\\Illuminate\\Encryption\\EncryptionServiceProvider.php(32): Illuminate\\Encryption\\EncryptionServiceProvider->parseKey(Array)
#4 C:\\Users\\Nathan\\Documents\\Cours\\BUT_2\\Git\\Photos\\vendor\\laravel\\framework\\src\\Illuminate\\Container\\Container.php(908): Illuminate\\Encryption\\EncryptionServiceProvider->{closure:Illuminate\\Encryption\\EncryptionServiceProvider::registerEncrypter():29}(Object(Illuminate\\Foundation\\Application), Array)
#5 C:\\Users\\Nathan\\Documents\\Cours\\BUT_2\\Git\\Photos\\vendor\\laravel\\framework\\src\\Illuminate\\Container\\Container.php(795): Illuminate\\Container\\Container->build(Object(Closure))
#6 C:\\Users\\Nathan\\Documents\\Cours\\BUT_2\\Git\\Photos\\vendor\\laravel\\framework\\src\\Illuminate\\Foundation\\Application.php(986): Illuminate\\Container\\Container->resolve('encrypter', Array, true)
#7 C:\\Users\\Nathan\\Documents\\Cours\\BUT_2\\Git\\Photos\\vendor\\laravel\\framework\\src\\Illuminate\\Container\\Container.php(731): Illuminate\\Foundation\\Application->resolve('encrypter', Array)
#8 C:\\Users\\Nathan\\Documents\\Cours\\BUT_2\\Git\\Photos\\vendor\\laravel\\framework\\src\\Illuminate\\Foundation\\Application.php(971): Illuminate\\Container\\Container->make('encrypter', Array)
#9 C:\\Users\\Nathan\\Documents\\Cours\\BUT_2\\Git\\Photos\\vendor\\laravel\\framework\\src\\Illuminate\\Container\\Container.php(1066): Illuminate\\Foundation\\Application->make('encrypter')
#10 C:\\Users\\Nathan\\Documents\\Cours\\BUT_2\\Git\\Photos\\vendor\\laravel\\framework\\src\\Illuminate\\Container\\Container.php(982): Illuminate\\Container\\Container->resolveClass(Object(ReflectionParameter))
#11 C:\\Users\\Nathan\\Documents\\Cours\\BUT_2\\Git\\Photos\\vendor\\laravel\\framework\\src\\Illuminate\\Container\\Container.php(943): Illuminate\\Container\\Container->resolveDependencies(Array)
#12 C:\\Users\\Nathan\\Documents\\Cours\\BUT_2\\Git\\Photos\\vendor\\laravel\\framework\\src\\Illuminate\\Container\\Container.php(795): Illuminate\\Container\\Container->build('App\\\\Http\\\\Middle...')
#13 C:\\Users\\Nathan\\Documents\\Cours\\BUT_2\\Git\\Photos\\vendor\\laravel\\framework\\src\\Illuminate\\Foundation\\Application.php(986): Illuminate\\Container\\Container->resolve('App\\\\Http\\\\Middle...', Array, true)
#14 C:\\Users\\Nathan\\Documents\\Cours\\BUT_2\\Git\\Photos\\vendor\\laravel\\framework\\src\\Illuminate\\Container\\Container.php(731): Illuminate\\Foundation\\Application->resolve('App\\\\Http\\\\Middle...', Array)
#15 C:\\Users\\Nathan\\Documents\\Cours\\BUT_2\\Git\\Photos\\vendor\\laravel\\framework\\src\\Illuminate\\Foundation\\Application.php(971): Illuminate\\Container\\Container->make('App\\\\Http\\\\Middle...', Array)
#16 C:\\Users\\Nathan\\Documents\\Cours\\BUT_2\\Git\\Photos\\vendor\\laravel\\framework\\src\\Illuminate\\Foundation\\Http\\Kernel.php(255): Illuminate\\Foundation\\Application->make('App\\\\Http\\\\Middle...')
#17 C:\\Users\\Nathan\\Documents\\Cours\\BUT_2\\Git\\Photos\\vendor\\laravel\\framework\\src\\Illuminate\\Foundation\\Http\\Kernel.php(213): Illuminate\\Foundation\\Http\\Kernel->terminateMiddleware(Object(Illuminate\\Http\\Request), Object(Illuminate\\Http\\Response))
#18 C:\\Users\\Nathan\\Documents\\Cours\\BUT_2\\Git\\Photos\\public\\index.php(55): Illuminate\\Foundation\\Http\\Kernel->terminate(Object(Illuminate\\Http\\Request), Object(Illuminate\\Http\\Response))
#19 C:\\Users\\Nathan\\Documents\\Cours\\BUT_2\\Git\\Photos\\vendor\\laravel\\framework\\src\\Illuminate\\Foundation\\resources\\server.php(16): require_once('C:\\\\Users\\\\Nathan...')
#20 {main}
"} 
[2025-11-04 09:45:04] production.ERROR: No application encryption key has been specified. {"exception":"[object] (Illuminate\\Encryption\\MissingAppKeyException(code: 0): No application encryption key has been specified. at C:\\Users\\Nathan\\Documents\\Cours\\BUT_2\\Git\\Photos\\vendor\\laravel\\framework\\src\\Illuminate\\Encryption\\EncryptionServiceProvider.php:79)
[stacktrace]
#0 C:\\Users\\Nathan\\Documents\\Cours\\BUT_2\\Git\\Photos\\vendor\\laravel\\framework\\src\\Illuminate\\Support\\helpers.php(320): Illuminate\\Encryption\\EncryptionServiceProvider->{closure:Illuminate\\Encryption\\EncryptionServiceProvider::key():77}(NULL)
#1 C:\\Users\\Nathan\\Documents\\Cours\\BUT_2\\Git\\Photos\\vendor\\laravel\\framework\\src\\Illuminate\\Encryption\\EncryptionServiceProvider.php(77): tap(NULL, Object(Closure))
#2 C:\\Users\\Nathan\\Documents\\Cours\\BUT_2\\Git\\Photos\\vendor\\laravel\\framework\\src\\Illuminate\\Encryption\\EncryptionServiceProvider.php(60): Illuminate\\Encryption\\EncryptionServiceProvider->key(Array)
#3 C:\\Users\\Nathan\\Documents\\Cours\\BUT_2\\Git\\Photos\\vendor\\laravel\\framework\\src\\Illuminate\\Encryption\\EncryptionServiceProvider.php(32): Illuminate\\Encryption\\EncryptionServiceProvider->parseKey(Array)
#4 C:\\Users\\Nathan\\Documents\\Cours\\BUT_2\\Git\\Photos\\vendor\\laravel\\framework\\src\\Illuminate\\Container\\Container.php(908): Illuminate\\Encryption\\EncryptionServiceProvider->{closure:Illuminate\\Encryption\\EncryptionServiceProvider::registerEncrypter():29}(Object(Illuminate\\Foundation\\Application), Array)
#5 C:\\Users\\Nathan\\Documents\\Cours\\BUT_2\\Git\\Photos\\vendor\\laravel\\framework\\src\\Illuminate\\Container\\Container.php(795): Illuminate\\Container\\Container->build(Object(Closure))
#6 C:\\Users\\Nathan\\Documents\\Cours\\BUT_2\\Git\\Photos\\vendor\\laravel\\framework\\src\\Illuminate\\Foundation\\Application.php(986): Illuminate\\Container\\Container->resolve('encrypter', Array, true)
#7 C:\\Users\\Nathan\\Documents\\Cours\\BUT_2\\Git\\Photos\\vendor\\laravel\\framework\\src\\Illuminate\\Container\\Container.php(731): Illuminate\\Foundation\\Application->resolve('encrypter', Array)
#8 C:\\Users\\Nathan\\Documents\\Cours\\BUT_2\\Git\\Photos\\vendor\\laravel\\framework\\src\\Illuminate\\Foundation\\Application.php(971): Illuminate\\Container\\Container->make('encrypter', Array)
#9 C:\\Users\\Nathan\\Documents\\Cours\\BUT_2\\Git\\Photos\\vendor\\laravel\\framework\\src\\Illuminate\\Container\\Container.php(1066): Illuminate\\Foundation\\Application->make('encrypter')
#10 C:\\Users\\Nathan\\Documents\\Cours\\BUT_2\\Git\\Photos\\vendor\\laravel\\framework\\src\\Illuminate\\Container\\Container.php(982): Illuminate\\Container\\Container->resolveClass(Object(ReflectionParameter))
#11 C:\\Users\\Nathan\\Documents\\Cours\\BUT_2\\Git\\Photos\\vendor\\laravel\\framework\\src\\Illuminate\\Container\\Container.php(943): Illuminate\\Container\\Container->resolveDependencies(Array)
#12 C:\\Users\\Nathan\\Documents\\Cours\\BUT_2\\Git\\Photos\\vendor\\laravel\\framework\\src\\Illuminate\\Container\\Container.php(795): Illuminate\\Container\\Container->build('App\\\\Http\\\\Middle...')
#13 C:\\Users\\Nathan\\Documents\\Cours\\BUT_2\\Git\\Photos\\vendor\\laravel\\framework\\src\\Illuminate\\Foundation\\Application.php(986): Illuminate\\Container\\Container->resolve('App\\\\Http\\\\Middle...', Array, true)
#14 C:\\Users\\Nathan\\Documents\\Cours\\BUT_2\\Git\\Photos\\vendor\\laravel\\framework\\src\\Illuminate\\Container\\Container.php(731): Illuminate\\Foundation\\Application->resolve('App\\\\Http\\\\Middle...', Array)
#15 C:\\Users\\Nathan\\Documents\\Cours\\BUT_2\\Git\\Photos\\vendor\\laravel\\framework\\src\\Illuminate\\Foundation\\Application.php(971): Illuminate\\Container\\Container->make('App\\\\Http\\\\Middle...', Array)
#16 C:\\Users\\Nathan\\Documents\\Cours\\BUT_2\\Git\\Photos\\vendor\\laravel\\framework\\src\\Illuminate\\Pipeline\\Pipeline.php(172): Illuminate\\Foundation\\Application->make('App\\\\Http\\\\Middle...')
#17 C:\\Users\\Nathan\\Documents\\Cours\\BUT_2\\Git\\Photos\\vendor\\laravel\\framework\\src\\Illuminate\\Pipeline\\Pipeline.php(119): Illuminate\\Pipeline\\Pipeline->{closure:{closure:Illuminate\\Pipeline\\Pipeline::carry():158}:159}(Object(Illuminate\\Http\\Request))
#18 C:\\Users\\Nathan\\Documents\\Cours\\BUT_2\\Git\\Photos\\vendor\\laravel\\framework\\src\\Illuminate\\Routing\\Router.php(805): Illuminate\\Pipeline\\Pipeline->then(Object(Closure))
#19 C:\\Users\\Nathan\\Documents\\Cours\\BUT_2\\Git\\Photos\\vendor\\laravel\\framework\\src\\Illuminate\\Routing\\Router.php(784): Illuminate\\Routing\\Router->runRouteWithinStack(Object(Illuminate\\Routing\\Route), Object(Illuminate\\Http\\Request))
#20 C:\\Users\\Nathan\\Documents\\Cours\\BUT_2\\Git\\Photos\\vendor\\laravel\\framework\\src\\Illuminate\\Routing\\Router.php(748): Illuminate\\Routing\\Router->runRoute(Object(Illuminate\\Http\\Request), Object(Illuminate\\Routing\\Route))
#21 C:\\Users\\Nathan\\Documents\\Cours\\BUT_2\\Git\\Photos\\vendor\\laravel\\framework\\src\\Illuminate\\Routing\\Router.php(737): Illuminate\\Routing\\Router->dispatchToRoute(Object(Illuminate\\Http\\Request))
#22 C:\\Users\\Nathan\\Documents\\Cours\\BUT_2\\Git\\Photos\\vendor\\laravel\\framework\\src\\Illuminate\\Foundation\\Http\\Kernel.php(200): Illuminate\\Routing\\Router->dispatch(Object(Illuminate\\Http\\Request))
#23 C:\\Users\\Nathan\\Documents\\Cours\\BUT_2\\Git\\Photos\\vendor\\laravel\\framework\\src\\Illuminate\\Pipeline\\Pipeline.php(144): Illuminate\\Foundation\\Http\\Kernel->{closure:Illuminate\\Foundation\\Http\\Kernel::dispatchToRouter():197}(Object(Illuminate\\Http\\Request))
#24 C:\\Users\\Nathan\\Documents\\Cours\\BUT_2\\Git\\Photos\\vendor\\laravel\\framework\\src\\Illuminate\\Foundation\\Http\\Middleware\\TransformsRequest.php(21): Illuminate\\Pipeline\\Pipeline->{closure:Illuminate\\Pipeline\\Pipeline::prepareDestination():142}(Object(Illuminate\\Http\\Request))
#25 C:\\Users\\Nathan\\Documents\\Cours\\BUT_2\\Git\\Photos\\vendor\\laravel\\framework\\src\\Illuminate\\Foundation\\Http\\Middleware\\ConvertEmptyStringsToNull.php(31): Illuminate\\Foundation\\Http\\Middleware\\TransformsRequest->handle(Object(Illuminate\\Http\\Request), Object(Closure))
#26 C:\\Users\\Nathan\\Documents\\Cours\\BUT_2\\Git\\Photos\\vendor\\laravel\\framework\\src\\Illuminate\\Pipeline\\Pipeline.php(183): Illuminate\\Foundation\\Http\\Middleware\\ConvertEmptyStringsToNull->handle(Object(Illuminate\\Http\\Request), Object(Closure))
#27 C:\\Users\\Nathan\\Documents\\Cours\\BUT_2\\Git\\Photos\\vendor\\laravel\\framework\\src\\Illuminate\\Foundation\\Http\\Middleware\\TransformsRequest.php(21): Illuminate\\Pipeline\\Pipeline->{closure:{closure:Illuminate\\Pipeline\\Pipeline::carry():158}:159}(Object(Illuminate\\Http\\Request))
#28 C:\\Users\\Nathan\\Documents\\Cours\\BUT_2\\Git\\Photos\\vendor\\laravel\\framework\\src\\Illuminate\\Foundation\\Http\\Middleware\\TrimStrings.php(40): Illuminate\\Foundation\\Http\\Middleware\\TransformsRequest->handle(Object(Illuminate\\Http\\Request), Object(Closure))
#29 C:\\Users\\Nathan\\Documents\\Cours\\BUT_2\\Git\\Photos\\vendor\\laravel\\framework\\src\\Illuminate\\Pipeline\\Pipeline.php(183): Illuminate\\Foundation\\Http\\Middleware\\TrimStrings->handle(Object(Illuminate\\Http\\Request), Object(Closure))
#30 C:\\Users\\Nathan\\Documents\\Cours\\BUT_2\\Git\\Photos\\vendor\\laravel\\framework\\src\\Illuminate\\Foundation\\Http\\Middleware\\ValidatePostSize.php(27): Illuminate\\Pipeline\\Pipeline->{closure:{closure:Illuminate\\Pipeline\\Pipeline::carry():158}:159}(Object(Illuminate\\Http\\Request))
#31 C:\\Users\\Nathan\\Documents\\Cours\\BUT_2\\Git\\Photos\\vendor\\laravel\\framework\\src\\Illuminate\\Pipeline\\Pipeline.php(183): Illuminate\\Foundation\\Http\\Middleware\\ValidatePostSize->handle(Object(Illuminate\\Http\\Request), Object(Closure))
#32 C:\\Users\\Nathan\\Documents\\Cours\\BUT_2\\Git\\Photos\\vendor\\laravel\\framework\\src\\Illuminate\\Foundation\\Http\\Middleware\\PreventRequestsDuringMaintenance.php(99): Illuminate\\Pipeline\\Pipeline->{closure:{closure:Illuminate\\Pipeline\\Pipeline::carry():158}:159}(Object(Illuminate\\Http\\Request))
#33 C:\\Users\\Nathan\\Documents\\Cours\\BUT_2\\Git\\Photos\\vendor\\laravel\\framework\\src\\Illuminate\\Pipeline\\Pipeline.php(183): Illuminate\\Foundation\\Http\\Middleware\\PreventRequestsDuringMaintenance->handle(Object(Illuminate\\Http\\Request), Object(Closure))
#34 C:\\Users\\Nathan\\Documents\\Cours\\BUT_2\\Git\\Photos\\vendor\\laravel\\framework\\src\\Illuminate\\Http\\Middleware\\HandleCors.php(49): Illuminate\\Pipeline\\Pipeline->{closure:{closure:Illuminate\\Pipeline\\Pipeline::carry():158}:159}(Object(Illuminate\\Http\\Request))
#35 C:\\Users\\Nathan\\Documents\\Cours\\BUT_2\\Git\\Photos\\vendor\\laravel\\framework\\src\\Illuminate\\Pipeline\\Pipeline.php(183): Illuminate\\Http\\Middleware\\HandleCors->handle(Object(Illuminate\\Http\\Request), Object(Closure))
#36 C:\\Users\\Nathan\\Documents\\Cours\\BUT_2\\Git\\Photos\\vendor\\laravel\\framework\\src\\Illuminate\\Http\\Middleware\\TrustProxies.php(39): Illuminate\\Pipeline\\Pipeline->{closure:{closure:Illuminate\\Pipeline\\Pipeline::carry():158}:159}(Object(Illuminate\\Http\\Request))
#37 C:\\Users\\Nathan\\Documents\\Cours\\BUT_2\\Git\\Photos\\vendor\\laravel\\framework\\src\\Illuminate\\Pipeline\\Pipeline.php(183): Illuminate\\Http\\Middleware\\TrustProxies->handle(Object(Illuminate\\Http\\Request), Object(Closure))
#38 C:\\Users\\Nathan\\Documents\\Cours\\BUT_2\\Git\\Photos\\vendor\\laravel\\framework\\src\\Illuminate\\Pipeline\\Pipeline.php(119): Illuminate\\Pipeline\\Pipeline->{closure:{closure:Illuminate\\Pipeline\\Pipeline::carry():158}:159}(Object(Illuminate\\Http\\Request))
#39 C:\\Users\\Nathan\\Documents\\Cours\\BUT_2\\Git\\Photos\\vendor\\laravel\\framework\\src\\Illuminate\\Foundation\\Http\\Kernel.php(175): Illuminate\\Pipeline\\Pipeline->then(Object(Closure))
#40 C:\\Users\\Nathan\\Documents\\Cours\\BUT_2\\Git\\Photos\\vendor\\laravel\\framework\\src\\Illuminate\\Foundation\\Http\\Kernel.php(144): Illuminate\\Foundation\\Http\\Kernel->sendRequestThroughRouter(Object(Illuminate\\Http\\Request))
#41 C:\\Users\\Nathan\\Documents\\Cours\\BUT_2\\Git\\Photos\\public\\index.php(51): Illuminate\\Foundation\\Http\\Kernel->handle(Object(Illuminate\\Http\\Request))
#42 C:\\Users\\Nathan\\Documents\\Cours\\BUT_2\\Git\\Photos\\vendor\\laravel\\framework\\src\\Illuminate\\Foundation\\resources\\server.php(16): require_once('C:\\\\Users\\\\Nathan...')
#43 {main}
"} 
[2025-11-04 09:45:04] production.ERROR: No application encryption key has been specified. {"exception":"[object] (Illuminate\\Encryption\\MissingAppKeyException(code: 0): No application encryption key has been specified. at C:\\Users\\Nathan\\Documents\\Cours\\BUT_2\\Git\\Photos\\vendor\\laravel\\framework\\src\\Illuminate\\Encryption\\EncryptionServiceProvider.php:79)
[stacktrace]
#0 C:\\Users\\Nathan\\Documents\\Cours\\BUT_2\\Git\\Photos\\vendor\\laravel\\framework\\src\\Illuminate\\Support\\helpers.php(320): Illuminate\\Encryption\\EncryptionServiceProvider->{closure:Illuminate\\Encryption\\EncryptionServiceProvider::key():77}(NULL)
#1 C:\\Users\\Nathan\\Documents\\Cours\\BUT_2\\Git\\Photos\\vendor\\laravel\\framework\\src\\Illuminate\\Encryption\\EncryptionServiceProvider.php(77): tap(NULL, Object(Closure))
#2 C:\\Users\\Nathan\\Documents\\Cours\\BUT_2\\Git\\Photos\\vendor\\laravel\\framework\\src\\Illuminate\\Encryption\\EncryptionServiceProvider.php(60): Illuminate\\Encryption\\EncryptionServiceProvider->key(Array)
#3 C:\\Users\\Nathan\\Documents\\Cours\\BUT_2\\Git\\Photos\\vendor\\laravel\\framework\\src\\Illuminate\\Encryption\\EncryptionServiceProvider.php(32): Illuminate\\Encryption\\EncryptionServiceProvider->parseKey(Array)
#4 C:\\Users\\Nathan\\Documents\\Cours\\BUT_2\\Git\\Photos\\vendor\\laravel\\framework\\src\\Illuminate\\Container\\Container.php(908): Illuminate\\Encryption\\EncryptionServiceProvider->{closure:Illuminate\\Encryption\\EncryptionServiceProvider::registerEncrypter():29}(Object(Illuminate\\Foundation\\Application), Array)
#5 C:\\Users\\Nathan\\Documents\\Cours\\BUT_2\\Git\\Photos\\vendor\\laravel\\framework\\src\\Illuminate\\Container\\Container.php(795): Illuminate\\Container\\Container->build(Object(Closure))
#6 C:\\Users\\Nathan\\Documents\\Cours\\BUT_2\\Git\\Photos\\vendor\\laravel\\framework\\src\\Illuminate\\Foundation\\Application.php(986): Illuminate\\Container\\Container->resolve('encrypter', Array, true)
#7 C:\\Users\\Nathan\\Documents\\Cours\\BUT_2\\Git\\Photos\\vendor\\laravel\\framework\\src\\Illuminate\\Container\\Container.php(731): Illuminate\\Foundation\\Application->resolve('encrypter', Array)
#8 C:\\Users\\Nathan\\Documents\\Cours\\BUT_2\\Git\\Photos\\vendor\\laravel\\framework\\src\\Illuminate\\Foundation\\Application.php(971): Illuminate\\Container\\Container->make('encrypter', Array)
#9 C:\\Users\\Nathan\\Documents\\Cours\\BUT_2\\Git\\Photos\\vendor\\laravel\\framework\\src\\Illuminate\\Container\\Container.php(1066): Illuminate\\Foundation\\Application->make('encrypter')
#10 C:\\Users\\Nathan\\Documents\\Cours\\BUT_2\\Git\\Photos\\vendor\\laravel\\framework\\src\\Illuminate\\Container\\Container.php(982): Illuminate\\Container\\Container->resolveClass(Object(ReflectionParameter))
#11 C:\\Users\\Nathan\\Documents\\Cours\\BUT_2\\Git\\Photos\\vendor\\laravel\\framework\\src\\Illuminate\\Container\\Container.php(943): Illuminate\\Container\\Container->resolveDependencies(Array)
#12 C:\\Users\\Nathan\\Documents\\Cours\\BUT_2\\Git\\Photos\\vendor\\laravel\\framework\\src\\Illuminate\\Container\\Container.php(795): Illuminate\\Container\\Container->build('App\\\\Http\\\\Middle...')
#13 C:\\Users\\Nathan\\Documents\\Cours\\BUT_2\\Git\\Photos\\vendor\\laravel\\framework\\src\\Illuminate\\Foundation\\Application.php(986): Illuminate\\Container\\Container->resolve('App\\\\Http\\\\Middle...', Array, true)
#14 C:\\Users\\Nathan\\Documents\\Cours\\BUT_2\\Git\\Photos\\vendor\\laravel\\framework\\src\\Illuminate\\Container\\Container.php(731): Illuminate\\Foundation\\Application->resolve('App\\\\Http\\\\Middle...', Array)
#15 C:\\Users\\Nathan\\Documents\\Cours\\BUT_2\\Git\\Photos\\vendor\\laravel\\framework\\src\\Illuminate\\Foundation\\Application.php(971): Illuminate\\Container\\Container->make('App\\\\Http\\\\Middle...', Array)
#16 C:\\Users\\Nathan\\Documents\\Cours\\BUT_2\\Git\\Photos\\vendor\\laravel\\framework\\src\\Illuminate\\Foundation\\Http\\Kernel.php(255): Illuminate\\Foundation\\Application->make('App\\\\Http\\\\Middle...')
#17 C:\\Users\\Nathan\\Documents\\Cours\\BUT_2\\Git\\Photos\\vendor\\laravel\\framework\\src\\Illuminate\\Foundation\\Http\\Kernel.php(213): Illuminate\\Foundation\\Http\\Kernel->terminateMiddleware(Object(Illuminate\\Http\\Request), Object(Illuminate\\Http\\Response))
#18 C:\\Users\\Nathan\\Documents\\Cours\\BUT_2\\Git\\Photos\\public\\index.php(55): Illuminate\\Foundation\\Http\\Kernel->terminate(Object(Illuminate\\Http\\Request), Object(Illuminate\\Http\\Response))
#19 C:\\Users\\Nathan\\Documents\\Cours\\BUT_2\\Git\\Photos\\vendor\\laravel\\framework\\src\\Illuminate\\Foundation\\resources\\server.php(16): require_once('C:\\\\Users\\\\Nathan...')
#20 {main}
"} 
[2025-11-04 09:45:59] production.ERROR: No application encryption key has been specified. {"exception":"[object] (Illuminate\\Encryption\\MissingAppKeyException(code: 0): No application encryption key has been specified. at C:\\Users\\Nathan\\Documents\\Cours\\BUT_2\\Git\\Photos\\vendor\\laravel\\framework\\src\\Illuminate\\Encryption\\EncryptionServiceProvider.php:79)
[stacktrace]
#0 C:\\Users\\Nathan\\Documents\\Cours\\BUT_2\\Git\\Photos\\vendor\\laravel\\framework\\src\\Illuminate\\Support\\helpers.php(320): Illuminate\\Encryption\\EncryptionServiceProvider->{closure:Illuminate\\Encryption\\EncryptionServiceProvider::key():77}(NULL)
#1 C:\\Users\\Nathan\\Documents\\Cours\\BUT_2\\Git\\Photos\\vendor\\laravel\\framework\\src\\Illuminate\\Encryption\\EncryptionServiceProvider.php(77): tap(NULL, Object(Closure))
#2 C:\\Users\\Nathan\\Documents\\Cours\\BUT_2\\Git\\Photos\\vendor\\laravel\\framework\\src\\Illuminate\\Encryption\\EncryptionServiceProvider.php(60): Illuminate\\Encryption\\EncryptionServiceProvider->key(Array)
#3 C:\\Users\\Nathan\\Documents\\Cours\\BUT_2\\Git\\Photos\\vendor\\laravel\\framework\\src\\Illuminate\\Encryption\\EncryptionServiceProvider.php(32): Illuminate\\Encryption\\EncryptionServiceProvider->parseKey(Array)
#4 C:\\Users\\Nathan\\Documents\\Cours\\BUT_2\\Git\\Photos\\vendor\\laravel\\framework\\src\\Illuminate\\Container\\Container.php(908): Illuminate\\Encryption\\EncryptionServiceProvider->{closure:Illuminate\\Encryption\\EncryptionServiceProvider::registerEncrypter():29}(Object(Illuminate\\Foundation\\Application), Array)
#5 C:\\Users\\Nathan\\Documents\\Cours\\BUT_2\\Git\\Photos\\vendor\\laravel\\framework\\src\\Illuminate\\Container\\Container.php(795): Illuminate\\Container\\Container->build(Object(Closure))
#6 C:\\Users\\Nathan\\Documents\\Cours\\BUT_2\\Git\\Photos\\vendor\\laravel\\framework\\src\\Illuminate\\Foundation\\Application.php(986): Illuminate\\Container\\Container->resolve('encrypter', Array, true)
#7 C:\\Users\\Nathan\\Documents\\Cours\\BUT_2\\Git\\Photos\\vendor\\laravel\\framework\\src\\Illuminate\\Container\\Container.php(731): Illuminate\\Foundation\\Application->resolve('encrypter', Array)
#8 C:\\Users\\Nathan\\Documents\\Cours\\BUT_2\\Git\\Photos\\vendor\\laravel\\framework\\src\\Illuminate\\Foundation\\Application.php(971): Illuminate\\Container\\Container->make('encrypter', Array)
#9 C:\\Users\\Nathan\\Documents\\Cours\\BUT_2\\Git\\Photos\\vendor\\laravel\\framework\\src\\Illuminate\\Container\\Container.php(1066): Illuminate\\Foundation\\Application->make('encrypter')
#10 C:\\Users\\Nathan\\Documents\\Cours\\BUT_2\\Git\\Photos\\vendor\\laravel\\framework\\src\\Illuminate\\Container\\Container.php(982): Illuminate\\Container\\Container->resolveClass(Object(ReflectionParameter))
#11 C:\\Users\\Nathan\\Documents\\Cours\\BUT_2\\Git\\Photos\\vendor\\laravel\\framework\\src\\Illuminate\\Container\\Container.php(943): Illuminate\\Container\\Container->resolveDependencies(Array)
#12 C:\\Users\\Nathan\\Documents\\Cours\\BUT_2\\Git\\Photos\\vendor\\laravel\\framework\\src\\Illuminate\\Container\\Container.php(795): Illuminate\\Container\\Container->build('App\\\\Http\\\\Middle...')
#13 C:\\Users\\Nathan\\Documents\\Cours\\BUT_2\\Git\\Photos\\vendor\\laravel\\framework\\src\\Illuminate\\Foundation\\Application.php(986): Illuminate\\Container\\Container->resolve('App\\\\Http\\\\Middle...', Array, true)
#14 C:\\Users\\Nathan\\Documents\\Cours\\BUT_2\\Git\\Photos\\vendor\\laravel\\framework\\src\\Illuminate\\Container\\Container.php(731): Illuminate\\Foundation\\Application->resolve('App\\\\Http\\\\Middle...', Array)
#15 C:\\Users\\Nathan\\Documents\\Cours\\BUT_2\\Git\\Photos\\vendor\\laravel\\framework\\src\\Illuminate\\Foundation\\Application.php(971): Illuminate\\Container\\Container->make('App\\\\Http\\\\Middle...', Array)
#16 C:\\Users\\Nathan\\Documents\\Cours\\BUT_2\\Git\\Photos\\vendor\\laravel\\framework\\src\\Illuminate\\Pipeline\\Pipeline.php(172): Illuminate\\Foundation\\Application->make('App\\\\Http\\\\Middle...')
#17 C:\\Users\\Nathan\\Documents\\Cours\\BUT_2\\Git\\Photos\\vendor\\laravel\\framework\\src\\Illuminate\\Pipeline\\Pipeline.php(119): Illuminate\\Pipeline\\Pipeline->{closure:{closure:Illuminate\\Pipeline\\Pipeline::carry():158}:159}(Object(Illuminate\\Http\\Request))
#18 C:\\Users\\Nathan\\Documents\\Cours\\BUT_2\\Git\\Photos\\vendor\\laravel\\framework\\src\\Illuminate\\Routing\\Router.php(805): Illuminate\\Pipeline\\Pipeline->then(Object(Closure))
#19 C:\\Users\\Nathan\\Documents\\Cours\\BUT_2\\Git\\Photos\\vendor\\laravel\\framework\\src\\Illuminate\\Routing\\Router.php(784): Illuminate\\Routing\\Router->runRouteWithinStack(Object(Illuminate\\Routing\\Route), Object(Illuminate\\Http\\Request))
#20 C:\\Users\\Nathan\\Documents\\Cours\\BUT_2\\Git\\Photos\\vendor\\laravel\\framework\\src\\Illuminate\\Routing\\Router.php(748): Illuminate\\Routing\\Router->runRoute(Object(Illuminate\\Http\\Request), Object(Illuminate\\Routing\\Route))
#21 C:\\Users\\Nathan\\Documents\\Cours\\BUT_2\\Git\\Photos\\vendor\\laravel\\framework\\src\\Illuminate\\Routing\\Router.php(737): Illuminate\\Routing\\Router->dispatchToRoute(Object(Illuminate\\Http\\Request))
#22 C:\\Users\\Nathan\\Documents\\Cours\\BUT_2\\Git\\Photos\\vendor\\laravel\\framework\\src\\Illuminate\\Foundation\\Http\\Kernel.php(200): Illuminate\\Routing\\Router->dispatch(Object(Illuminate\\Http\\Request))
#23 C:\\Users\\Nathan\\Documents\\Cours\\BUT_2\\Git\\Photos\\vendor\\laravel\\framework\\src\\Illuminate\\Pipeline\\Pipeline.php(144): Illuminate\\Foundation\\Http\\Kernel->{closure:Illuminate\\Foundation\\Http\\Kernel::dispatchToRouter():197}(Object(Illuminate\\Http\\Request))
#24 C:\\Users\\Nathan\\Documents\\Cours\\BUT_2\\Git\\Photos\\vendor\\laravel\\framework\\src\\Illuminate\\Foundation\\Http\\Middleware\\TransformsRequest.php(21): Illuminate\\Pipeline\\Pipeline->{closure:Illuminate\\Pipeline\\Pipeline::prepareDestination():142}(Object(Illuminate\\Http\\Request))
#25 C:\\Users\\Nathan\\Documents\\Cours\\BUT_2\\Git\\Photos\\vendor\\laravel\\framework\\src\\Illuminate\\Foundation\\Http\\Middleware\\ConvertEmptyStringsToNull.php(31): Illuminate\\Foundation\\Http\\Middleware\\TransformsRequest->handle(Object(Illuminate\\Http\\Request), Object(Closure))
#26 C:\\Users\\Nathan\\Documents\\Cours\\BUT_2\\Git\\Photos\\vendor\\laravel\\framework\\src\\Illuminate\\Pipeline\\Pipeline.php(183): Illuminate\\Foundation\\Http\\Middleware\\ConvertEmptyStringsToNull->handle(Object(Illuminate\\Http\\Request), Object(Closure))
#27 C:\\Users\\Nathan\\Documents\\Cours\\BUT_2\\Git\\Photos\\vendor\\laravel\\framework\\src\\Illuminate\\Foundation\\Http\\Middleware\\TransformsRequest.php(21): Illuminate\\Pipeline\\Pipeline->{closure:{closure:Illuminate\\Pipeline\\Pipeline::carry():158}:159}(Object(Illuminate\\Http\\Request))
#28 C:\\Users\\Nathan\\Documents\\Cours\\BUT_2\\Git\\Photos\\vendor\\laravel\\framework\\src\\Illuminate\\Foundation\\Http\\Middleware\\TrimStrings.php(40): Illuminate\\Foundation\\Http\\Middleware\\TransformsRequest->handle(Object(Illuminate\\Http\\Request), Object(Closure))
#29 C:\\Users\\Nathan\\Documents\\Cours\\BUT_2\\Git\\Photos\\vendor\\laravel\\framework\\src\\Illuminate\\Pipeline\\Pipeline.php(183): Illuminate\\Foundation\\Http\\Middleware\\TrimStrings->handle(Object(Illuminate\\Http\\Request), Object(Closure))
#30 C:\\Users\\Nathan\\Documents\\Cours\\BUT_2\\Git\\Photos\\vendor\\laravel\\framework\\src\\Illuminate\\Foundation\\Http\\Middleware\\ValidatePostSize.php(27): Illuminate\\Pipeline\\Pipeline->{closure:{closure:Illuminate\\Pipeline\\Pipeline::carry():158}:159}(Object(Illuminate\\Http\\Request))
#31 C:\\Users\\Nathan\\Documents\\Cours\\BUT_2\\Git\\Photos\\vendor\\laravel\\framework\\src\\Illuminate\\Pipeline\\Pipeline.php(183): Illuminate\\Foundation\\Http\\Middleware\\ValidatePostSize->handle(Object(Illuminate\\Http\\Request), Object(Closure))
#32 C:\\Users\\Nathan\\Documents\\Cours\\BUT_2\\Git\\Photos\\vendor\\laravel\\framework\\src\\Illuminate\\Foundation\\Http\\Middleware\\PreventRequestsDuringMaintenance.php(99): Illuminate\\Pipeline\\Pipeline->{closure:{closure:Illuminate\\Pipeline\\Pipeline::carry():158}:159}(Object(Illuminate\\Http\\Request))
#33 C:\\Users\\Nathan\\Documents\\Cours\\BUT_2\\Git\\Photos\\vendor\\laravel\\framework\\src\\Illuminate\\Pipeline\\Pipeline.php(183): Illuminate\\Foundation\\Http\\Middleware\\PreventRequestsDuringMaintenance->handle(Object(Illuminate\\Http\\Request), Object(Closure))
#34 C:\\Users\\Nathan\\Documents\\Cours\\BUT_2\\Git\\Photos\\vendor\\laravel\\framework\\src\\Illuminate\\Http\\Middleware\\HandleCors.php(49): Illuminate\\Pipeline\\Pipeline->{closure:{closure:Illuminate\\Pipeline\\Pipeline::carry():158}:159}(Object(Illuminate\\Http\\Request))
#35 C:\\Users\\Nathan\\Documents\\Cours\\BUT_2\\Git\\Photos\\vendor\\laravel\\framework\\src\\Illuminate\\Pipeline\\Pipeline.php(183): Illuminate\\Http\\Middleware\\HandleCors->handle(Object(Illuminate\\Http\\Request), Object(Closure))
#36 C:\\Users\\Nathan\\Documents\\Cours\\BUT_2\\Git\\Photos\\vendor\\laravel\\framework\\src\\Illuminate\\Http\\Middleware\\TrustProxies.php(39): Illuminate\\Pipeline\\Pipeline->{closure:{closure:Illuminate\\Pipeline\\Pipeline::carry():158}:159}(Object(Illuminate\\Http\\Request))
#37 C:\\Users\\Nathan\\Documents\\Cours\\BUT_2\\Git\\Photos\\vendor\\laravel\\framework\\src\\Illuminate\\Pipeline\\Pipeline.php(183): Illuminate\\Http\\Middleware\\TrustProxies->handle(Object(Illuminate\\Http\\Request), Object(Closure))
#38 C:\\Users\\Nathan\\Documents\\Cours\\BUT_2\\Git\\Photos\\vendor\\laravel\\framework\\src\\Illuminate\\Pipeline\\Pipeline.php(119): Illuminate\\Pipeline\\Pipeline->{closure:{closure:Illuminate\\Pipeline\\Pipeline::carry():158}:159}(Object(Illuminate\\Http\\Request))
#39 C:\\Users\\Nathan\\Documents\\Cours\\BUT_2\\Git\\Photos\\vendor\\laravel\\framework\\src\\Illuminate\\Foundation\\Http\\Kernel.php(175): Illuminate\\Pipeline\\Pipeline->then(Object(Closure))
#40 C:\\Users\\Nathan\\Documents\\Cours\\BUT_2\\Git\\Photos\\vendor\\laravel\\framework\\src\\Illuminate\\Foundation\\Http\\Kernel.php(144): Illuminate\\Foundation\\Http\\Kernel->sendRequestThroughRouter(Object(Illuminate\\Http\\Request))
#41 C:\\Users\\Nathan\\Documents\\Cours\\BUT_2\\Git\\Photos\\public\\index.php(51): Illuminate\\Foundation\\Http\\Kernel->handle(Object(Illuminate\\Http\\Request))
#42 C:\\Users\\Nathan\\Documents\\Cours\\BUT_2\\Git\\Photos\\vendor\\laravel\\framework\\src\\Illuminate\\Foundation\\resources\\server.php(16): require_once('C:\\\\Users\\\\Nathan...')
#43 {main}
"} 
[2025-11-04 09:45:59] production.ERROR: No application encryption key has been specified. {"exception":"[object] (Illuminate\\Encryption\\MissingAppKeyException(code: 0): No application encryption key has been specified. at C:\\Users\\Nathan\\Documents\\Cours\\BUT_2\\Git\\Photos\\vendor\\laravel\\framework\\src\\Illuminate\\Encryption\\EncryptionServiceProvider.php:79)
[stacktrace]
#0 C:\\Users\\Nathan\\Documents\\Cours\\BUT_2\\Git\\Photos\\vendor\\laravel\\framework\\src\\Illuminate\\Support\\helpers.php(320): Illuminate\\Encryption\\EncryptionServiceProvider->{closure:Illuminate\\Encryption\\EncryptionServiceProvider::key():77}(NULL)
#1 C:\\Users\\Nathan\\Documents\\Cours\\BUT_2\\Git\\Photos\\vendor\\laravel\\framework\\src\\Illuminate\\Encryption\\EncryptionServiceProvider.php(77): tap(NULL, Object(Closure))
#2 C:\\Users\\Nathan\\Documents\\Cours\\BUT_2\\Git\\Photos\\vendor\\laravel\\framework\\src\\Illuminate\\Encryption\\EncryptionServiceProvider.php(60): Illuminate\\Encryption\\EncryptionServiceProvider->key(Array)
#3 C:\\Users\\Nathan\\Documents\\Cours\\BUT_2\\Git\\Photos\\vendor\\laravel\\framework\\src\\Illuminate\\Encryption\\EncryptionServiceProvider.php(32): Illuminate\\Encryption\\EncryptionServiceProvider->parseKey(Array)
#4 C:\\Users\\Nathan\\Documents\\Cours\\BUT_2\\Git\\Photos\\vendor\\laravel\\framework\\src\\Illuminate\\Container\\Container.php(908): Illuminate\\Encryption\\EncryptionServiceProvider->{closure:Illuminate\\Encryption\\EncryptionServiceProvider::registerEncrypter():29}(Object(Illuminate\\Foundation\\Application), Array)
#5 C:\\Users\\Nathan\\Documents\\Cours\\BUT_2\\Git\\Photos\\vendor\\laravel\\framework\\src\\Illuminate\\Container\\Container.php(795): Illuminate\\Container\\Container->build(Object(Closure))
#6 C:\\Users\\Nathan\\Documents\\Cours\\BUT_2\\Git\\Photos\\vendor\\laravel\\framework\\src\\Illuminate\\Foundation\\Application.php(986): Illuminate\\Container\\Container->resolve('encrypter', Array, true)
#7 C:\\Users\\Nathan\\Documents\\Cours\\BUT_2\\Git\\Photos\\vendor\\laravel\\framework\\src\\Illuminate\\Container\\Container.php(731): Illuminate\\Foundation\\Application->resolve('encrypter', Array)
#8 C:\\Users\\Nathan\\Documents\\Cours\\BUT_2\\Git\\Photos\\vendor\\laravel\\framework\\src\\Illuminate\\Foundation\\Application.php(971): Illuminate\\Container\\Container->make('encrypter', Array)
#9 C:\\Users\\Nathan\\Documents\\Cours\\BUT_2\\Git\\Photos\\vendor\\laravel\\framework\\src\\Illuminate\\Container\\Container.php(1066): Illuminate\\Foundation\\Application->make('encrypter')
#10 C:\\Users\\Nathan\\Documents\\Cours\\BUT_2\\Git\\Photos\\vendor\\laravel\\framework\\src\\Illuminate\\Container\\Container.php(982): Illuminate\\Container\\Container->resolveClass(Object(ReflectionParameter))
#11 C:\\Users\\Nathan\\Documents\\Cours\\BUT_2\\Git\\Photos\\vendor\\laravel\\framework\\src\\Illuminate\\Container\\Container.php(943): Illuminate\\Container\\Container->resolveDependencies(Array)
#12 C:\\Users\\Nathan\\Documents\\Cours\\BUT_2\\Git\\Photos\\vendor\\laravel\\framework\\src\\Illuminate\\Container\\Container.php(795): Illuminate\\Container\\Container->build('App\\\\Http\\\\Middle...')
#13 C:\\Users\\Nathan\\Documents\\Cours\\BUT_2\\Git\\Photos\\vendor\\laravel\\framework\\src\\Illuminate\\Foundation\\Application.php(986): Illuminate\\Container\\Container->resolve('App\\\\Http\\\\Middle...', Array, true)
#14 C:\\Users\\Nathan\\Documents\\Cours\\BUT_2\\Git\\Photos\\vendor\\laravel\\framework\\src\\Illuminate\\Container\\Container.php(731): Illuminate\\Foundation\\Application->resolve('App\\\\Http\\\\Middle...', Array)
#15 C:\\Users\\Nathan\\Documents\\Cours\\BUT_2\\Git\\Photos\\vendor\\laravel\\framework\\src\\Illuminate\\Foundation\\Application.php(971): Illuminate\\Container\\Container->make('App\\\\Http\\\\Middle...', Array)
#16 C:\\Users\\Nathan\\Documents\\Cours\\BUT_2\\Git\\Photos\\vendor\\laravel\\framework\\src\\Illuminate\\Foundation\\Http\\Kernel.php(255): Illuminate\\Foundation\\Application->make('App\\\\Http\\\\Middle...')
#17 C:\\Users\\Nathan\\Documents\\Cours\\BUT_2\\Git\\Photos\\vendor\\laravel\\framework\\src\\Illuminate\\Foundation\\Http\\Kernel.php(213): Illuminate\\Foundation\\Http\\Kernel->terminateMiddleware(Object(Illuminate\\Http\\Request), Object(Illuminate\\Http\\Response))
#18 C:\\Users\\Nathan\\Documents\\Cours\\BUT_2\\Git\\Photos\\public\\index.php(55): Illuminate\\Foundation\\Http\\Kernel->terminate(Object(Illuminate\\Http\\Request), Object(Illuminate\\Http\\Response))
#19 C:\\Users\\Nathan\\Documents\\Cours\\BUT_2\\Git\\Photos\\vendor\\laravel\\framework\\src\\Illuminate\\Foundation\\resources\\server.php(16): require_once('C:\\\\Users\\\\Nathan...')
#20 {main}
"} 
[2025-11-04 09:46:02] production.ERROR: No application encryption key has been specified. {"exception":"[object] (Illuminate\\Encryption\\MissingAppKeyException(code: 0): No application encryption key has been specified. at C:\\Users\\Nathan\\Documents\\Cours\\BUT_2\\Git\\Photos\\vendor\\laravel\\framework\\src\\Illuminate\\Encryption\\EncryptionServiceProvider.php:79)
[stacktrace]
#0 C:\\Users\\Nathan\\Documents\\Cours\\BUT_2\\Git\\Photos\\vendor\\laravel\\framework\\src\\Illuminate\\Support\\helpers.php(320): Illuminate\\Encryption\\EncryptionServiceProvider->{closure:Illuminate\\Encryption\\EncryptionServiceProvider::key():77}(NULL)
#1 C:\\Users\\Nathan\\Documents\\Cours\\BUT_2\\Git\\Photos\\vendor\\laravel\\framework\\src\\Illuminate\\Encryption\\EncryptionServiceProvider.php(77): tap(NULL, Object(Closure))
#2 C:\\Users\\Nathan\\Documents\\Cours\\BUT_2\\Git\\Photos\\vendor\\laravel\\framework\\src\\Illuminate\\Encryption\\EncryptionServiceProvider.php(60): Illuminate\\Encryption\\EncryptionServiceProvider->key(Array)
#3 C:\\Users\\Nathan\\Documents\\Cours\\BUT_2\\Git\\Photos\\vendor\\laravel\\framework\\src\\Illuminate\\Encryption\\EncryptionServiceProvider.php(32): Illuminate\\Encryption\\EncryptionServiceProvider->parseKey(Array)
#4 C:\\Users\\Nathan\\Documents\\Cours\\BUT_2\\Git\\Photos\\vendor\\laravel\\framework\\src\\Illuminate\\Container\\Container.php(908): Illuminate\\Encryption\\EncryptionServiceProvider->{closure:Illuminate\\Encryption\\EncryptionServiceProvider::registerEncrypter():29}(Object(Illuminate\\Foundation\\Application), Array)
#5 C:\\Users\\Nathan\\Documents\\Cours\\BUT_2\\Git\\Photos\\vendor\\laravel\\framework\\src\\Illuminate\\Container\\Container.php(795): Illuminate\\Container\\Container->build(Object(Closure))
#6 C:\\Users\\Nathan\\Documents\\Cours\\BUT_2\\Git\\Photos\\vendor\\laravel\\framework\\src\\Illuminate\\Foundation\\Application.php(986): Illuminate\\Container\\Container->resolve('encrypter', Array, true)
#7 C:\\Users\\Nathan\\Documents\\Cours\\BUT_2\\Git\\Photos\\vendor\\laravel\\framework\\src\\Illuminate\\Container\\Container.php(731): Illuminate\\Foundation\\Application->resolve('encrypter', Array)
#8 C:\\Users\\Nathan\\Documents\\Cours\\BUT_2\\Git\\Photos\\vendor\\laravel\\framework\\src\\Illuminate\\Foundation\\Application.php(971): Illuminate\\Container\\Container->make('encrypter', Array)
#9 C:\\Users\\Nathan\\Documents\\Cours\\BUT_2\\Git\\Photos\\vendor\\laravel\\framework\\src\\Illuminate\\Container\\Container.php(1066): Illuminate\\Foundation\\Application->make('encrypter')
#10 C:\\Users\\Nathan\\Documents\\Cours\\BUT_2\\Git\\Photos\\vendor\\laravel\\framework\\src\\Illuminate\\Container\\Container.php(982): Illuminate\\Container\\Container->resolveClass(Object(ReflectionParameter))
#11 C:\\Users\\Nathan\\Documents\\Cours\\BUT_2\\Git\\Photos\\vendor\\laravel\\framework\\src\\Illuminate\\Container\\Container.php(943): Illuminate\\Container\\Container->resolveDependencies(Array)
#12 C:\\Users\\Nathan\\Documents\\Cours\\BUT_2\\Git\\Photos\\vendor\\laravel\\framework\\src\\Illuminate\\Container\\Container.php(795): Illuminate\\Container\\Container->build('App\\\\Http\\\\Middle...')
#13 C:\\Users\\Nathan\\Documents\\Cours\\BUT_2\\Git\\Photos\\vendor\\laravel\\framework\\src\\Illuminate\\Foundation\\Application.php(986): Illuminate\\Container\\Container->resolve('App\\\\Http\\\\Middle...', Array, true)
#14 C:\\Users\\Nathan\\Documents\\Cours\\BUT_2\\Git\\Photos\\vendor\\laravel\\framework\\src\\Illuminate\\Container\\Container.php(731): Illuminate\\Foundation\\Application->resolve('App\\\\Http\\\\Middle...', Array)
#15 C:\\Users\\Nathan\\Documents\\Cours\\BUT_2\\Git\\Photos\\vendor\\laravel\\framework\\src\\Illuminate\\Foundation\\Application.php(971): Illuminate\\Container\\Container->make('App\\\\Http\\\\Middle...', Array)
#16 C:\\Users\\Nathan\\Documents\\Cours\\BUT_2\\Git\\Photos\\vendor\\laravel\\framework\\src\\Illuminate\\Pipeline\\Pipeline.php(172): Illuminate\\Foundation\\Application->make('App\\\\Http\\\\Middle...')
#17 C:\\Users\\Nathan\\Documents\\Cours\\BUT_2\\Git\\Photos\\vendor\\laravel\\framework\\src\\Illuminate\\Pipeline\\Pipeline.php(119): Illuminate\\Pipeline\\Pipeline->{closure:{closure:Illuminate\\Pipeline\\Pipeline::carry():158}:159}(Object(Illuminate\\Http\\Request))
#18 C:\\Users\\Nathan\\Documents\\Cours\\BUT_2\\Git\\Photos\\vendor\\laravel\\framework\\src\\Illuminate\\Routing\\Router.php(805): Illuminate\\Pipeline\\Pipeline->then(Object(Closure))
#19 C:\\Users\\Nathan\\Documents\\Cours\\BUT_2\\Git\\Photos\\vendor\\laravel\\framework\\src\\Illuminate\\Routing\\Router.php(784): Illuminate\\Routing\\Router->runRouteWithinStack(Object(Illuminate\\Routing\\Route), Object(Illuminate\\Http\\Request))
#20 C:\\Users\\Nathan\\Documents\\Cours\\BUT_2\\Git\\Photos\\vendor\\laravel\\framework\\src\\Illuminate\\Routing\\Router.php(748): Illuminate\\Routing\\Router->runRoute(Object(Illuminate\\Http\\Request), Object(Illuminate\\Routing\\Route))
#21 C:\\Users\\Nathan\\Documents\\Cours\\BUT_2\\Git\\Photos\\vendor\\laravel\\framework\\src\\Illuminate\\Routing\\Router.php(737): Illuminate\\Routing\\Router->dispatchToRoute(Object(Illuminate\\Http\\Request))
#22 C:\\Users\\Nathan\\Documents\\Cours\\BUT_2\\Git\\Photos\\vendor\\laravel\\framework\\src\\Illuminate\\Foundation\\Http\\Kernel.php(200): Illuminate\\Routing\\Router->dispatch(Object(Illuminate\\Http\\Request))
#23 C:\\Users\\Nathan\\Documents\\Cours\\BUT_2\\Git\\Photos\\vendor\\laravel\\framework\\src\\Illuminate\\Pipeline\\Pipeline.php(144): Illuminate\\Foundation\\Http\\Kernel->{closure:Illuminate\\Foundation\\Http\\Kernel::dispatchToRouter():197}(Object(Illuminate\\Http\\Request))
#24 C:\\Users\\Nathan\\Documents\\Cours\\BUT_2\\Git\\Photos\\vendor\\laravel\\framework\\src\\Illuminate\\Foundation\\Http\\Middleware\\TransformsRequest.php(21): Illuminate\\Pipeline\\Pipeline->{closure:Illuminate\\Pipeline\\Pipeline::prepareDestination():142}(Object(Illuminate\\Http\\Request))
#25 C:\\Users\\Nathan\\Documents\\Cours\\BUT_2\\Git\\Photos\\vendor\\laravel\\framework\\src\\Illuminate\\Foundation\\Http\\Middleware\\ConvertEmptyStringsToNull.php(31): Illuminate\\Foundation\\Http\\Middleware\\TransformsRequest->handle(Object(Illuminate\\Http\\Request), Object(Closure))
#26 C:\\Users\\Nathan\\Documents\\Cours\\BUT_2\\Git\\Photos\\vendor\\laravel\\framework\\src\\Illuminate\\Pipeline\\Pipeline.php(183): Illuminate\\Foundation\\Http\\Middleware\\ConvertEmptyStringsToNull->handle(Object(Illuminate\\Http\\Request), Object(Closure))
#27 C:\\Users\\Nathan\\Documents\\Cours\\BUT_2\\Git\\Photos\\vendor\\laravel\\framework\\src\\Illuminate\\Foundation\\Http\\Middleware\\TransformsRequest.php(21): Illuminate\\Pipeline\\Pipeline->{closure:{closure:Illuminate\\Pipeline\\Pipeline::carry():158}:159}(Object(Illuminate\\Http\\Request))
#28 C:\\Users\\Nathan\\Documents\\Cours\\BUT_2\\Git\\Photos\\vendor\\laravel\\framework\\src\\Illuminate\\Foundation\\Http\\Middleware\\TrimStrings.php(40): Illuminate\\Foundation\\Http\\Middleware\\TransformsRequest->handle(Object(Illuminate\\Http\\Request), Object(Closure))
#29 C:\\Users\\Nathan\\Documents\\Cours\\BUT_2\\Git\\Photos\\vendor\\laravel\\framework\\src\\Illuminate\\Pipeline\\Pipeline.php(183): Illuminate\\Foundation\\Http\\Middleware\\TrimStrings->handle(Object(Illuminate\\Http\\Request), Object(Closure))
#30 C:\\Users\\Nathan\\Documents\\Cours\\BUT_2\\Git\\Photos\\vendor\\laravel\\framework\\src\\Illuminate\\Foundation\\Http\\Middleware\\ValidatePostSize.php(27): Illuminate\\Pipeline\\Pipeline->{closure:{closure:Illuminate\\Pipeline\\Pipeline::carry():158}:159}(Object(Illuminate\\Http\\Request))
#31 C:\\Users\\Nathan\\Documents\\Cours\\BUT_2\\Git\\Photos\\vendor\\laravel\\framework\\src\\Illuminate\\Pipeline\\Pipeline.php(183): Illuminate\\Foundation\\Http\\Middleware\\ValidatePostSize->handle(Object(Illuminate\\Http\\Request), Object(Closure))
#32 C:\\Users\\Nathan\\Documents\\Cours\\BUT_2\\Git\\Photos\\vendor\\laravel\\framework\\src\\Illuminate\\Foundation\\Http\\Middleware\\PreventRequestsDuringMaintenance.php(99): Illuminate\\Pipeline\\Pipeline->{closure:{closure:Illuminate\\Pipeline\\Pipeline::carry():158}:159}(Object(Illuminate\\Http\\Request))
#33 C:\\Users\\Nathan\\Documents\\Cours\\BUT_2\\Git\\Photos\\vendor\\laravel\\framework\\src\\Illuminate\\Pipeline\\Pipeline.php(183): Illuminate\\Foundation\\Http\\Middleware\\PreventRequestsDuringMaintenance->handle(Object(Illuminate\\Http\\Request), Object(Closure))
#34 C:\\Users\\Nathan\\Documents\\Cours\\BUT_2\\Git\\Photos\\vendor\\laravel\\framework\\src\\Illuminate\\Http\\Middleware\\HandleCors.php(49): Illuminate\\Pipeline\\Pipeline->{closure:{closure:Illuminate\\Pipeline\\Pipeline::carry():158}:159}(Object(Illuminate\\Http\\Request))
#35 C:\\Users\\Nathan\\Documents\\Cours\\BUT_2\\Git\\Photos\\vendor\\laravel\\framework\\src\\Illuminate\\Pipeline\\Pipeline.php(183): Illuminate\\Http\\Middleware\\HandleCors->handle(Object(Illuminate\\Http\\Request), Object(Closure))
#36 C:\\Users\\Nathan\\Documents\\Cours\\BUT_2\\Git\\Photos\\vendor\\laravel\\framework\\src\\Illuminate\\Http\\Middleware\\TrustProxies.php(39): Illuminate\\Pipeline\\Pipeline->{closure:{closure:Illuminate\\Pipeline\\Pipeline::carry():158}:159}(Object(Illuminate\\Http\\Request))
#37 C:\\Users\\Nathan\\Documents\\Cours\\BUT_2\\Git\\Photos\\vendor\\laravel\\framework\\src\\Illuminate\\Pipeline\\Pipeline.php(183): Illuminate\\Http\\Middleware\\TrustProxies->handle(Object(Illuminate\\Http\\Request), Object(Closure))
#38 C:\\Users\\Nathan\\Documents\\Cours\\BUT_2\\Git\\Photos\\vendor\\laravel\\framework\\src\\Illuminate\\Pipeline\\Pipeline.php(119): Illuminate\\Pipeline\\Pipeline->{closure:{closure:Illuminate\\Pipeline\\Pipeline::carry():158}:159}(Object(Illuminate\\Http\\Request))
#39 C:\\Users\\Nathan\\Documents\\Cours\\BUT_2\\Git\\Photos\\vendor\\laravel\\framework\\src\\Illuminate\\Foundation\\Http\\Kernel.php(175): Illuminate\\Pipeline\\Pipeline->then(Object(Closure))
#40 C:\\Users\\Nathan\\Documents\\Cours\\BUT_2\\Git\\Photos\\vendor\\laravel\\framework\\src\\Illuminate\\Foundation\\Http\\Kernel.php(144): Illuminate\\Foundation\\Http\\Kernel->sendRequestThroughRouter(Object(Illuminate\\Http\\Request))
#41 C:\\Users\\Nathan\\Documents\\Cours\\BUT_2\\Git\\Photos\\public\\index.php(51): Illuminate\\Foundation\\Http\\Kernel->handle(Object(Illuminate\\Http\\Request))
#42 C:\\Users\\Nathan\\Documents\\Cours\\BUT_2\\Git\\Photos\\vendor\\laravel\\framework\\src\\Illuminate\\Foundation\\resources\\server.php(16): require_once('C:\\\\Users\\\\Nathan...')
#43 {main}
"} 
[2025-11-04 09:46:02] production.ERROR: No application encryption key has been specified. {"exception":"[object] (Illuminate\\Encryption\\MissingAppKeyException(code: 0): No application encryption key has been specified. at C:\\Users\\Nathan\\Documents\\Cours\\BUT_2\\Git\\Photos\\vendor\\laravel\\framework\\src\\Illuminate\\Encryption\\EncryptionServiceProvider.php:79)
[stacktrace]
#0 C:\\Users\\Nathan\\Documents\\Cours\\BUT_2\\Git\\Photos\\vendor\\laravel\\framework\\src\\Illuminate\\Support\\helpers.php(320): Illuminate\\Encryption\\EncryptionServiceProvider->{closure:Illuminate\\Encryption\\EncryptionServiceProvider::key():77}(NULL)
#1 C:\\Users\\Nathan\\Documents\\Cours\\BUT_2\\Git\\Photos\\vendor\\laravel\\framework\\src\\Illuminate\\Encryption\\EncryptionServiceProvider.php(77): tap(NULL, Object(Closure))
#2 C:\\Users\\Nathan\\Documents\\Cours\\BUT_2\\Git\\Photos\\vendor\\laravel\\framework\\src\\Illuminate\\Encryption\\EncryptionServiceProvider.php(60): Illuminate\\Encryption\\EncryptionServiceProvider->key(Array)
#3 C:\\Users\\Nathan\\Documents\\Cours\\BUT_2\\Git\\Photos\\vendor\\laravel\\framework\\src\\Illuminate\\Encryption\\EncryptionServiceProvider.php(32): Illuminate\\Encryption\\EncryptionServiceProvider->parseKey(Array)
#4 C:\\Users\\Nathan\\Documents\\Cours\\BUT_2\\Git\\Photos\\vendor\\laravel\\framework\\src\\Illuminate\\Container\\Container.php(908): Illuminate\\Encryption\\EncryptionServiceProvider->{closure:Illuminate\\Encryption\\EncryptionServiceProvider::registerEncrypter():29}(Object(Illuminate\\Foundation\\Application), Array)
#5 C:\\Users\\Nathan\\Documents\\Cours\\BUT_2\\Git\\Photos\\vendor\\laravel\\framework\\src\\Illuminate\\Container\\Container.php(795): Illuminate\\Container\\Container->build(Object(Closure))
#6 C:\\Users\\Nathan\\Documents\\Cours\\BUT_2\\Git\\Photos\\vendor\\laravel\\framework\\src\\Illuminate\\Foundation\\Application.php(986): Illuminate\\Container\\Container->resolve('encrypter', Array, true)
#7 C:\\Users\\Nathan\\Documents\\Cours\\BUT_2\\Git\\Photos\\vendor\\laravel\\framework\\src\\Illuminate\\Container\\Container.php(731): Illuminate\\Foundation\\Application->resolve('encrypter', Array)
#8 C:\\Users\\Nathan\\Documents\\Cours\\BUT_2\\Git\\Photos\\vendor\\laravel\\framework\\src\\Illuminate\\Foundation\\Application.php(971): Illuminate\\Container\\Container->make('encrypter', Array)
#9 C:\\Users\\Nathan\\Documents\\Cours\\BUT_2\\Git\\Photos\\vendor\\laravel\\framework\\src\\Illuminate\\Container\\Container.php(1066): Illuminate\\Foundation\\Application->make('encrypter')
#10 C:\\Users\\Nathan\\Documents\\Cours\\BUT_2\\Git\\Photos\\vendor\\laravel\\framework\\src\\Illuminate\\Container\\Container.php(982): Illuminate\\Container\\Container->resolveClass(Object(ReflectionParameter))
#11 C:\\Users\\Nathan\\Documents\\Cours\\BUT_2\\Git\\Photos\\vendor\\laravel\\framework\\src\\Illuminate\\Container\\Container.php(943): Illuminate\\Container\\Container->resolveDependencies(Array)
#12 C:\\Users\\Nathan\\Documents\\Cours\\BUT_2\\Git\\Photos\\vendor\\laravel\\framework\\src\\Illuminate\\Container\\Container.php(795): Illuminate\\Container\\Container->build('App\\\\Http\\\\Middle...')
#13 C:\\Users\\Nathan\\Documents\\Cours\\BUT_2\\Git\\Photos\\vendor\\laravel\\framework\\src\\Illuminate\\Foundation\\Application.php(986): Illuminate\\Container\\Container->resolve('App\\\\Http\\\\Middle...', Array, true)
#14 C:\\Users\\Nathan\\Documents\\Cours\\BUT_2\\Git\\Photos\\vendor\\laravel\\framework\\src\\Illuminate\\Container\\Container.php(731): Illuminate\\Foundation\\Application->resolve('App\\\\Http\\\\Middle...', Array)
#15 C:\\Users\\Nathan\\Documents\\Cours\\BUT_2\\Git\\Photos\\vendor\\laravel\\framework\\src\\Illuminate\\Foundation\\Application.php(971): Illuminate\\Container\\Container->make('App\\\\Http\\\\Middle...', Array)
#16 C:\\Users\\Nathan\\Documents\\Cours\\BUT_2\\Git\\Photos\\vendor\\laravel\\framework\\src\\Illuminate\\Foundation\\Http\\Kernel.php(255): Illuminate\\Foundation\\Application->make('App\\\\Http\\\\Middle...')
#17 C:\\Users\\Nathan\\Documents\\Cours\\BUT_2\\Git\\Photos\\vendor\\laravel\\framework\\src\\Illuminate\\Foundation\\Http\\Kernel.php(213): Illuminate\\Foundation\\Http\\Kernel->terminateMiddleware(Object(Illuminate\\Http\\Request), Object(Illuminate\\Http\\Response))
#18 C:\\Users\\Nathan\\Documents\\Cours\\BUT_2\\Git\\Photos\\public\\index.php(55): Illuminate\\Foundation\\Http\\Kernel->terminate(Object(Illuminate\\Http\\Request), Object(Illuminate\\Http\\Response))
#19 C:\\Users\\Nathan\\Documents\\Cours\\BUT_2\\Git\\Photos\\vendor\\laravel\\framework\\src\\Illuminate\\Foundation\\resources\\server.php(16): require_once('C:\\\\Users\\\\Nathan...')
#20 {main}
"} 
[2025-11-04 09:46:39] production.ERROR: No application encryption key has been specified. {"exception":"[object] (Illuminate\\Encryption\\MissingAppKeyException(code: 0): No application encryption key has been specified. at C:\\Users\\Nathan\\Documents\\Cours\\BUT_2\\Git\\Photos\\vendor\\laravel\\framework\\src\\Illuminate\\Encryption\\EncryptionServiceProvider.php:79)
[stacktrace]
#0 C:\\Users\\Nathan\\Documents\\Cours\\BUT_2\\Git\\Photos\\vendor\\laravel\\framework\\src\\Illuminate\\Support\\helpers.php(320): Illuminate\\Encryption\\EncryptionServiceProvider->{closure:Illuminate\\Encryption\\EncryptionServiceProvider::key():77}(NULL)
#1 C:\\Users\\Nathan\\Documents\\Cours\\BUT_2\\Git\\Photos\\vendor\\laravel\\framework\\src\\Illuminate\\Encryption\\EncryptionServiceProvider.php(77): tap(NULL, Object(Closure))
#2 C:\\Users\\Nathan\\Documents\\Cours\\BUT_2\\Git\\Photos\\vendor\\laravel\\framework\\src\\Illuminate\\Encryption\\EncryptionServiceProvider.php(60): Illuminate\\Encryption\\EncryptionServiceProvider->key(Array)
#3 C:\\Users\\Nathan\\Documents\\Cours\\BUT_2\\Git\\Photos\\vendor\\laravel\\framework\\src\\Illuminate\\Encryption\\EncryptionServiceProvider.php(32): Illuminate\\Encryption\\EncryptionServiceProvider->parseKey(Array)
#4 C:\\Users\\Nathan\\Documents\\Cours\\BUT_2\\Git\\Photos\\vendor\\laravel\\framework\\src\\Illuminate\\Container\\Container.php(908): Illuminate\\Encryption\\EncryptionServiceProvider->{closure:Illuminate\\Encryption\\EncryptionServiceProvider::registerEncrypter():29}(Object(Illuminate\\Foundation\\Application), Array)
#5 C:\\Users\\Nathan\\Documents\\Cours\\BUT_2\\Git\\Photos\\vendor\\laravel\\framework\\src\\Illuminate\\Container\\Container.php(795): Illuminate\\Container\\Container->build(Object(Closure))
#6 C:\\Users\\Nathan\\Documents\\Cours\\BUT_2\\Git\\Photos\\vendor\\laravel\\framework\\src\\Illuminate\\Foundation\\Application.php(986): Illuminate\\Container\\Container->resolve('encrypter', Array, true)
#7 C:\\Users\\Nathan\\Documents\\Cours\\BUT_2\\Git\\Photos\\vendor\\laravel\\framework\\src\\Illuminate\\Container\\Container.php(731): Illuminate\\Foundation\\Application->resolve('encrypter', Array)
#8 C:\\Users\\Nathan\\Documents\\Cours\\BUT_2\\Git\\Photos\\vendor\\laravel\\framework\\src\\Illuminate\\Foundation\\Application.php(971): Illuminate\\Container\\Container->make('encrypter', Array)
#9 C:\\Users\\Nathan\\Documents\\Cours\\BUT_2\\Git\\Photos\\vendor\\laravel\\framework\\src\\Illuminate\\Container\\Container.php(1066): Illuminate\\Foundation\\Application->make('encrypter')
#10 C:\\Users\\Nathan\\Documents\\Cours\\BUT_2\\Git\\Photos\\vendor\\laravel\\framework\\src\\Illuminate\\Container\\Container.php(982): Illuminate\\Container\\Container->resolveClass(Object(ReflectionParameter))
#11 C:\\Users\\Nathan\\Documents\\Cours\\BUT_2\\Git\\Photos\\vendor\\laravel\\framework\\src\\Illuminate\\Container\\Container.php(943): Illuminate\\Container\\Container->resolveDependencies(Array)
#12 C:\\Users\\Nathan\\Documents\\Cours\\BUT_2\\Git\\Photos\\vendor\\laravel\\framework\\src\\Illuminate\\Container\\Container.php(795): Illuminate\\Container\\Container->build('App\\\\Http\\\\Middle...')
#13 C:\\Users\\Nathan\\Documents\\Cours\\BUT_2\\Git\\Photos\\vendor\\laravel\\framework\\src\\Illuminate\\Foundation\\Application.php(986): Illuminate\\Container\\Container->resolve('App\\\\Http\\\\Middle...', Array, true)
#14 C:\\Users\\Nathan\\Documents\\Cours\\BUT_2\\Git\\Photos\\vendor\\laravel\\framework\\src\\Illuminate\\Container\\Container.php(731): Illuminate\\Foundation\\Application->resolve('App\\\\Http\\\\Middle...', Array)
#15 C:\\Users\\Nathan\\Documents\\Cours\\BUT_2\\Git\\Photos\\vendor\\laravel\\framework\\src\\Illuminate\\Foundation\\Application.php(971): Illuminate\\Container\\Container->make('App\\\\Http\\\\Middle...', Array)
#16 C:\\Users\\Nathan\\Documents\\Cours\\BUT_2\\Git\\Photos\\vendor\\laravel\\framework\\src\\Illuminate\\Pipeline\\Pipeline.php(172): Illuminate\\Foundation\\Application->make('App\\\\Http\\\\Middle...')
#17 C:\\Users\\Nathan\\Documents\\Cours\\BUT_2\\Git\\Photos\\vendor\\laravel\\framework\\src\\Illuminate\\Pipeline\\Pipeline.php(119): Illuminate\\Pipeline\\Pipeline->{closure:{closure:Illuminate\\Pipeline\\Pipeline::carry():158}:159}(Object(Illuminate\\Http\\Request))
#18 C:\\Users\\Nathan\\Documents\\Cours\\BUT_2\\Git\\Photos\\vendor\\laravel\\framework\\src\\Illuminate\\Routing\\Router.php(805): Illuminate\\Pipeline\\Pipeline->then(Object(Closure))
#19 C:\\Users\\Nathan\\Documents\\Cours\\BUT_2\\Git\\Photos\\vendor\\laravel\\framework\\src\\Illuminate\\Routing\\Router.php(784): Illuminate\\Routing\\Router->runRouteWithinStack(Object(Illuminate\\Routing\\Route), Object(Illuminate\\Http\\Request))
#20 C:\\Users\\Nathan\\Documents\\Cours\\BUT_2\\Git\\Photos\\vendor\\laravel\\framework\\src\\Illuminate\\Routing\\Router.php(748): Illuminate\\Routing\\Router->runRoute(Object(Illuminate\\Http\\Request), Object(Illuminate\\Routing\\Route))
#21 C:\\Users\\Nathan\\Documents\\Cours\\BUT_2\\Git\\Photos\\vendor\\laravel\\framework\\src\\Illuminate\\Routing\\Router.php(737): Illuminate\\Routing\\Router->dispatchToRoute(Object(Illuminate\\Http\\Request))
#22 C:\\Users\\Nathan\\Documents\\Cours\\BUT_2\\Git\\Photos\\vendor\\laravel\\framework\\src\\Illuminate\\Foundation\\Http\\Kernel.php(200): Illuminate\\Routing\\Router->dispatch(Object(Illuminate\\Http\\Request))
#23 C:\\Users\\Nathan\\Documents\\Cours\\BUT_2\\Git\\Photos\\vendor\\laravel\\framework\\src\\Illuminate\\Pipeline\\Pipeline.php(144): Illuminate\\Foundation\\Http\\Kernel->{closure:Illuminate\\Foundation\\Http\\Kernel::dispatchToRouter():197}(Object(Illuminate\\Http\\Request))
#24 C:\\Users\\Nathan\\Documents\\Cours\\BUT_2\\Git\\Photos\\vendor\\laravel\\framework\\src\\Illuminate\\Foundation\\Http\\Middleware\\TransformsRequest.php(21): Illuminate\\Pipeline\\Pipeline->{closure:Illuminate\\Pipeline\\Pipeline::prepareDestination():142}(Object(Illuminate\\Http\\Request))
#25 C:\\Users\\Nathan\\Documents\\Cours\\BUT_2\\Git\\Photos\\vendor\\laravel\\framework\\src\\Illuminate\\Foundation\\Http\\Middleware\\ConvertEmptyStringsToNull.php(31): Illuminate\\Foundation\\Http\\Middleware\\TransformsRequest->handle(Object(Illuminate\\Http\\Request), Object(Closure))
#26 C:\\Users\\Nathan\\Documents\\Cours\\BUT_2\\Git\\Photos\\vendor\\laravel\\framework\\src\\Illuminate\\Pipeline\\Pipeline.php(183): Illuminate\\Foundation\\Http\\Middleware\\ConvertEmptyStringsToNull->handle(Object(Illuminate\\Http\\Request), Object(Closure))
#27 C:\\Users\\Nathan\\Documents\\Cours\\BUT_2\\Git\\Photos\\vendor\\laravel\\framework\\src\\Illuminate\\Foundation\\Http\\Middleware\\TransformsRequest.php(21): Illuminate\\Pipeline\\Pipeline->{closure:{closure:Illuminate\\Pipeline\\Pipeline::carry():158}:159}(Object(Illuminate\\Http\\Request))
#28 C:\\Users\\Nathan\\Documents\\Cours\\BUT_2\\Git\\Photos\\vendor\\laravel\\framework\\src\\Illuminate\\Foundation\\Http\\Middleware\\TrimStrings.php(40): Illuminate\\Foundation\\Http\\Middleware\\TransformsRequest->handle(Object(Illuminate\\Http\\Request), Object(Closure))
#29 C:\\Users\\Nathan\\Documents\\Cours\\BUT_2\\Git\\Photos\\vendor\\laravel\\framework\\src\\Illuminate\\Pipeline\\Pipeline.php(183): Illuminate\\Foundation\\Http\\Middleware\\TrimStrings->handle(Object(Illuminate\\Http\\Request), Object(Closure))
#30 C:\\Users\\Nathan\\Documents\\Cours\\BUT_2\\Git\\Photos\\vendor\\laravel\\framework\\src\\Illuminate\\Foundation\\Http\\Middleware\\ValidatePostSize.php(27): Illuminate\\Pipeline\\Pipeline->{closure:{closure:Illuminate\\Pipeline\\Pipeline::carry():158}:159}(Object(Illuminate\\Http\\Request))
#31 C:\\Users\\Nathan\\Documents\\Cours\\BUT_2\\Git\\Photos\\vendor\\laravel\\framework\\src\\Illuminate\\Pipeline\\Pipeline.php(183): Illuminate\\Foundation\\Http\\Middleware\\ValidatePostSize->handle(Object(Illuminate\\Http\\Request), Object(Closure))
#32 C:\\Users\\Nathan\\Documents\\Cours\\BUT_2\\Git\\Photos\\vendor\\laravel\\framework\\src\\Illuminate\\Foundation\\Http\\Middleware\\PreventRequestsDuringMaintenance.php(99): Illuminate\\Pipeline\\Pipeline->{closure:{closure:Illuminate\\Pipeline\\Pipeline::carry():158}:159}(Object(Illuminate\\Http\\Request))
#33 C:\\Users\\Nathan\\Documents\\Cours\\BUT_2\\Git\\Photos\\vendor\\laravel\\framework\\src\\Illuminate\\Pipeline\\Pipeline.php(183): Illuminate\\Foundation\\Http\\Middleware\\PreventRequestsDuringMaintenance->handle(Object(Illuminate\\Http\\Request), Object(Closure))
#34 C:\\Users\\Nathan\\Documents\\Cours\\BUT_2\\Git\\Photos\\vendor\\laravel\\framework\\src\\Illuminate\\Http\\Middleware\\HandleCors.php(49): Illuminate\\Pipeline\\Pipeline->{closure:{closure:Illuminate\\Pipeline\\Pipeline::carry():158}:159}(Object(Illuminate\\Http\\Request))
#35 C:\\Users\\Nathan\\Documents\\Cours\\BUT_2\\Git\\Photos\\vendor\\laravel\\framework\\src\\Illuminate\\Pipeline\\Pipeline.php(183): Illuminate\\Http\\Middleware\\HandleCors->handle(Object(Illuminate\\Http\\Request), Object(Closure))
#36 C:\\Users\\Nathan\\Documents\\Cours\\BUT_2\\Git\\Photos\\vendor\\laravel\\framework\\src\\Illuminate\\Http\\Middleware\\TrustProxies.php(39): Illuminate\\Pipeline\\Pipeline->{closure:{closure:Illuminate\\Pipeline\\Pipeline::carry():158}:159}(Object(Illuminate\\Http\\Request))
#37 C:\\Users\\Nathan\\Documents\\Cours\\BUT_2\\Git\\Photos\\vendor\\laravel\\framework\\src\\Illuminate\\Pipeline\\Pipeline.php(183): Illuminate\\Http\\Middleware\\TrustProxies->handle(Object(Illuminate\\Http\\Request), Object(Closure))
#38 C:\\Users\\Nathan\\Documents\\Cours\\BUT_2\\Git\\Photos\\vendor\\laravel\\framework\\src\\Illuminate\\Pipeline\\Pipeline.php(119): Illuminate\\Pipeline\\Pipeline->{closure:{closure:Illuminate\\Pipeline\\Pipeline::carry():158}:159}(Object(Illuminate\\Http\\Request))
#39 C:\\Users\\Nathan\\Documents\\Cours\\BUT_2\\Git\\Photos\\vendor\\laravel\\framework\\src\\Illuminate\\Foundation\\Http\\Kernel.php(175): Illuminate\\Pipeline\\Pipeline->then(Object(Closure))
#40 C:\\Users\\Nathan\\Documents\\Cours\\BUT_2\\Git\\Photos\\vendor\\laravel\\framework\\src\\Illuminate\\Foundation\\Http\\Kernel.php(144): Illuminate\\Foundation\\Http\\Kernel->sendRequestThroughRouter(Object(Illuminate\\Http\\Request))
#41 C:\\Users\\Nathan\\Documents\\Cours\\BUT_2\\Git\\Photos\\public\\index.php(51): Illuminate\\Foundation\\Http\\Kernel->handle(Object(Illuminate\\Http\\Request))
#42 C:\\Users\\Nathan\\Documents\\Cours\\BUT_2\\Git\\Photos\\vendor\\laravel\\framework\\src\\Illuminate\\Foundation\\resources\\server.php(16): require_once('C:\\\\Users\\\\Nathan...')
#43 {main}
"} 
[2025-11-04 09:46:39] production.ERROR: No application encryption key has been specified. {"exception":"[object] (Illuminate\\Encryption\\MissingAppKeyException(code: 0): No application encryption key has been specified. at C:\\Users\\Nathan\\Documents\\Cours\\BUT_2\\Git\\Photos\\vendor\\laravel\\framework\\src\\Illuminate\\Encryption\\EncryptionServiceProvider.php:79)
[stacktrace]
#0 C:\\Users\\Nathan\\Documents\\Cours\\BUT_2\\Git\\Photos\\vendor\\laravel\\framework\\src\\Illuminate\\Support\\helpers.php(320): Illuminate\\Encryption\\EncryptionServiceProvider->{closure:Illuminate\\Encryption\\EncryptionServiceProvider::key():77}(NULL)
#1 C:\\Users\\Nathan\\Documents\\Cours\\BUT_2\\Git\\Photos\\vendor\\laravel\\framework\\src\\Illuminate\\Encryption\\EncryptionServiceProvider.php(77): tap(NULL, Object(Closure))
#2 C:\\Users\\Nathan\\Documents\\Cours\\BUT_2\\Git\\Photos\\vendor\\laravel\\framework\\src\\Illuminate\\Encryption\\EncryptionServiceProvider.php(60): Illuminate\\Encryption\\EncryptionServiceProvider->key(Array)
#3 C:\\Users\\Nathan\\Documents\\Cours\\BUT_2\\Git\\Photos\\vendor\\laravel\\framework\\src\\Illuminate\\Encryption\\EncryptionServiceProvider.php(32): Illuminate\\Encryption\\EncryptionServiceProvider->parseKey(Array)
#4 C:\\Users\\Nathan\\Documents\\Cours\\BUT_2\\Git\\Photos\\vendor\\laravel\\framework\\src\\Illuminate\\Container\\Container.php(908): Illuminate\\Encryption\\EncryptionServiceProvider->{closure:Illuminate\\Encryption\\EncryptionServiceProvider::registerEncrypter():29}(Object(Illuminate\\Foundation\\Application), Array)
#5 C:\\Users\\Nathan\\Documents\\Cours\\BUT_2\\Git\\Photos\\vendor\\laravel\\framework\\src\\Illuminate\\Container\\Container.php(795): Illuminate\\Container\\Container->build(Object(Closure))
#6 C:\\Users\\Nathan\\Documents\\Cours\\BUT_2\\Git\\Photos\\vendor\\laravel\\framework\\src\\Illuminate\\Foundation\\Application.php(986): Illuminate\\Container\\Container->resolve('encrypter', Array, true)
#7 C:\\Users\\Nathan\\Documents\\Cours\\BUT_2\\Git\\Photos\\vendor\\laravel\\framework\\src\\Illuminate\\Container\\Container.php(731): Illuminate\\Foundation\\Application->resolve('encrypter', Array)
#8 C:\\Users\\Nathan\\Documents\\Cours\\BUT_2\\Git\\Photos\\vendor\\laravel\\framework\\src\\Illuminate\\Foundation\\Application.php(971): Illuminate\\Container\\Container->make('encrypter', Array)
#9 C:\\Users\\Nathan\\Documents\\Cours\\BUT_2\\Git\\Photos\\vendor\\laravel\\framework\\src\\Illuminate\\Container\\Container.php(1066): Illuminate\\Foundation\\Application->make('encrypter')
#10 C:\\Users\\Nathan\\Documents\\Cours\\BUT_2\\Git\\Photos\\vendor\\laravel\\framework\\src\\Illuminate\\Container\\Container.php(982): Illuminate\\Container\\Container->resolveClass(Object(ReflectionParameter))
#11 C:\\Users\\Nathan\\Documents\\Cours\\BUT_2\\Git\\Photos\\vendor\\laravel\\framework\\src\\Illuminate\\Container\\Container.php(943): Illuminate\\Container\\Container->resolveDependencies(Array)
#12 C:\\Users\\Nathan\\Documents\\Cours\\BUT_2\\Git\\Photos\\vendor\\laravel\\framework\\src\\Illuminate\\Container\\Container.php(795): Illuminate\\Container\\Container->build('App\\\\Http\\\\Middle...')
#13 C:\\Users\\Nathan\\Documents\\Cours\\BUT_2\\Git\\Photos\\vendor\\laravel\\framework\\src\\Illuminate\\Foundation\\Application.php(986): Illuminate\\Container\\Container->resolve('App\\\\Http\\\\Middle...', Array, true)
#14 C:\\Users\\Nathan\\Documents\\Cours\\BUT_2\\Git\\Photos\\vendor\\laravel\\framework\\src\\Illuminate\\Container\\Container.php(731): Illuminate\\Foundation\\Application->resolve('App\\\\Http\\\\Middle...', Array)
#15 C:\\Users\\Nathan\\Documents\\Cours\\BUT_2\\Git\\Photos\\vendor\\laravel\\framework\\src\\Illuminate\\Foundation\\Application.php(971): Illuminate\\Container\\Container->make('App\\\\Http\\\\Middle...', Array)
#16 C:\\Users\\Nathan\\Documents\\Cours\\BUT_2\\Git\\Photos\\vendor\\laravel\\framework\\src\\Illuminate\\Foundation\\Http\\Kernel.php(255): Illuminate\\Foundation\\Application->make('App\\\\Http\\\\Middle...')
#17 C:\\Users\\Nathan\\Documents\\Cours\\BUT_2\\Git\\Photos\\vendor\\laravel\\framework\\src\\Illuminate\\Foundation\\Http\\Kernel.php(213): Illuminate\\Foundation\\Http\\Kernel->terminateMiddleware(Object(Illuminate\\Http\\Request), Object(Illuminate\\Http\\Response))
#18 C:\\Users\\Nathan\\Documents\\Cours\\BUT_2\\Git\\Photos\\public\\index.php(55): Illuminate\\Foundation\\Http\\Kernel->terminate(Object(Illuminate\\Http\\Request), Object(Illuminate\\Http\\Response))
#19 C:\\Users\\Nathan\\Documents\\Cours\\BUT_2\\Git\\Photos\\vendor\\laravel\\framework\\src\\Illuminate\\Foundation\\resources\\server.php(16): require_once('C:\\\\Users\\\\Nathan...')
#20 {main}
"} 
[2025-11-04 09:46:40] production.ERROR: No application encryption key has been specified. {"exception":"[object] (Illuminate\\Encryption\\MissingAppKeyException(code: 0): No application encryption key has been specified. at C:\\Users\\Nathan\\Documents\\Cours\\BUT_2\\Git\\Photos\\vendor\\laravel\\framework\\src\\Illuminate\\Encryption\\EncryptionServiceProvider.php:79)
[stacktrace]
#0 C:\\Users\\Nathan\\Documents\\Cours\\BUT_2\\Git\\Photos\\vendor\\laravel\\framework\\src\\Illuminate\\Support\\helpers.php(320): Illuminate\\Encryption\\EncryptionServiceProvider->{closure:Illuminate\\Encryption\\EncryptionServiceProvider::key():77}(NULL)
#1 C:\\Users\\Nathan\\Documents\\Cours\\BUT_2\\Git\\Photos\\vendor\\laravel\\framework\\src\\Illuminate\\Encryption\\EncryptionServiceProvider.php(77): tap(NULL, Object(Closure))
#2 C:\\Users\\Nathan\\Documents\\Cours\\BUT_2\\Git\\Photos\\vendor\\laravel\\framework\\src\\Illuminate\\Encryption\\EncryptionServiceProvider.php(60): Illuminate\\Encryption\\EncryptionServiceProvider->key(Array)
#3 C:\\Users\\Nathan\\Documents\\Cours\\BUT_2\\Git\\Photos\\vendor\\laravel\\framework\\src\\Illuminate\\Encryption\\EncryptionServiceProvider.php(32): Illuminate\\Encryption\\EncryptionServiceProvider->parseKey(Array)
#4 C:\\Users\\Nathan\\Documents\\Cours\\BUT_2\\Git\\Photos\\vendor\\laravel\\framework\\src\\Illuminate\\Container\\Container.php(908): Illuminate\\Encryption\\EncryptionServiceProvider->{closure:Illuminate\\Encryption\\EncryptionServiceProvider::registerEncrypter():29}(Object(Illuminate\\Foundation\\Application), Array)
#5 C:\\Users\\Nathan\\Documents\\Cours\\BUT_2\\Git\\Photos\\vendor\\laravel\\framework\\src\\Illuminate\\Container\\Container.php(795): Illuminate\\Container\\Container->build(Object(Closure))
#6 C:\\Users\\Nathan\\Documents\\Cours\\BUT_2\\Git\\Photos\\vendor\\laravel\\framework\\src\\Illuminate\\Foundation\\Application.php(986): Illuminate\\Container\\Container->resolve('encrypter', Array, true)
#7 C:\\Users\\Nathan\\Documents\\Cours\\BUT_2\\Git\\Photos\\vendor\\laravel\\framework\\src\\Illuminate\\Container\\Container.php(731): Illuminate\\Foundation\\Application->resolve('encrypter', Array)
#8 C:\\Users\\Nathan\\Documents\\Cours\\BUT_2\\Git\\Photos\\vendor\\laravel\\framework\\src\\Illuminate\\Foundation\\Application.php(971): Illuminate\\Container\\Container->make('encrypter', Array)
#9 C:\\Users\\Nathan\\Documents\\Cours\\BUT_2\\Git\\Photos\\vendor\\laravel\\framework\\src\\Illuminate\\Container\\Container.php(1066): Illuminate\\Foundation\\Application->make('encrypter')
#10 C:\\Users\\Nathan\\Documents\\Cours\\BUT_2\\Git\\Photos\\vendor\\laravel\\framework\\src\\Illuminate\\Container\\Container.php(982): Illuminate\\Container\\Container->resolveClass(Object(ReflectionParameter))
#11 C:\\Users\\Nathan\\Documents\\Cours\\BUT_2\\Git\\Photos\\vendor\\laravel\\framework\\src\\Illuminate\\Container\\Container.php(943): Illuminate\\Container\\Container->resolveDependencies(Array)
#12 C:\\Users\\Nathan\\Documents\\Cours\\BUT_2\\Git\\Photos\\vendor\\laravel\\framework\\src\\Illuminate\\Container\\Container.php(795): Illuminate\\Container\\Container->build('App\\\\Http\\\\Middle...')
#13 C:\\Users\\Nathan\\Documents\\Cours\\BUT_2\\Git\\Photos\\vendor\\laravel\\framework\\src\\Illuminate\\Foundation\\Application.php(986): Illuminate\\Container\\Container->resolve('App\\\\Http\\\\Middle...', Array, true)
#14 C:\\Users\\Nathan\\Documents\\Cours\\BUT_2\\Git\\Photos\\vendor\\laravel\\framework\\src\\Illuminate\\Container\\Container.php(731): Illuminate\\Foundation\\Application->resolve('App\\\\Http\\\\Middle...', Array)
#15 C:\\Users\\Nathan\\Documents\\Cours\\BUT_2\\Git\\Photos\\vendor\\laravel\\framework\\src\\Illuminate\\Foundation\\Application.php(971): Illuminate\\Container\\Container->make('App\\\\Http\\\\Middle...', Array)
#16 C:\\Users\\Nathan\\Documents\\Cours\\BUT_2\\Git\\Photos\\vendor\\laravel\\framework\\src\\Illuminate\\Pipeline\\Pipeline.php(172): Illuminate\\Foundation\\Application->make('App\\\\Http\\\\Middle...')
#17 C:\\Users\\Nathan\\Documents\\Cours\\BUT_2\\Git\\Photos\\vendor\\laravel\\framework\\src\\Illuminate\\Pipeline\\Pipeline.php(119): Illuminate\\Pipeline\\Pipeline->{closure:{closure:Illuminate\\Pipeline\\Pipeline::carry():158}:159}(Object(Illuminate\\Http\\Request))
#18 C:\\Users\\Nathan\\Documents\\Cours\\BUT_2\\Git\\Photos\\vendor\\laravel\\framework\\src\\Illuminate\\Routing\\Router.php(805): Illuminate\\Pipeline\\Pipeline->then(Object(Closure))
#19 C:\\Users\\Nathan\\Documents\\Cours\\BUT_2\\Git\\Photos\\vendor\\laravel\\framework\\src\\Illuminate\\Routing\\Router.php(784): Illuminate\\Routing\\Router->runRouteWithinStack(Object(Illuminate\\Routing\\Route), Object(Illuminate\\Http\\Request))
#20 C:\\Users\\Nathan\\Documents\\Cours\\BUT_2\\Git\\Photos\\vendor\\laravel\\framework\\src\\Illuminate\\Routing\\Router.php(748): Illuminate\\Routing\\Router->runRoute(Object(Illuminate\\Http\\Request), Object(Illuminate\\Routing\\Route))
#21 C:\\Users\\Nathan\\Documents\\Cours\\BUT_2\\Git\\Photos\\vendor\\laravel\\framework\\src\\Illuminate\\Routing\\Router.php(737): Illuminate\\Routing\\Router->dispatchToRoute(Object(Illuminate\\Http\\Request))
#22 C:\\Users\\Nathan\\Documents\\Cours\\BUT_2\\Git\\Photos\\vendor\\laravel\\framework\\src\\Illuminate\\Foundation\\Http\\Kernel.php(200): Illuminate\\Routing\\Router->dispatch(Object(Illuminate\\Http\\Request))
#23 C:\\Users\\Nathan\\Documents\\Cours\\BUT_2\\Git\\Photos\\vendor\\laravel\\framework\\src\\Illuminate\\Pipeline\\Pipeline.php(144): Illuminate\\Foundation\\Http\\Kernel->{closure:Illuminate\\Foundation\\Http\\Kernel::dispatchToRouter():197}(Object(Illuminate\\Http\\Request))
#24 C:\\Users\\Nathan\\Documents\\Cours\\BUT_2\\Git\\Photos\\vendor\\laravel\\framework\\src\\Illuminate\\Foundation\\Http\\Middleware\\TransformsRequest.php(21): Illuminate\\Pipeline\\Pipeline->{closure:Illuminate\\Pipeline\\Pipeline::prepareDestination():142}(Object(Illuminate\\Http\\Request))
#25 C:\\Users\\Nathan\\Documents\\Cours\\BUT_2\\Git\\Photos\\vendor\\laravel\\framework\\src\\Illuminate\\Foundation\\Http\\Middleware\\ConvertEmptyStringsToNull.php(31): Illuminate\\Foundation\\Http\\Middleware\\TransformsRequest->handle(Object(Illuminate\\Http\\Request), Object(Closure))
#26 C:\\Users\\Nathan\\Documents\\Cours\\BUT_2\\Git\\Photos\\vendor\\laravel\\framework\\src\\Illuminate\\Pipeline\\Pipeline.php(183): Illuminate\\Foundation\\Http\\Middleware\\ConvertEmptyStringsToNull->handle(Object(Illuminate\\Http\\Request), Object(Closure))
#27 C:\\Users\\Nathan\\Documents\\Cours\\BUT_2\\Git\\Photos\\vendor\\laravel\\framework\\src\\Illuminate\\Foundation\\Http\\Middleware\\TransformsRequest.php(21): Illuminate\\Pipeline\\Pipeline->{closure:{closure:Illuminate\\Pipeline\\Pipeline::carry():158}:159}(Object(Illuminate\\Http\\Request))
#28 C:\\Users\\Nathan\\Documents\\Cours\\BUT_2\\Git\\Photos\\vendor\\laravel\\framework\\src\\Illuminate\\Foundation\\Http\\Middleware\\TrimStrings.php(40): Illuminate\\Foundation\\Http\\Middleware\\TransformsRequest->handle(Object(Illuminate\\Http\\Request), Object(Closure))
#29 C:\\Users\\Nathan\\Documents\\Cours\\BUT_2\\Git\\Photos\\vendor\\laravel\\framework\\src\\Illuminate\\Pipeline\\Pipeline.php(183): Illuminate\\Foundation\\Http\\Middleware\\TrimStrings->handle(Object(Illuminate\\Http\\Request), Object(Closure))
#30 C:\\Users\\Nathan\\Documents\\Cours\\BUT_2\\Git\\Photos\\vendor\\laravel\\framework\\src\\Illuminate\\Foundation\\Http\\Middleware\\ValidatePostSize.php(27): Illuminate\\Pipeline\\Pipeline->{closure:{closure:Illuminate\\Pipeline\\Pipeline::carry():158}:159}(Object(Illuminate\\Http\\Request))
#31 C:\\Users\\Nathan\\Documents\\Cours\\BUT_2\\Git\\Photos\\vendor\\laravel\\framework\\src\\Illuminate\\Pipeline\\Pipeline.php(183): Illuminate\\Foundation\\Http\\Middleware\\ValidatePostSize->handle(Object(Illuminate\\Http\\Request), Object(Closure))
#32 C:\\Users\\Nathan\\Documents\\Cours\\BUT_2\\Git\\Photos\\vendor\\laravel\\framework\\src\\Illuminate\\Foundation\\Http\\Middleware\\PreventRequestsDuringMaintenance.php(99): Illuminate\\Pipeline\\Pipeline->{closure:{closure:Illuminate\\Pipeline\\Pipeline::carry():158}:159}(Object(Illuminate\\Http\\Request))
#33 C:\\Users\\Nathan\\Documents\\Cours\\BUT_2\\Git\\Photos\\vendor\\laravel\\framework\\src\\Illuminate\\Pipeline\\Pipeline.php(183): Illuminate\\Foundation\\Http\\Middleware\\PreventRequestsDuringMaintenance->handle(Object(Illuminate\\Http\\Request), Object(Closure))
#34 C:\\Users\\Nathan\\Documents\\Cours\\BUT_2\\Git\\Photos\\vendor\\laravel\\framework\\src\\Illuminate\\Http\\Middleware\\HandleCors.php(49): Illuminate\\Pipeline\\Pipeline->{closure:{closure:Illuminate\\Pipeline\\Pipeline::carry():158}:159}(Object(Illuminate\\Http\\Request))
#35 C:\\Users\\Nathan\\Documents\\Cours\\BUT_2\\Git\\Photos\\vendor\\laravel\\framework\\src\\Illuminate\\Pipeline\\Pipeline.php(183): Illuminate\\Http\\Middleware\\HandleCors->handle(Object(Illuminate\\Http\\Request), Object(Closure))
#36 C:\\Users\\Nathan\\Documents\\Cours\\BUT_2\\Git\\Photos\\vendor\\laravel\\framework\\src\\Illuminate\\Http\\Middleware\\TrustProxies.php(39): Illuminate\\Pipeline\\Pipeline->{closure:{closure:Illuminate\\Pipeline\\Pipeline::carry():158}:159}(Object(Illuminate\\Http\\Request))
#37 C:\\Users\\Nathan\\Documents\\Cours\\BUT_2\\Git\\Photos\\vendor\\laravel\\framework\\src\\Illuminate\\Pipeline\\Pipeline.php(183): Illuminate\\Http\\Middleware\\TrustProxies->handle(Object(Illuminate\\Http\\Request), Object(Closure))
#38 C:\\Users\\Nathan\\Documents\\Cours\\BUT_2\\Git\\Photos\\vendor\\laravel\\framework\\src\\Illuminate\\Pipeline\\Pipeline.php(119): Illuminate\\Pipeline\\Pipeline->{closure:{closure:Illuminate\\Pipeline\\Pipeline::carry():158}:159}(Object(Illuminate\\Http\\Request))
#39 C:\\Users\\Nathan\\Documents\\Cours\\BUT_2\\Git\\Photos\\vendor\\laravel\\framework\\src\\Illuminate\\Foundation\\Http\\Kernel.php(175): Illuminate\\Pipeline\\Pipeline->then(Object(Closure))
#40 C:\\Users\\Nathan\\Documents\\Cours\\BUT_2\\Git\\Photos\\vendor\\laravel\\framework\\src\\Illuminate\\Foundation\\Http\\Kernel.php(144): Illuminate\\Foundation\\Http\\Kernel->sendRequestThroughRouter(Object(Illuminate\\Http\\Request))
#41 C:\\Users\\Nathan\\Documents\\Cours\\BUT_2\\Git\\Photos\\public\\index.php(51): Illuminate\\Foundation\\Http\\Kernel->handle(Object(Illuminate\\Http\\Request))
#42 C:\\Users\\Nathan\\Documents\\Cours\\BUT_2\\Git\\Photos\\vendor\\laravel\\framework\\src\\Illuminate\\Foundation\\resources\\server.php(16): require_once('C:\\\\Users\\\\Nathan...')
#43 {main}
"} 
[2025-11-04 09:46:40] production.ERROR: No application encryption key has been specified. {"exception":"[object] (Illuminate\\Encryption\\MissingAppKeyException(code: 0): No application encryption key has been specified. at C:\\Users\\Nathan\\Documents\\Cours\\BUT_2\\Git\\Photos\\vendor\\laravel\\framework\\src\\Illuminate\\Encryption\\EncryptionServiceProvider.php:79)
[stacktrace]
#0 C:\\Users\\Nathan\\Documents\\Cours\\BUT_2\\Git\\Photos\\vendor\\laravel\\framework\\src\\Illuminate\\Support\\helpers.php(320): Illuminate\\Encryption\\EncryptionServiceProvider->{closure:Illuminate\\Encryption\\EncryptionServiceProvider::key():77}(NULL)
#1 C:\\Users\\Nathan\\Documents\\Cours\\BUT_2\\Git\\Photos\\vendor\\laravel\\framework\\src\\Illuminate\\Encryption\\EncryptionServiceProvider.php(77): tap(NULL, Object(Closure))
#2 C:\\Users\\Nathan\\Documents\\Cours\\BUT_2\\Git\\Photos\\vendor\\laravel\\framework\\src\\Illuminate\\Encryption\\EncryptionServiceProvider.php(60): Illuminate\\Encryption\\EncryptionServiceProvider->key(Array)
#3 C:\\Users\\Nathan\\Documents\\Cours\\BUT_2\\Git\\Photos\\vendor\\laravel\\framework\\src\\Illuminate\\Encryption\\EncryptionServiceProvider.php(32): Illuminate\\Encryption\\EncryptionServiceProvider->parseKey(Array)
#4 C:\\Users\\Nathan\\Documents\\Cours\\BUT_2\\Git\\Photos\\vendor\\laravel\\framework\\src\\Illuminate\\Container\\Container.php(908): Illuminate\\Encryption\\EncryptionServiceProvider->{closure:Illuminate\\Encryption\\EncryptionServiceProvider::registerEncrypter():29}(Object(Illuminate\\Foundation\\Application), Array)
#5 C:\\Users\\Nathan\\Documents\\Cours\\BUT_2\\Git\\Photos\\vendor\\laravel\\framework\\src\\Illuminate\\Container\\Container.php(795): Illuminate\\Container\\Container->build(Object(Closure))
#6 C:\\Users\\Nathan\\Documents\\Cours\\BUT_2\\Git\\Photos\\vendor\\laravel\\framework\\src\\Illuminate\\Foundation\\Application.php(986): Illuminate\\Container\\Container->resolve('encrypter', Array, true)
#7 C:\\Users\\Nathan\\Documents\\Cours\\BUT_2\\Git\\Photos\\vendor\\laravel\\framework\\src\\Illuminate\\Container\\Container.php(731): Illuminate\\Foundation\\Application->resolve('encrypter', Array)
#8 C:\\Users\\Nathan\\Documents\\Cours\\BUT_2\\Git\\Photos\\vendor\\laravel\\framework\\src\\Illuminate\\Foundation\\Application.php(971): Illuminate\\Container\\Container->make('encrypter', Array)
#9 C:\\Users\\Nathan\\Documents\\Cours\\BUT_2\\Git\\Photos\\vendor\\laravel\\framework\\src\\Illuminate\\Container\\Container.php(1066): Illuminate\\Foundation\\Application->make('encrypter')
#10 C:\\Users\\Nathan\\Documents\\Cours\\BUT_2\\Git\\Photos\\vendor\\laravel\\framework\\src\\Illuminate\\Container\\Container.php(982): Illuminate\\Container\\Container->resolveClass(Object(ReflectionParameter))
#11 C:\\Users\\Nathan\\Documents\\Cours\\BUT_2\\Git\\Photos\\vendor\\laravel\\framework\\src\\Illuminate\\Container\\Container.php(943): Illuminate\\Container\\Container->resolveDependencies(Array)
#12 C:\\Users\\Nathan\\Documents\\Cours\\BUT_2\\Git\\Photos\\vendor\\laravel\\framework\\src\\Illuminate\\Container\\Container.php(795): Illuminate\\Container\\Container->build('App\\\\Http\\\\Middle...')
#13 C:\\Users\\Nathan\\Documents\\Cours\\BUT_2\\Git\\Photos\\vendor\\laravel\\framework\\src\\Illuminate\\Foundation\\Application.php(986): Illuminate\\Container\\Container->resolve('App\\\\Http\\\\Middle...', Array, true)
#14 C:\\Users\\Nathan\\Documents\\Cours\\BUT_2\\Git\\Photos\\vendor\\laravel\\framework\\src\\Illuminate\\Container\\Container.php(731): Illuminate\\Foundation\\Application->resolve('App\\\\Http\\\\Middle...', Array)
#15 C:\\Users\\Nathan\\Documents\\Cours\\BUT_2\\Git\\Photos\\vendor\\laravel\\framework\\src\\Illuminate\\Foundation\\Application.php(971): Illuminate\\Container\\Container->make('App\\\\Http\\\\Middle...', Array)
#16 C:\\Users\\Nathan\\Documents\\Cours\\BUT_2\\Git\\Photos\\vendor\\laravel\\framework\\src\\Illuminate\\Foundation\\Http\\Kernel.php(255): Illuminate\\Foundation\\Application->make('App\\\\Http\\\\Middle...')
#17 C:\\Users\\Nathan\\Documents\\Cours\\BUT_2\\Git\\Photos\\vendor\\laravel\\framework\\src\\Illuminate\\Foundation\\Http\\Kernel.php(213): Illuminate\\Foundation\\Http\\Kernel->terminateMiddleware(Object(Illuminate\\Http\\Request), Object(Illuminate\\Http\\Response))
#18 C:\\Users\\Nathan\\Documents\\Cours\\BUT_2\\Git\\Photos\\public\\index.php(55): Illuminate\\Foundation\\Http\\Kernel->terminate(Object(Illuminate\\Http\\Request), Object(Illuminate\\Http\\Response))
#19 C:\\Users\\Nathan\\Documents\\Cours\\BUT_2\\Git\\Photos\\vendor\\laravel\\framework\\src\\Illuminate\\Foundation\\resources\\server.php(16): require_once('C:\\\\Users\\\\Nathan...')
#20 {main}
"} 
[2025-11-04 09:46:41] production.ERROR: No application encryption key has been specified. {"exception":"[object] (Illuminate\\Encryption\\MissingAppKeyException(code: 0): No application encryption key has been specified. at C:\\Users\\Nathan\\Documents\\Cours\\BUT_2\\Git\\Photos\\vendor\\laravel\\framework\\src\\Illuminate\\Encryption\\EncryptionServiceProvider.php:79)
[stacktrace]
#0 C:\\Users\\Nathan\\Documents\\Cours\\BUT_2\\Git\\Photos\\vendor\\laravel\\framework\\src\\Illuminate\\Support\\helpers.php(320): Illuminate\\Encryption\\EncryptionServiceProvider->{closure:Illuminate\\Encryption\\EncryptionServiceProvider::key():77}(NULL)
#1 C:\\Users\\Nathan\\Documents\\Cours\\BUT_2\\Git\\Photos\\vendor\\laravel\\framework\\src\\Illuminate\\Encryption\\EncryptionServiceProvider.php(77): tap(NULL, Object(Closure))
#2 C:\\Users\\Nathan\\Documents\\Cours\\BUT_2\\Git\\Photos\\vendor\\laravel\\framework\\src\\Illuminate\\Encryption\\EncryptionServiceProvider.php(60): Illuminate\\Encryption\\EncryptionServiceProvider->key(Array)
#3 C:\\Users\\Nathan\\Documents\\Cours\\BUT_2\\Git\\Photos\\vendor\\laravel\\framework\\src\\Illuminate\\Encryption\\EncryptionServiceProvider.php(32): Illuminate\\Encryption\\EncryptionServiceProvider->parseKey(Array)
#4 C:\\Users\\Nathan\\Documents\\Cours\\BUT_2\\Git\\Photos\\vendor\\laravel\\framework\\src\\Illuminate\\Container\\Container.php(908): Illuminate\\Encryption\\EncryptionServiceProvider->{closure:Illuminate\\Encryption\\EncryptionServiceProvider::registerEncrypter():29}(Object(Illuminate\\Foundation\\Application), Array)
#5 C:\\Users\\Nathan\\Documents\\Cours\\BUT_2\\Git\\Photos\\vendor\\laravel\\framework\\src\\Illuminate\\Container\\Container.php(795): Illuminate\\Container\\Container->build(Object(Closure))
#6 C:\\Users\\Nathan\\Documents\\Cours\\BUT_2\\Git\\Photos\\vendor\\laravel\\framework\\src\\Illuminate\\Foundation\\Application.php(986): Illuminate\\Container\\Container->resolve('encrypter', Array, true)
#7 C:\\Users\\Nathan\\Documents\\Cours\\BUT_2\\Git\\Photos\\vendor\\laravel\\framework\\src\\Illuminate\\Container\\Container.php(731): Illuminate\\Foundation\\Application->resolve('encrypter', Array)
#8 C:\\Users\\Nathan\\Documents\\Cours\\BUT_2\\Git\\Photos\\vendor\\laravel\\framework\\src\\Illuminate\\Foundation\\Application.php(971): Illuminate\\Container\\Container->make('encrypter', Array)
#9 C:\\Users\\Nathan\\Documents\\Cours\\BUT_2\\Git\\Photos\\vendor\\laravel\\framework\\src\\Illuminate\\Container\\Container.php(1066): Illuminate\\Foundation\\Application->make('encrypter')
#10 C:\\Users\\Nathan\\Documents\\Cours\\BUT_2\\Git\\Photos\\vendor\\laravel\\framework\\src\\Illuminate\\Container\\Container.php(982): Illuminate\\Container\\Container->resolveClass(Object(ReflectionParameter))
#11 C:\\Users\\Nathan\\Documents\\Cours\\BUT_2\\Git\\Photos\\vendor\\laravel\\framework\\src\\Illuminate\\Container\\Container.php(943): Illuminate\\Container\\Container->resolveDependencies(Array)
#12 C:\\Users\\Nathan\\Documents\\Cours\\BUT_2\\Git\\Photos\\vendor\\laravel\\framework\\src\\Illuminate\\Container\\Container.php(795): Illuminate\\Container\\Container->build('App\\\\Http\\\\Middle...')
#13 C:\\Users\\Nathan\\Documents\\Cours\\BUT_2\\Git\\Photos\\vendor\\laravel\\framework\\src\\Illuminate\\Foundation\\Application.php(986): Illuminate\\Container\\Container->resolve('App\\\\Http\\\\Middle...', Array, true)
#14 C:\\Users\\Nathan\\Documents\\Cours\\BUT_2\\Git\\Photos\\vendor\\laravel\\framework\\src\\Illuminate\\Container\\Container.php(731): Illuminate\\Foundation\\Application->resolve('App\\\\Http\\\\Middle...', Array)
#15 C:\\Users\\Nathan\\Documents\\Cours\\BUT_2\\Git\\Photos\\vendor\\laravel\\framework\\src\\Illuminate\\Foundation\\Application.php(971): Illuminate\\Container\\Container->make('App\\\\Http\\\\Middle...', Array)
#16 C:\\Users\\Nathan\\Documents\\Cours\\BUT_2\\Git\\Photos\\vendor\\laravel\\framework\\src\\Illuminate\\Pipeline\\Pipeline.php(172): Illuminate\\Foundation\\Application->make('App\\\\Http\\\\Middle...')
#17 C:\\Users\\Nathan\\Documents\\Cours\\BUT_2\\Git\\Photos\\vendor\\laravel\\framework\\src\\Illuminate\\Pipeline\\Pipeline.php(119): Illuminate\\Pipeline\\Pipeline->{closure:{closure:Illuminate\\Pipeline\\Pipeline::carry():158}:159}(Object(Illuminate\\Http\\Request))
#18 C:\\Users\\Nathan\\Documents\\Cours\\BUT_2\\Git\\Photos\\vendor\\laravel\\framework\\src\\Illuminate\\Routing\\Router.php(805): Illuminate\\Pipeline\\Pipeline->then(Object(Closure))
#19 C:\\Users\\Nathan\\Documents\\Cours\\BUT_2\\Git\\Photos\\vendor\\laravel\\framework\\src\\Illuminate\\Routing\\Router.php(784): Illuminate\\Routing\\Router->runRouteWithinStack(Object(Illuminate\\Routing\\Route), Object(Illuminate\\Http\\Request))
#20 C:\\Users\\Nathan\\Documents\\Cours\\BUT_2\\Git\\Photos\\vendor\\laravel\\framework\\src\\Illuminate\\Routing\\Router.php(748): Illuminate\\Routing\\Router->runRoute(Object(Illuminate\\Http\\Request), Object(Illuminate\\Routing\\Route))
#21 C:\\Users\\Nathan\\Documents\\Cours\\BUT_2\\Git\\Photos\\vendor\\laravel\\framework\\src\\Illuminate\\Routing\\Router.php(737): Illuminate\\Routing\\Router->dispatchToRoute(Object(Illuminate\\Http\\Request))
#22 C:\\Users\\Nathan\\Documents\\Cours\\BUT_2\\Git\\Photos\\vendor\\laravel\\framework\\src\\Illuminate\\Foundation\\Http\\Kernel.php(200): Illuminate\\Routing\\Router->dispatch(Object(Illuminate\\Http\\Request))
#23 C:\\Users\\Nathan\\Documents\\Cours\\BUT_2\\Git\\Photos\\vendor\\laravel\\framework\\src\\Illuminate\\Pipeline\\Pipeline.php(144): Illuminate\\Foundation\\Http\\Kernel->{closure:Illuminate\\Foundation\\Http\\Kernel::dispatchToRouter():197}(Object(Illuminate\\Http\\Request))
#24 C:\\Users\\Nathan\\Documents\\Cours\\BUT_2\\Git\\Photos\\vendor\\laravel\\framework\\src\\Illuminate\\Foundation\\Http\\Middleware\\TransformsRequest.php(21): Illuminate\\Pipeline\\Pipeline->{closure:Illuminate\\Pipeline\\Pipeline::prepareDestination():142}(Object(Illuminate\\Http\\Request))
#25 C:\\Users\\Nathan\\Documents\\Cours\\BUT_2\\Git\\Photos\\vendor\\laravel\\framework\\src\\Illuminate\\Foundation\\Http\\Middleware\\ConvertEmptyStringsToNull.php(31): Illuminate\\Foundation\\Http\\Middleware\\TransformsRequest->handle(Object(Illuminate\\Http\\Request), Object(Closure))
#26 C:\\Users\\Nathan\\Documents\\Cours\\BUT_2\\Git\\Photos\\vendor\\laravel\\framework\\src\\Illuminate\\Pipeline\\Pipeline.php(183): Illuminate\\Foundation\\Http\\Middleware\\ConvertEmptyStringsToNull->handle(Object(Illuminate\\Http\\Request), Object(Closure))
#27 C:\\Users\\Nathan\\Documents\\Cours\\BUT_2\\Git\\Photos\\vendor\\laravel\\framework\\src\\Illuminate\\Foundation\\Http\\Middleware\\TransformsRequest.php(21): Illuminate\\Pipeline\\Pipeline->{closure:{closure:Illuminate\\Pipeline\\Pipeline::carry():158}:159}(Object(Illuminate\\Http\\Request))
#28 C:\\Users\\Nathan\\Documents\\Cours\\BUT_2\\Git\\Photos\\vendor\\laravel\\framework\\src\\Illuminate\\Foundation\\Http\\Middleware\\TrimStrings.php(40): Illuminate\\Foundation\\Http\\Middleware\\TransformsRequest->handle(Object(Illuminate\\Http\\Request), Object(Closure))
#29 C:\\Users\\Nathan\\Documents\\Cours\\BUT_2\\Git\\Photos\\vendor\\laravel\\framework\\src\\Illuminate\\Pipeline\\Pipeline.php(183): Illuminate\\Foundation\\Http\\Middleware\\TrimStrings->handle(Object(Illuminate\\Http\\Request), Object(Closure))
#30 C:\\Users\\Nathan\\Documents\\Cours\\BUT_2\\Git\\Photos\\vendor\\laravel\\framework\\src\\Illuminate\\Foundation\\Http\\Middleware\\ValidatePostSize.php(27): Illuminate\\Pipeline\\Pipeline->{closure:{closure:Illuminate\\Pipeline\\Pipeline::carry():158}:159}(Object(Illuminate\\Http\\Request))
#31 C:\\Users\\Nathan\\Documents\\Cours\\BUT_2\\Git\\Photos\\vendor\\laravel\\framework\\src\\Illuminate\\Pipeline\\Pipeline.php(183): Illuminate\\Foundation\\Http\\Middleware\\ValidatePostSize->handle(Object(Illuminate\\Http\\Request), Object(Closure))
#32 C:\\Users\\Nathan\\Documents\\Cours\\BUT_2\\Git\\Photos\\vendor\\laravel\\framework\\src\\Illuminate\\Foundation\\Http\\Middleware\\PreventRequestsDuringMaintenance.php(99): Illuminate\\Pipeline\\Pipeline->{closure:{closure:Illuminate\\Pipeline\\Pipeline::carry():158}:159}(Object(Illuminate\\Http\\Request))
#33 C:\\Users\\Nathan\\Documents\\Cours\\BUT_2\\Git\\Photos\\vendor\\laravel\\framework\\src\\Illuminate\\Pipeline\\Pipeline.php(183): Illuminate\\Foundation\\Http\\Middleware\\PreventRequestsDuringMaintenance->handle(Object(Illuminate\\Http\\Request), Object(Closure))
#34 C:\\Users\\Nathan\\Documents\\Cours\\BUT_2\\Git\\Photos\\vendor\\laravel\\framework\\src\\Illuminate\\Http\\Middleware\\HandleCors.php(49): Illuminate\\Pipeline\\Pipeline->{closure:{closure:Illuminate\\Pipeline\\Pipeline::carry():158}:159}(Object(Illuminate\\Http\\Request))
#35 C:\\Users\\Nathan\\Documents\\Cours\\BUT_2\\Git\\Photos\\vendor\\laravel\\framework\\src\\Illuminate\\Pipeline\\Pipeline.php(183): Illuminate\\Http\\Middleware\\HandleCors->handle(Object(Illuminate\\Http\\Request), Object(Closure))
#36 C:\\Users\\Nathan\\Documents\\Cours\\BUT_2\\Git\\Photos\\vendor\\laravel\\framework\\src\\Illuminate\\Http\\Middleware\\TrustProxies.php(39): Illuminate\\Pipeline\\Pipeline->{closure:{closure:Illuminate\\Pipeline\\Pipeline::carry():158}:159}(Object(Illuminate\\Http\\Request))
#37 C:\\Users\\Nathan\\Documents\\Cours\\BUT_2\\Git\\Photos\\vendor\\laravel\\framework\\src\\Illuminate\\Pipeline\\Pipeline.php(183): Illuminate\\Http\\Middleware\\TrustProxies->handle(Object(Illuminate\\Http\\Request), Object(Closure))
#38 C:\\Users\\Nathan\\Documents\\Cours\\BUT_2\\Git\\Photos\\vendor\\laravel\\framework\\src\\Illuminate\\Pipeline\\Pipeline.php(119): Illuminate\\Pipeline\\Pipeline->{closure:{closure:Illuminate\\Pipeline\\Pipeline::carry():158}:159}(Object(Illuminate\\Http\\Request))
#39 C:\\Users\\Nathan\\Documents\\Cours\\BUT_2\\Git\\Photos\\vendor\\laravel\\framework\\src\\Illuminate\\Foundation\\Http\\Kernel.php(175): Illuminate\\Pipeline\\Pipeline->then(Object(Closure))
#40 C:\\Users\\Nathan\\Documents\\Cours\\BUT_2\\Git\\Photos\\vendor\\laravel\\framework\\src\\Illuminate\\Foundation\\Http\\Kernel.php(144): Illuminate\\Foundation\\Http\\Kernel->sendRequestThroughRouter(Object(Illuminate\\Http\\Request))
#41 C:\\Users\\Nathan\\Documents\\Cours\\BUT_2\\Git\\Photos\\public\\index.php(51): Illuminate\\Foundation\\Http\\Kernel->handle(Object(Illuminate\\Http\\Request))
#42 C:\\Users\\Nathan\\Documents\\Cours\\BUT_2\\Git\\Photos\\vendor\\laravel\\framework\\src\\Illuminate\\Foundation\\resources\\server.php(16): require_once('C:\\\\Users\\\\Nathan...')
#43 {main}
"} 
[2025-11-04 09:46:41] production.ERROR: No application encryption key has been specified. {"exception":"[object] (Illuminate\\Encryption\\MissingAppKeyException(code: 0): No application encryption key has been specified. at C:\\Users\\Nathan\\Documents\\Cours\\BUT_2\\Git\\Photos\\vendor\\laravel\\framework\\src\\Illuminate\\Encryption\\EncryptionServiceProvider.php:79)
[stacktrace]
#0 C:\\Users\\Nathan\\Documents\\Cours\\BUT_2\\Git\\Photos\\vendor\\laravel\\framework\\src\\Illuminate\\Support\\helpers.php(320): Illuminate\\Encryption\\EncryptionServiceProvider->{closure:Illuminate\\Encryption\\EncryptionServiceProvider::key():77}(NULL)
#1 C:\\Users\\Nathan\\Documents\\Cours\\BUT_2\\Git\\Photos\\vendor\\laravel\\framework\\src\\Illuminate\\Encryption\\EncryptionServiceProvider.php(77): tap(NULL, Object(Closure))
#2 C:\\Users\\Nathan\\Documents\\Cours\\BUT_2\\Git\\Photos\\vendor\\laravel\\framework\\src\\Illuminate\\Encryption\\EncryptionServiceProvider.php(60): Illuminate\\Encryption\\EncryptionServiceProvider->key(Array)
#3 C:\\Users\\Nathan\\Documents\\Cours\\BUT_2\\Git\\Photos\\vendor\\laravel\\framework\\src\\Illuminate\\Encryption\\EncryptionServiceProvider.php(32): Illuminate\\Encryption\\EncryptionServiceProvider->parseKey(Array)
#4 C:\\Users\\Nathan\\Documents\\Cours\\BUT_2\\Git\\Photos\\vendor\\laravel\\framework\\src\\Illuminate\\Container\\Container.php(908): Illuminate\\Encryption\\EncryptionServiceProvider->{closure:Illuminate\\Encryption\\EncryptionServiceProvider::registerEncrypter():29}(Object(Illuminate\\Foundation\\Application), Array)
#5 C:\\Users\\Nathan\\Documents\\Cours\\BUT_2\\Git\\Photos\\vendor\\laravel\\framework\\src\\Illuminate\\Container\\Container.php(795): Illuminate\\Container\\Container->build(Object(Closure))
#6 C:\\Users\\Nathan\\Documents\\Cours\\BUT_2\\Git\\Photos\\vendor\\laravel\\framework\\src\\Illuminate\\Foundation\\Application.php(986): Illuminate\\Container\\Container->resolve('encrypter', Array, true)
#7 C:\\Users\\Nathan\\Documents\\Cours\\BUT_2\\Git\\Photos\\vendor\\laravel\\framework\\src\\Illuminate\\Container\\Container.php(731): Illuminate\\Foundation\\Application->resolve('encrypter', Array)
#8 C:\\Users\\Nathan\\Documents\\Cours\\BUT_2\\Git\\Photos\\vendor\\laravel\\framework\\src\\Illuminate\\Foundation\\Application.php(971): Illuminate\\Container\\Container->make('encrypter', Array)
#9 C:\\Users\\Nathan\\Documents\\Cours\\BUT_2\\Git\\Photos\\vendor\\laravel\\framework\\src\\Illuminate\\Container\\Container.php(1066): Illuminate\\Foundation\\Application->make('encrypter')
#10 C:\\Users\\Nathan\\Documents\\Cours\\BUT_2\\Git\\Photos\\vendor\\laravel\\framework\\src\\Illuminate\\Container\\Container.php(982): Illuminate\\Container\\Container->resolveClass(Object(ReflectionParameter))
#11 C:\\Users\\Nathan\\Documents\\Cours\\BUT_2\\Git\\Photos\\vendor\\laravel\\framework\\src\\Illuminate\\Container\\Container.php(943): Illuminate\\Container\\Container->resolveDependencies(Array)
#12 C:\\Users\\Nathan\\Documents\\Cours\\BUT_2\\Git\\Photos\\vendor\\laravel\\framework\\src\\Illuminate\\Container\\Container.php(795): Illuminate\\Container\\Container->build('App\\\\Http\\\\Middle...')
#13 C:\\Users\\Nathan\\Documents\\Cours\\BUT_2\\Git\\Photos\\vendor\\laravel\\framework\\src\\Illuminate\\Foundation\\Application.php(986): Illuminate\\Container\\Container->resolve('App\\\\Http\\\\Middle...', Array, true)
#14 C:\\Users\\Nathan\\Documents\\Cours\\BUT_2\\Git\\Photos\\vendor\\laravel\\framework\\src\\Illuminate\\Container\\Container.php(731): Illuminate\\Foundation\\Application->resolve('App\\\\Http\\\\Middle...', Array)
#15 C:\\Users\\Nathan\\Documents\\Cours\\BUT_2\\Git\\Photos\\vendor\\laravel\\framework\\src\\Illuminate\\Foundation\\Application.php(971): Illuminate\\Container\\Container->make('App\\\\Http\\\\Middle...', Array)
#16 C:\\Users\\Nathan\\Documents\\Cours\\BUT_2\\Git\\Photos\\vendor\\laravel\\framework\\src\\Illuminate\\Foundation\\Http\\Kernel.php(255): Illuminate\\Foundation\\Application->make('App\\\\Http\\\\Middle...')
#17 C:\\Users\\Nathan\\Documents\\Cours\\BUT_2\\Git\\Photos\\vendor\\laravel\\framework\\src\\Illuminate\\Foundation\\Http\\Kernel.php(213): Illuminate\\Foundation\\Http\\Kernel->terminateMiddleware(Object(Illuminate\\Http\\Request), Object(Illuminate\\Http\\Response))
#18 C:\\Users\\Nathan\\Documents\\Cours\\BUT_2\\Git\\Photos\\public\\index.php(55): Illuminate\\Foundation\\Http\\Kernel->terminate(Object(Illuminate\\Http\\Request), Object(Illuminate\\Http\\Response))
#19 C:\\Users\\Nathan\\Documents\\Cours\\BUT_2\\Git\\Photos\\vendor\\laravel\\framework\\src\\Illuminate\\Foundation\\resources\\server.php(16): require_once('C:\\\\Users\\\\Nathan...')
#20 {main}
"} 
[2025-11-04 09:46:41] production.ERROR: No application encryption key has been specified. {"exception":"[object] (Illuminate\\Encryption\\MissingAppKeyException(code: 0): No application encryption key has been specified. at C:\\Users\\Nathan\\Documents\\Cours\\BUT_2\\Git\\Photos\\vendor\\laravel\\framework\\src\\Illuminate\\Encryption\\EncryptionServiceProvider.php:79)
[stacktrace]
#0 C:\\Users\\Nathan\\Documents\\Cours\\BUT_2\\Git\\Photos\\vendor\\laravel\\framework\\src\\Illuminate\\Support\\helpers.php(320): Illuminate\\Encryption\\EncryptionServiceProvider->{closure:Illuminate\\Encryption\\EncryptionServiceProvider::key():77}(NULL)
#1 C:\\Users\\Nathan\\Documents\\Cours\\BUT_2\\Git\\Photos\\vendor\\laravel\\framework\\src\\Illuminate\\Encryption\\EncryptionServiceProvider.php(77): tap(NULL, Object(Closure))
#2 C:\\Users\\Nathan\\Documents\\Cours\\BUT_2\\Git\\Photos\\vendor\\laravel\\framework\\src\\Illuminate\\Encryption\\EncryptionServiceProvider.php(60): Illuminate\\Encryption\\EncryptionServiceProvider->key(Array)
#3 C:\\Users\\Nathan\\Documents\\Cours\\BUT_2\\Git\\Photos\\vendor\\laravel\\framework\\src\\Illuminate\\Encryption\\EncryptionServiceProvider.php(32): Illuminate\\Encryption\\EncryptionServiceProvider->parseKey(Array)
#4 C:\\Users\\Nathan\\Documents\\Cours\\BUT_2\\Git\\Photos\\vendor\\laravel\\framework\\src\\Illuminate\\Container\\Container.php(908): Illuminate\\Encryption\\EncryptionServiceProvider->{closure:Illuminate\\Encryption\\EncryptionServiceProvider::registerEncrypter():29}(Object(Illuminate\\Foundation\\Application), Array)
#5 C:\\Users\\Nathan\\Documents\\Cours\\BUT_2\\Git\\Photos\\vendor\\laravel\\framework\\src\\Illuminate\\Container\\Container.php(795): Illuminate\\Container\\Container->build(Object(Closure))
#6 C:\\Users\\Nathan\\Documents\\Cours\\BUT_2\\Git\\Photos\\vendor\\laravel\\framework\\src\\Illuminate\\Foundation\\Application.php(986): Illuminate\\Container\\Container->resolve('encrypter', Array, true)
#7 C:\\Users\\Nathan\\Documents\\Cours\\BUT_2\\Git\\Photos\\vendor\\laravel\\framework\\src\\Illuminate\\Container\\Container.php(731): Illuminate\\Foundation\\Application->resolve('encrypter', Array)
#8 C:\\Users\\Nathan\\Documents\\Cours\\BUT_2\\Git\\Photos\\vendor\\laravel\\framework\\src\\Illuminate\\Foundation\\Application.php(971): Illuminate\\Container\\Container->make('encrypter', Array)
#9 C:\\Users\\Nathan\\Documents\\Cours\\BUT_2\\Git\\Photos\\vendor\\laravel\\framework\\src\\Illuminate\\Container\\Container.php(1066): Illuminate\\Foundation\\Application->make('encrypter')
#10 C:\\Users\\Nathan\\Documents\\Cours\\BUT_2\\Git\\Photos\\vendor\\laravel\\framework\\src\\Illuminate\\Container\\Container.php(982): Illuminate\\Container\\Container->resolveClass(Object(ReflectionParameter))
#11 C:\\Users\\Nathan\\Documents\\Cours\\BUT_2\\Git\\Photos\\vendor\\laravel\\framework\\src\\Illuminate\\Container\\Container.php(943): Illuminate\\Container\\Container->resolveDependencies(Array)
#12 C:\\Users\\Nathan\\Documents\\Cours\\BUT_2\\Git\\Photos\\vendor\\laravel\\framework\\src\\Illuminate\\Container\\Container.php(795): Illuminate\\Container\\Container->build('App\\\\Http\\\\Middle...')
#13 C:\\Users\\Nathan\\Documents\\Cours\\BUT_2\\Git\\Photos\\vendor\\laravel\\framework\\src\\Illuminate\\Foundation\\Application.php(986): Illuminate\\Container\\Container->resolve('App\\\\Http\\\\Middle...', Array, true)
#14 C:\\Users\\Nathan\\Documents\\Cours\\BUT_2\\Git\\Photos\\vendor\\laravel\\framework\\src\\Illuminate\\Container\\Container.php(731): Illuminate\\Foundation\\Application->resolve('App\\\\Http\\\\Middle...', Array)
#15 C:\\Users\\Nathan\\Documents\\Cours\\BUT_2\\Git\\Photos\\vendor\\laravel\\framework\\src\\Illuminate\\Foundation\\Application.php(971): Illuminate\\Container\\Container->make('App\\\\Http\\\\Middle...', Array)
#16 C:\\Users\\Nathan\\Documents\\Cours\\BUT_2\\Git\\Photos\\vendor\\laravel\\framework\\src\\Illuminate\\Pipeline\\Pipeline.php(172): Illuminate\\Foundation\\Application->make('App\\\\Http\\\\Middle...')
#17 C:\\Users\\Nathan\\Documents\\Cours\\BUT_2\\Git\\Photos\\vendor\\laravel\\framework\\src\\Illuminate\\Pipeline\\Pipeline.php(119): Illuminate\\Pipeline\\Pipeline->{closure:{closure:Illuminate\\Pipeline\\Pipeline::carry():158}:159}(Object(Illuminate\\Http\\Request))
#18 C:\\Users\\Nathan\\Documents\\Cours\\BUT_2\\Git\\Photos\\vendor\\laravel\\framework\\src\\Illuminate\\Routing\\Router.php(805): Illuminate\\Pipeline\\Pipeline->then(Object(Closure))
#19 C:\\Users\\Nathan\\Documents\\Cours\\BUT_2\\Git\\Photos\\vendor\\laravel\\framework\\src\\Illuminate\\Routing\\Router.php(784): Illuminate\\Routing\\Router->runRouteWithinStack(Object(Illuminate\\Routing\\Route), Object(Illuminate\\Http\\Request))
#20 C:\\Users\\Nathan\\Documents\\Cours\\BUT_2\\Git\\Photos\\vendor\\laravel\\framework\\src\\Illuminate\\Routing\\Router.php(748): Illuminate\\Routing\\Router->runRoute(Object(Illuminate\\Http\\Request), Object(Illuminate\\Routing\\Route))
#21 C:\\Users\\Nathan\\Documents\\Cours\\BUT_2\\Git\\Photos\\vendor\\laravel\\framework\\src\\Illuminate\\Routing\\Router.php(737): Illuminate\\Routing\\Router->dispatchToRoute(Object(Illuminate\\Http\\Request))
#22 C:\\Users\\Nathan\\Documents\\Cours\\BUT_2\\Git\\Photos\\vendor\\laravel\\framework\\src\\Illuminate\\Foundation\\Http\\Kernel.php(200): Illuminate\\Routing\\Router->dispatch(Object(Illuminate\\Http\\Request))
#23 C:\\Users\\Nathan\\Documents\\Cours\\BUT_2\\Git\\Photos\\vendor\\laravel\\framework\\src\\Illuminate\\Pipeline\\Pipeline.php(144): Illuminate\\Foundation\\Http\\Kernel->{closure:Illuminate\\Foundation\\Http\\Kernel::dispatchToRouter():197}(Object(Illuminate\\Http\\Request))
#24 C:\\Users\\Nathan\\Documents\\Cours\\BUT_2\\Git\\Photos\\vendor\\laravel\\framework\\src\\Illuminate\\Foundation\\Http\\Middleware\\TransformsRequest.php(21): Illuminate\\Pipeline\\Pipeline->{closure:Illuminate\\Pipeline\\Pipeline::prepareDestination():142}(Object(Illuminate\\Http\\Request))
#25 C:\\Users\\Nathan\\Documents\\Cours\\BUT_2\\Git\\Photos\\vendor\\laravel\\framework\\src\\Illuminate\\Foundation\\Http\\Middleware\\ConvertEmptyStringsToNull.php(31): Illuminate\\Foundation\\Http\\Middleware\\TransformsRequest->handle(Object(Illuminate\\Http\\Request), Object(Closure))
#26 C:\\Users\\Nathan\\Documents\\Cours\\BUT_2\\Git\\Photos\\vendor\\laravel\\framework\\src\\Illuminate\\Pipeline\\Pipeline.php(183): Illuminate\\Foundation\\Http\\Middleware\\ConvertEmptyStringsToNull->handle(Object(Illuminate\\Http\\Request), Object(Closure))
#27 C:\\Users\\Nathan\\Documents\\Cours\\BUT_2\\Git\\Photos\\vendor\\laravel\\framework\\src\\Illuminate\\Foundation\\Http\\Middleware\\TransformsRequest.php(21): Illuminate\\Pipeline\\Pipeline->{closure:{closure:Illuminate\\Pipeline\\Pipeline::carry():158}:159}(Object(Illuminate\\Http\\Request))
#28 C:\\Users\\Nathan\\Documents\\Cours\\BUT_2\\Git\\Photos\\vendor\\laravel\\framework\\src\\Illuminate\\Foundation\\Http\\Middleware\\TrimStrings.php(40): Illuminate\\Foundation\\Http\\Middleware\\TransformsRequest->handle(Object(Illuminate\\Http\\Request), Object(Closure))
#29 C:\\Users\\Nathan\\Documents\\Cours\\BUT_2\\Git\\Photos\\vendor\\laravel\\framework\\src\\Illuminate\\Pipeline\\Pipeline.php(183): Illuminate\\Foundation\\Http\\Middleware\\TrimStrings->handle(Object(Illuminate\\Http\\Request), Object(Closure))
#30 C:\\Users\\Nathan\\Documents\\Cours\\BUT_2\\Git\\Photos\\vendor\\laravel\\framework\\src\\Illuminate\\Foundation\\Http\\Middleware\\ValidatePostSize.php(27): Illuminate\\Pipeline\\Pipeline->{closure:{closure:Illuminate\\Pipeline\\Pipeline::carry():158}:159}(Object(Illuminate\\Http\\Request))
#31 C:\\Users\\Nathan\\Documents\\Cours\\BUT_2\\Git\\Photos\\vendor\\laravel\\framework\\src\\Illuminate\\Pipeline\\Pipeline.php(183): Illuminate\\Foundation\\Http\\Middleware\\ValidatePostSize->handle(Object(Illuminate\\Http\\Request), Object(Closure))
#32 C:\\Users\\Nathan\\Documents\\Cours\\BUT_2\\Git\\Photos\\vendor\\laravel\\framework\\src\\Illuminate\\Foundation\\Http\\Middleware\\PreventRequestsDuringMaintenance.php(99): Illuminate\\Pipeline\\Pipeline->{closure:{closure:Illuminate\\Pipeline\\Pipeline::carry():158}:159}(Object(Illuminate\\Http\\Request))
#33 C:\\Users\\Nathan\\Documents\\Cours\\BUT_2\\Git\\Photos\\vendor\\laravel\\framework\\src\\Illuminate\\Pipeline\\Pipeline.php(183): Illuminate\\Foundation\\Http\\Middleware\\PreventRequestsDuringMaintenance->handle(Object(Illuminate\\Http\\Request), Object(Closure))
#34 C:\\Users\\Nathan\\Documents\\Cours\\BUT_2\\Git\\Photos\\vendor\\laravel\\framework\\src\\Illuminate\\Http\\Middleware\\HandleCors.php(49): Illuminate\\Pipeline\\Pipeline->{closure:{closure:Illuminate\\Pipeline\\Pipeline::carry():158}:159}(Object(Illuminate\\Http\\Request))
#35 C:\\Users\\Nathan\\Documents\\Cours\\BUT_2\\Git\\Photos\\vendor\\laravel\\framework\\src\\Illuminate\\Pipeline\\Pipeline.php(183): Illuminate\\Http\\Middleware\\HandleCors->handle(Object(Illuminate\\Http\\Request), Object(Closure))
#36 C:\\Users\\Nathan\\Documents\\Cours\\BUT_2\\Git\\Photos\\vendor\\laravel\\framework\\src\\Illuminate\\Http\\Middleware\\TrustProxies.php(39): Illuminate\\Pipeline\\Pipeline->{closure:{closure:Illuminate\\Pipeline\\Pipeline::carry():158}:159}(Object(Illuminate\\Http\\Request))
#37 C:\\Users\\Nathan\\Documents\\Cours\\BUT_2\\Git\\Photos\\vendor\\laravel\\framework\\src\\Illuminate\\Pipeline\\Pipeline.php(183): Illuminate\\Http\\Middleware\\TrustProxies->handle(Object(Illuminate\\Http\\Request), Object(Closure))
#38 C:\\Users\\Nathan\\Documents\\Cours\\BUT_2\\Git\\Photos\\vendor\\laravel\\framework\\src\\Illuminate\\Pipeline\\Pipeline.php(119): Illuminate\\Pipeline\\Pipeline->{closure:{closure:Illuminate\\Pipeline\\Pipeline::carry():158}:159}(Object(Illuminate\\Http\\Request))
#39 C:\\Users\\Nathan\\Documents\\Cours\\BUT_2\\Git\\Photos\\vendor\\laravel\\framework\\src\\Illuminate\\Foundation\\Http\\Kernel.php(175): Illuminate\\Pipeline\\Pipeline->then(Object(Closure))
#40 C:\\Users\\Nathan\\Documents\\Cours\\BUT_2\\Git\\Photos\\vendor\\laravel\\framework\\src\\Illuminate\\Foundation\\Http\\Kernel.php(144): Illuminate\\Foundation\\Http\\Kernel->sendRequestThroughRouter(Object(Illuminate\\Http\\Request))
#41 C:\\Users\\Nathan\\Documents\\Cours\\BUT_2\\Git\\Photos\\public\\index.php(51): Illuminate\\Foundation\\Http\\Kernel->handle(Object(Illuminate\\Http\\Request))
#42 C:\\Users\\Nathan\\Documents\\Cours\\BUT_2\\Git\\Photos\\vendor\\laravel\\framework\\src\\Illuminate\\Foundation\\resources\\server.php(16): require_once('C:\\\\Users\\\\Nathan...')
#43 {main}
"} 
[2025-11-04 09:46:41] production.ERROR: No application encryption key has been specified. {"exception":"[object] (Illuminate\\Encryption\\MissingAppKeyException(code: 0): No application encryption key has been specified. at C:\\Users\\Nathan\\Documents\\Cours\\BUT_2\\Git\\Photos\\vendor\\laravel\\framework\\src\\Illuminate\\Encryption\\EncryptionServiceProvider.php:79)
[stacktrace]
#0 C:\\Users\\Nathan\\Documents\\Cours\\BUT_2\\Git\\Photos\\vendor\\laravel\\framework\\src\\Illuminate\\Support\\helpers.php(320): Illuminate\\Encryption\\EncryptionServiceProvider->{closure:Illuminate\\Encryption\\EncryptionServiceProvider::key():77}(NULL)
#1 C:\\Users\\Nathan\\Documents\\Cours\\BUT_2\\Git\\Photos\\vendor\\laravel\\framework\\src\\Illuminate\\Encryption\\EncryptionServiceProvider.php(77): tap(NULL, Object(Closure))
#2 C:\\Users\\Nathan\\Documents\\Cours\\BUT_2\\Git\\Photos\\vendor\\laravel\\framework\\src\\Illuminate\\Encryption\\EncryptionServiceProvider.php(60): Illuminate\\Encryption\\EncryptionServiceProvider->key(Array)
#3 C:\\Users\\Nathan\\Documents\\Cours\\BUT_2\\Git\\Photos\\vendor\\laravel\\framework\\src\\Illuminate\\Encryption\\EncryptionServiceProvider.php(32): Illuminate\\Encryption\\EncryptionServiceProvider->parseKey(Array)
#4 C:\\Users\\Nathan\\Documents\\Cours\\BUT_2\\Git\\Photos\\vendor\\laravel\\framework\\src\\Illuminate\\Container\\Container.php(908): Illuminate\\Encryption\\EncryptionServiceProvider->{closure:Illuminate\\Encryption\\EncryptionServiceProvider::registerEncrypter():29}(Object(Illuminate\\Foundation\\Application), Array)
#5 C:\\Users\\Nathan\\Documents\\Cours\\BUT_2\\Git\\Photos\\vendor\\laravel\\framework\\src\\Illuminate\\Container\\Container.php(795): Illuminate\\Container\\Container->build(Object(Closure))
#6 C:\\Users\\Nathan\\Documents\\Cours\\BUT_2\\Git\\Photos\\vendor\\laravel\\framework\\src\\Illuminate\\Foundation\\Application.php(986): Illuminate\\Container\\Container->resolve('encrypter', Array, true)
#7 C:\\Users\\Nathan\\Documents\\Cours\\BUT_2\\Git\\Photos\\vendor\\laravel\\framework\\src\\Illuminate\\Container\\Container.php(731): Illuminate\\Foundation\\Application->resolve('encrypter', Array)
#8 C:\\Users\\Nathan\\Documents\\Cours\\BUT_2\\Git\\Photos\\vendor\\laravel\\framework\\src\\Illuminate\\Foundation\\Application.php(971): Illuminate\\Container\\Container->make('encrypter', Array)
#9 C:\\Users\\Nathan\\Documents\\Cours\\BUT_2\\Git\\Photos\\vendor\\laravel\\framework\\src\\Illuminate\\Container\\Container.php(1066): Illuminate\\Foundation\\Application->make('encrypter')
#10 C:\\Users\\Nathan\\Documents\\Cours\\BUT_2\\Git\\Photos\\vendor\\laravel\\framework\\src\\Illuminate\\Container\\Container.php(982): Illuminate\\Container\\Container->resolveClass(Object(ReflectionParameter))
#11 C:\\Users\\Nathan\\Documents\\Cours\\BUT_2\\Git\\Photos\\vendor\\laravel\\framework\\src\\Illuminate\\Container\\Container.php(943): Illuminate\\Container\\Container->resolveDependencies(Array)
#12 C:\\Users\\Nathan\\Documents\\Cours\\BUT_2\\Git\\Photos\\vendor\\laravel\\framework\\src\\Illuminate\\Container\\Container.php(795): Illuminate\\Container\\Container->build('App\\\\Http\\\\Middle...')
#13 C:\\Users\\Nathan\\Documents\\Cours\\BUT_2\\Git\\Photos\\vendor\\laravel\\framework\\src\\Illuminate\\Foundation\\Application.php(986): Illuminate\\Container\\Container->resolve('App\\\\Http\\\\Middle...', Array, true)
#14 C:\\Users\\Nathan\\Documents\\Cours\\BUT_2\\Git\\Photos\\vendor\\laravel\\framework\\src\\Illuminate\\Container\\Container.php(731): Illuminate\\Foundation\\Application->resolve('App\\\\Http\\\\Middle...', Array)
#15 C:\\Users\\Nathan\\Documents\\Cours\\BUT_2\\Git\\Photos\\vendor\\laravel\\framework\\src\\Illuminate\\Foundation\\Application.php(971): Illuminate\\Container\\Container->make('App\\\\Http\\\\Middle...', Array)
#16 C:\\Users\\Nathan\\Documents\\Cours\\BUT_2\\Git\\Photos\\vendor\\laravel\\framework\\src\\Illuminate\\Foundation\\Http\\Kernel.php(255): Illuminate\\Foundation\\Application->make('App\\\\Http\\\\Middle...')
#17 C:\\Users\\Nathan\\Documents\\Cours\\BUT_2\\Git\\Photos\\vendor\\laravel\\framework\\src\\Illuminate\\Foundation\\Http\\Kernel.php(213): Illuminate\\Foundation\\Http\\Kernel->terminateMiddleware(Object(Illuminate\\Http\\Request), Object(Illuminate\\Http\\Response))
#18 C:\\Users\\Nathan\\Documents\\Cours\\BUT_2\\Git\\Photos\\public\\index.php(55): Illuminate\\Foundation\\Http\\Kernel->terminate(Object(Illuminate\\Http\\Request), Object(Illuminate\\Http\\Response))
#19 C:\\Users\\Nathan\\Documents\\Cours\\BUT_2\\Git\\Photos\\vendor\\laravel\\framework\\src\\Illuminate\\Foundation\\resources\\server.php(16): require_once('C:\\\\Users\\\\Nathan...')
#20 {main}
"} 
[2025-11-04 09:46:57] production.ERROR: No application encryption key has been specified. {"exception":"[object] (Illuminate\\Encryption\\MissingAppKeyException(code: 0): No application encryption key has been specified. at C:\\Users\\Nathan\\Documents\\Cours\\BUT_2\\Git\\Photos\\vendor\\laravel\\framework\\src\\Illuminate\\Encryption\\EncryptionServiceProvider.php:79)
[stacktrace]
#0 C:\\Users\\Nathan\\Documents\\Cours\\BUT_2\\Git\\Photos\\vendor\\laravel\\framework\\src\\Illuminate\\Support\\helpers.php(320): Illuminate\\Encryption\\EncryptionServiceProvider->{closure:Illuminate\\Encryption\\EncryptionServiceProvider::key():77}(NULL)
#1 C:\\Users\\Nathan\\Documents\\Cours\\BUT_2\\Git\\Photos\\vendor\\laravel\\framework\\src\\Illuminate\\Encryption\\EncryptionServiceProvider.php(77): tap(NULL, Object(Closure))
#2 C:\\Users\\Nathan\\Documents\\Cours\\BUT_2\\Git\\Photos\\vendor\\laravel\\framework\\src\\Illuminate\\Encryption\\EncryptionServiceProvider.php(60): Illuminate\\Encryption\\EncryptionServiceProvider->key(Array)
#3 C:\\Users\\Nathan\\Documents\\Cours\\BUT_2\\Git\\Photos\\vendor\\laravel\\framework\\src\\Illuminate\\Encryption\\EncryptionServiceProvider.php(32): Illuminate\\Encryption\\EncryptionServiceProvider->parseKey(Array)
#4 C:\\Users\\Nathan\\Documents\\Cours\\BUT_2\\Git\\Photos\\vendor\\laravel\\framework\\src\\Illuminate\\Container\\Container.php(908): Illuminate\\Encryption\\EncryptionServiceProvider->{closure:Illuminate\\Encryption\\EncryptionServiceProvider::registerEncrypter():29}(Object(Illuminate\\Foundation\\Application), Array)
#5 C:\\Users\\Nathan\\Documents\\Cours\\BUT_2\\Git\\Photos\\vendor\\laravel\\framework\\src\\Illuminate\\Container\\Container.php(795): Illuminate\\Container\\Container->build(Object(Closure))
#6 C:\\Users\\Nathan\\Documents\\Cours\\BUT_2\\Git\\Photos\\vendor\\laravel\\framework\\src\\Illuminate\\Foundation\\Application.php(986): Illuminate\\Container\\Container->resolve('encrypter', Array, true)
#7 C:\\Users\\Nathan\\Documents\\Cours\\BUT_2\\Git\\Photos\\vendor\\laravel\\framework\\src\\Illuminate\\Container\\Container.php(731): Illuminate\\Foundation\\Application->resolve('encrypter', Array)
#8 C:\\Users\\Nathan\\Documents\\Cours\\BUT_2\\Git\\Photos\\vendor\\laravel\\framework\\src\\Illuminate\\Foundation\\Application.php(971): Illuminate\\Container\\Container->make('encrypter', Array)
#9 C:\\Users\\Nathan\\Documents\\Cours\\BUT_2\\Git\\Photos\\vendor\\laravel\\framework\\src\\Illuminate\\Container\\Container.php(1066): Illuminate\\Foundation\\Application->make('encrypter')
#10 C:\\Users\\Nathan\\Documents\\Cours\\BUT_2\\Git\\Photos\\vendor\\laravel\\framework\\src\\Illuminate\\Container\\Container.php(982): Illuminate\\Container\\Container->resolveClass(Object(ReflectionParameter))
#11 C:\\Users\\Nathan\\Documents\\Cours\\BUT_2\\Git\\Photos\\vendor\\laravel\\framework\\src\\Illuminate\\Container\\Container.php(943): Illuminate\\Container\\Container->resolveDependencies(Array)
#12 C:\\Users\\Nathan\\Documents\\Cours\\BUT_2\\Git\\Photos\\vendor\\laravel\\framework\\src\\Illuminate\\Container\\Container.php(795): Illuminate\\Container\\Container->build('App\\\\Http\\\\Middle...')
#13 C:\\Users\\Nathan\\Documents\\Cours\\BUT_2\\Git\\Photos\\vendor\\laravel\\framework\\src\\Illuminate\\Foundation\\Application.php(986): Illuminate\\Container\\Container->resolve('App\\\\Http\\\\Middle...', Array, true)
#14 C:\\Users\\Nathan\\Documents\\Cours\\BUT_2\\Git\\Photos\\vendor\\laravel\\framework\\src\\Illuminate\\Container\\Container.php(731): Illuminate\\Foundation\\Application->resolve('App\\\\Http\\\\Middle...', Array)
#15 C:\\Users\\Nathan\\Documents\\Cours\\BUT_2\\Git\\Photos\\vendor\\laravel\\framework\\src\\Illuminate\\Foundation\\Application.php(971): Illuminate\\Container\\Container->make('App\\\\Http\\\\Middle...', Array)
#16 C:\\Users\\Nathan\\Documents\\Cours\\BUT_2\\Git\\Photos\\vendor\\laravel\\framework\\src\\Illuminate\\Pipeline\\Pipeline.php(172): Illuminate\\Foundation\\Application->make('App\\\\Http\\\\Middle...')
#17 C:\\Users\\Nathan\\Documents\\Cours\\BUT_2\\Git\\Photos\\vendor\\laravel\\framework\\src\\Illuminate\\Pipeline\\Pipeline.php(119): Illuminate\\Pipeline\\Pipeline->{closure:{closure:Illuminate\\Pipeline\\Pipeline::carry():158}:159}(Object(Illuminate\\Http\\Request))
#18 C:\\Users\\Nathan\\Documents\\Cours\\BUT_2\\Git\\Photos\\vendor\\laravel\\framework\\src\\Illuminate\\Routing\\Router.php(805): Illuminate\\Pipeline\\Pipeline->then(Object(Closure))
#19 C:\\Users\\Nathan\\Documents\\Cours\\BUT_2\\Git\\Photos\\vendor\\laravel\\framework\\src\\Illuminate\\Routing\\Router.php(784): Illuminate\\Routing\\Router->runRouteWithinStack(Object(Illuminate\\Routing\\Route), Object(Illuminate\\Http\\Request))
#20 C:\\Users\\Nathan\\Documents\\Cours\\BUT_2\\Git\\Photos\\vendor\\laravel\\framework\\src\\Illuminate\\Routing\\Router.php(748): Illuminate\\Routing\\Router->runRoute(Object(Illuminate\\Http\\Request), Object(Illuminate\\Routing\\Route))
#21 C:\\Users\\Nathan\\Documents\\Cours\\BUT_2\\Git\\Photos\\vendor\\laravel\\framework\\src\\Illuminate\\Routing\\Router.php(737): Illuminate\\Routing\\Router->dispatchToRoute(Object(Illuminate\\Http\\Request))
#22 C:\\Users\\Nathan\\Documents\\Cours\\BUT_2\\Git\\Photos\\vendor\\laravel\\framework\\src\\Illuminate\\Foundation\\Http\\Kernel.php(200): Illuminate\\Routing\\Router->dispatch(Object(Illuminate\\Http\\Request))
#23 C:\\Users\\Nathan\\Documents\\Cours\\BUT_2\\Git\\Photos\\vendor\\laravel\\framework\\src\\Illuminate\\Pipeline\\Pipeline.php(144): Illuminate\\Foundation\\Http\\Kernel->{closure:Illuminate\\Foundation\\Http\\Kernel::dispatchToRouter():197}(Object(Illuminate\\Http\\Request))
#24 C:\\Users\\Nathan\\Documents\\Cours\\BUT_2\\Git\\Photos\\vendor\\laravel\\framework\\src\\Illuminate\\Foundation\\Http\\Middleware\\TransformsRequest.php(21): Illuminate\\Pipeline\\Pipeline->{closure:Illuminate\\Pipeline\\Pipeline::prepareDestination():142}(Object(Illuminate\\Http\\Request))
#25 C:\\Users\\Nathan\\Documents\\Cours\\BUT_2\\Git\\Photos\\vendor\\laravel\\framework\\src\\Illuminate\\Foundation\\Http\\Middleware\\ConvertEmptyStringsToNull.php(31): Illuminate\\Foundation\\Http\\Middleware\\TransformsRequest->handle(Object(Illuminate\\Http\\Request), Object(Closure))
#26 C:\\Users\\Nathan\\Documents\\Cours\\BUT_2\\Git\\Photos\\vendor\\laravel\\framework\\src\\Illuminate\\Pipeline\\Pipeline.php(183): Illuminate\\Foundation\\Http\\Middleware\\ConvertEmptyStringsToNull->handle(Object(Illuminate\\Http\\Request), Object(Closure))
#27 C:\\Users\\Nathan\\Documents\\Cours\\BUT_2\\Git\\Photos\\vendor\\laravel\\framework\\src\\Illuminate\\Foundation\\Http\\Middleware\\TransformsRequest.php(21): Illuminate\\Pipeline\\Pipeline->{closure:{closure:Illuminate\\Pipeline\\Pipeline::carry():158}:159}(Object(Illuminate\\Http\\Request))
#28 C:\\Users\\Nathan\\Documents\\Cours\\BUT_2\\Git\\Photos\\vendor\\laravel\\framework\\src\\Illuminate\\Foundation\\Http\\Middleware\\TrimStrings.php(40): Illuminate\\Foundation\\Http\\Middleware\\TransformsRequest->handle(Object(Illuminate\\Http\\Request), Object(Closure))
#29 C:\\Users\\Nathan\\Documents\\Cours\\BUT_2\\Git\\Photos\\vendor\\laravel\\framework\\src\\Illuminate\\Pipeline\\Pipeline.php(183): Illuminate\\Foundation\\Http\\Middleware\\TrimStrings->handle(Object(Illuminate\\Http\\Request), Object(Closure))
#30 C:\\Users\\Nathan\\Documents\\Cours\\BUT_2\\Git\\Photos\\vendor\\laravel\\framework\\src\\Illuminate\\Foundation\\Http\\Middleware\\ValidatePostSize.php(27): Illuminate\\Pipeline\\Pipeline->{closure:{closure:Illuminate\\Pipeline\\Pipeline::carry():158}:159}(Object(Illuminate\\Http\\Request))
#31 C:\\Users\\Nathan\\Documents\\Cours\\BUT_2\\Git\\Photos\\vendor\\laravel\\framework\\src\\Illuminate\\Pipeline\\Pipeline.php(183): Illuminate\\Foundation\\Http\\Middleware\\ValidatePostSize->handle(Object(Illuminate\\Http\\Request), Object(Closure))
#32 C:\\Users\\Nathan\\Documents\\Cours\\BUT_2\\Git\\Photos\\vendor\\laravel\\framework\\src\\Illuminate\\Foundation\\Http\\Middleware\\PreventRequestsDuringMaintenance.php(99): Illuminate\\Pipeline\\Pipeline->{closure:{closure:Illuminate\\Pipeline\\Pipeline::carry():158}:159}(Object(Illuminate\\Http\\Request))
#33 C:\\Users\\Nathan\\Documents\\Cours\\BUT_2\\Git\\Photos\\vendor\\laravel\\framework\\src\\Illuminate\\Pipeline\\Pipeline.php(183): Illuminate\\Foundation\\Http\\Middleware\\PreventRequestsDuringMaintenance->handle(Object(Illuminate\\Http\\Request), Object(Closure))
#34 C:\\Users\\Nathan\\Documents\\Cours\\BUT_2\\Git\\Photos\\vendor\\laravel\\framework\\src\\Illuminate\\Http\\Middleware\\HandleCors.php(49): Illuminate\\Pipeline\\Pipeline->{closure:{closure:Illuminate\\Pipeline\\Pipeline::carry():158}:159}(Object(Illuminate\\Http\\Request))
#35 C:\\Users\\Nathan\\Documents\\Cours\\BUT_2\\Git\\Photos\\vendor\\laravel\\framework\\src\\Illuminate\\Pipeline\\Pipeline.php(183): Illuminate\\Http\\Middleware\\HandleCors->handle(Object(Illuminate\\Http\\Request), Object(Closure))
#36 C:\\Users\\Nathan\\Documents\\Cours\\BUT_2\\Git\\Photos\\vendor\\laravel\\framework\\src\\Illuminate\\Http\\Middleware\\TrustProxies.php(39): Illuminate\\Pipeline\\Pipeline->{closure:{closure:Illuminate\\Pipeline\\Pipeline::carry():158}:159}(Object(Illuminate\\Http\\Request))
#37 C:\\Users\\Nathan\\Documents\\Cours\\BUT_2\\Git\\Photos\\vendor\\laravel\\framework\\src\\Illuminate\\Pipeline\\Pipeline.php(183): Illuminate\\Http\\Middleware\\TrustProxies->handle(Object(Illuminate\\Http\\Request), Object(Closure))
#38 C:\\Users\\Nathan\\Documents\\Cours\\BUT_2\\Git\\Photos\\vendor\\laravel\\framework\\src\\Illuminate\\Pipeline\\Pipeline.php(119): Illuminate\\Pipeline\\Pipeline->{closure:{closure:Illuminate\\Pipeline\\Pipeline::carry():158}:159}(Object(Illuminate\\Http\\Request))
#39 C:\\Users\\Nathan\\Documents\\Cours\\BUT_2\\Git\\Photos\\vendor\\laravel\\framework\\src\\Illuminate\\Foundation\\Http\\Kernel.php(175): Illuminate\\Pipeline\\Pipeline->then(Object(Closure))
#40 C:\\Users\\Nathan\\Documents\\Cours\\BUT_2\\Git\\Photos\\vendor\\laravel\\framework\\src\\Illuminate\\Foundation\\Http\\Kernel.php(144): Illuminate\\Foundation\\Http\\Kernel->sendRequestThroughRouter(Object(Illuminate\\Http\\Request))
#41 C:\\Users\\Nathan\\Documents\\Cours\\BUT_2\\Git\\Photos\\public\\index.php(51): Illuminate\\Foundation\\Http\\Kernel->handle(Object(Illuminate\\Http\\Request))
#42 C:\\Users\\Nathan\\Documents\\Cours\\BUT_2\\Git\\Photos\\vendor\\laravel\\framework\\src\\Illuminate\\Foundation\\resources\\server.php(16): require_once('C:\\\\Users\\\\Nathan...')
#43 {main}
"} 
[2025-11-04 09:46:57] production.ERROR: No application encryption key has been specified. {"exception":"[object] (Illuminate\\Encryption\\MissingAppKeyException(code: 0): No application encryption key has been specified. at C:\\Users\\Nathan\\Documents\\Cours\\BUT_2\\Git\\Photos\\vendor\\laravel\\framework\\src\\Illuminate\\Encryption\\EncryptionServiceProvider.php:79)
[stacktrace]
#0 C:\\Users\\Nathan\\Documents\\Cours\\BUT_2\\Git\\Photos\\vendor\\laravel\\framework\\src\\Illuminate\\Support\\helpers.php(320): Illuminate\\Encryption\\EncryptionServiceProvider->{closure:Illuminate\\Encryption\\EncryptionServiceProvider::key():77}(NULL)
#1 C:\\Users\\Nathan\\Documents\\Cours\\BUT_2\\Git\\Photos\\vendor\\laravel\\framework\\src\\Illuminate\\Encryption\\EncryptionServiceProvider.php(77): tap(NULL, Object(Closure))
#2 C:\\Users\\Nathan\\Documents\\Cours\\BUT_2\\Git\\Photos\\vendor\\laravel\\framework\\src\\Illuminate\\Encryption\\EncryptionServiceProvider.php(60): Illuminate\\Encryption\\EncryptionServiceProvider->key(Array)
#3 C:\\Users\\Nathan\\Documents\\Cours\\BUT_2\\Git\\Photos\\vendor\\laravel\\framework\\src\\Illuminate\\Encryption\\EncryptionServiceProvider.php(32): Illuminate\\Encryption\\EncryptionServiceProvider->parseKey(Array)
#4 C:\\Users\\Nathan\\Documents\\Cours\\BUT_2\\Git\\Photos\\vendor\\laravel\\framework\\src\\Illuminate\\Container\\Container.php(908): Illuminate\\Encryption\\EncryptionServiceProvider->{closure:Illuminate\\Encryption\\EncryptionServiceProvider::registerEncrypter():29}(Object(Illuminate\\Foundation\\Application), Array)
#5 C:\\Users\\Nathan\\Documents\\Cours\\BUT_2\\Git\\Photos\\vendor\\laravel\\framework\\src\\Illuminate\\Container\\Container.php(795): Illuminate\\Container\\Container->build(Object(Closure))
#6 C:\\Users\\Nathan\\Documents\\Cours\\BUT_2\\Git\\Photos\\vendor\\laravel\\framework\\src\\Illuminate\\Foundation\\Application.php(986): Illuminate\\Container\\Container->resolve('encrypter', Array, true)
#7 C:\\Users\\Nathan\\Documents\\Cours\\BUT_2\\Git\\Photos\\vendor\\laravel\\framework\\src\\Illuminate\\Container\\Container.php(731): Illuminate\\Foundation\\Application->resolve('encrypter', Array)
#8 C:\\Users\\Nathan\\Documents\\Cours\\BUT_2\\Git\\Photos\\vendor\\laravel\\framework\\src\\Illuminate\\Foundation\\Application.php(971): Illuminate\\Container\\Container->make('encrypter', Array)
#9 C:\\Users\\Nathan\\Documents\\Cours\\BUT_2\\Git\\Photos\\vendor\\laravel\\framework\\src\\Illuminate\\Container\\Container.php(1066): Illuminate\\Foundation\\Application->make('encrypter')
#10 C:\\Users\\Nathan\\Documents\\Cours\\BUT_2\\Git\\Photos\\vendor\\laravel\\framework\\src\\Illuminate\\Container\\Container.php(982): Illuminate\\Container\\Container->resolveClass(Object(ReflectionParameter))
#11 C:\\Users\\Nathan\\Documents\\Cours\\BUT_2\\Git\\Photos\\vendor\\laravel\\framework\\src\\Illuminate\\Container\\Container.php(943): Illuminate\\Container\\Container->resolveDependencies(Array)
#12 C:\\Users\\Nathan\\Documents\\Cours\\BUT_2\\Git\\Photos\\vendor\\laravel\\framework\\src\\Illuminate\\Container\\Container.php(795): Illuminate\\Container\\Container->build('App\\\\Http\\\\Middle...')
#13 C:\\Users\\Nathan\\Documents\\Cours\\BUT_2\\Git\\Photos\\vendor\\laravel\\framework\\src\\Illuminate\\Foundation\\Application.php(986): Illuminate\\Container\\Container->resolve('App\\\\Http\\\\Middle...', Array, true)
#14 C:\\Users\\Nathan\\Documents\\Cours\\BUT_2\\Git\\Photos\\vendor\\laravel\\framework\\src\\Illuminate\\Container\\Container.php(731): Illuminate\\Foundation\\Application->resolve('App\\\\Http\\\\Middle...', Array)
#15 C:\\Users\\Nathan\\Documents\\Cours\\BUT_2\\Git\\Photos\\vendor\\laravel\\framework\\src\\Illuminate\\Foundation\\Application.php(971): Illuminate\\Container\\Container->make('App\\\\Http\\\\Middle...', Array)
#16 C:\\Users\\Nathan\\Documents\\Cours\\BUT_2\\Git\\Photos\\vendor\\laravel\\framework\\src\\Illuminate\\Foundation\\Http\\Kernel.php(255): Illuminate\\Foundation\\Application->make('App\\\\Http\\\\Middle...')
#17 C:\\Users\\Nathan\\Documents\\Cours\\BUT_2\\Git\\Photos\\vendor\\laravel\\framework\\src\\Illuminate\\Foundation\\Http\\Kernel.php(213): Illuminate\\Foundation\\Http\\Kernel->terminateMiddleware(Object(Illuminate\\Http\\Request), Object(Illuminate\\Http\\Response))
#18 C:\\Users\\Nathan\\Documents\\Cours\\BUT_2\\Git\\Photos\\public\\index.php(55): Illuminate\\Foundation\\Http\\Kernel->terminate(Object(Illuminate\\Http\\Request), Object(Illuminate\\Http\\Response))
#19 C:\\Users\\Nathan\\Documents\\Cours\\BUT_2\\Git\\Photos\\vendor\\laravel\\framework\\src\\Illuminate\\Foundation\\resources\\server.php(16): require_once('C:\\\\Users\\\\Nathan...')
#20 {main}
"} 
[2025-11-04 09:47:35] production.ERROR: file_get_contents(C:\Users\Nathan\Documents\Cours\BUT_2\Git\Photos\.env): Failed to open stream: No such file or directory {"exception":"[object] (ErrorException(code: 0): file_get_contents(C:\\Users\\Nathan\\Documents\\Cours\\BUT_2\\Git\\Photos\\.env): Failed to open stream: No such file or directory at C:\\Users\\Nathan\\Documents\\Cours\\BUT_2\\Git\\Photos\\vendor\\laravel\\framework\\src\\Illuminate\\Foundation\\Console\\KeyGenerateCommand.php:100)
[stacktrace]
#0 C:\\Users\\Nathan\\Documents\\Cours\\BUT_2\\Git\\Photos\\vendor\\laravel\\framework\\src\\Illuminate\\Foundation\\Bootstrap\\HandleExceptions.php(255): Illuminate\\Foundation\\Bootstrap\\HandleExceptions->handleError(2, 'file_get_conten...', 'C:\\\\Users\\\\Nathan...', 100)
#1 [internal function]: Illuminate\\Foundation\\Bootstrap\\HandleExceptions->{closure:Illuminate\\Foundation\\Bootstrap\\HandleExceptions::forwardsTo():254}(2, 'file_get_conten...', 'C:\\\\Users\\\\Nathan...', 100)
#2 C:\\Users\\Nathan\\Documents\\Cours\\BUT_2\\Git\\Photos\\vendor\\laravel\\framework\\src\\Illuminate\\Foundation\\Console\\KeyGenerateCommand.php(100): file_get_contents('C:\\\\Users\\\\Nathan...')
#3 C:\\Users\\Nathan\\Documents\\Cours\\BUT_2\\Git\\Photos\\vendor\\laravel\\framework\\src\\Illuminate\\Foundation\\Console\\KeyGenerateCommand.php(82): Illuminate\\Foundation\\Console\\KeyGenerateCommand->writeNewEnvironmentFileWith('base64:pO738odN...')
#4 C:\\Users\\Nathan\\Documents\\Cours\\BUT_2\\Git\\Photos\\vendor\\laravel\\framework\\src\\Illuminate\\Foundation\\Console\\KeyGenerateCommand.php(47): Illuminate\\Foundation\\Console\\KeyGenerateCommand->setKeyInEnvironmentFile('base64:pO738odN...')
#5 C:\\Users\\Nathan\\Documents\\Cours\\BUT_2\\Git\\Photos\\vendor\\laravel\\framework\\src\\Illuminate\\Container\\BoundMethod.php(36): Illuminate\\Foundation\\Console\\KeyGenerateCommand->handle()
#6 C:\\Users\\Nathan\\Documents\\Cours\\BUT_2\\Git\\Photos\\vendor\\laravel\\framework\\src\\Illuminate\\Container\\Util.php(41): Illuminate\\Container\\BoundMethod::{closure:Illuminate\\Container\\BoundMethod::call():35}()
#7 C:\\Users\\Nathan\\Documents\\Cours\\BUT_2\\Git\\Photos\\vendor\\laravel\\framework\\src\\Illuminate\\Container\\BoundMethod.php(93): Illuminate\\Container\\Util::unwrapIfClosure(Object(Closure))
#8 C:\\Users\\Nathan\\Documents\\Cours\\BUT_2\\Git\\Photos\\vendor\\laravel\\framework\\src\\Illuminate\\Container\\BoundMethod.php(35): Illuminate\\Container\\BoundMethod::callBoundMethod(Object(Illuminate\\Foundation\\Application), Array, Object(Closure))
#9 C:\\Users\\Nathan\\Documents\\Cours\\BUT_2\\Git\\Photos\\vendor\\laravel\\framework\\src\\Illuminate\\Container\\Container.php(662): Illuminate\\Container\\BoundMethod::call(Object(Illuminate\\Foundation\\Application), Array, Array, NULL)
#10 C:\\Users\\Nathan\\Documents\\Cours\\BUT_2\\Git\\Photos\\vendor\\laravel\\framework\\src\\Illuminate\\Console\\Command.php(211): Illuminate\\Container\\Container->call(Array)
#11 C:\\Users\\Nathan\\Documents\\Cours\\BUT_2\\Git\\Photos\\vendor\\symfony\\console\\Command\\Command.php(326): Illuminate\\Console\\Command->execute(Object(Symfony\\Component\\Console\\Input\\ArgvInput), Object(Illuminate\\Console\\OutputStyle))
#12 C:\\Users\\Nathan\\Documents\\Cours\\BUT_2\\Git\\Photos\\vendor\\laravel\\framework\\src\\Illuminate\\Console\\Command.php(180): Symfony\\Component\\Console\\Command\\Command->run(Object(Symfony\\Component\\Console\\Input\\ArgvInput), Object(Illuminate\\Console\\OutputStyle))
#13 C:\\Users\\Nathan\\Documents\\Cours\\BUT_2\\Git\\Photos\\vendor\\symfony\\console\\Application.php(1088): Illuminate\\Console\\Command->run(Object(Symfony\\Component\\Console\\Input\\ArgvInput), Object(Symfony\\Component\\Console\\Output\\ConsoleOutput))
#14 C:\\Users\\Nathan\\Documents\\Cours\\BUT_2\\Git\\Photos\\vendor\\symfony\\console\\Application.php(324): Symfony\\Component\\Console\\Application->doRunCommand(Object(Illuminate\\Foundation\\Console\\KeyGenerateCommand), Object(Symfony\\Component\\Console\\Input\\ArgvInput), Object(Symfony\\Component\\Console\\Output\\ConsoleOutput))
#15 C:\\Users\\Nathan\\Documents\\Cours\\BUT_2\\Git\\Photos\\vendor\\symfony\\console\\Application.php(175): Symfony\\Component\\Console\\Application->doRun(Object(Symfony\\Component\\Console\\Input\\ArgvInput), Object(Symfony\\Component\\Console\\Output\\ConsoleOutput))
#16 C:\\Users\\Nathan\\Documents\\Cours\\BUT_2\\Git\\Photos\\vendor\\laravel\\framework\\src\\Illuminate\\Foundation\\Console\\Kernel.php(201): Symfony\\Component\\Console\\Application->run(Object(Symfony\\Component\\Console\\Input\\ArgvInput), Object(Symfony\\Component\\Console\\Output\\ConsoleOutput))
#17 C:\\Users\\Nathan\\Documents\\Cours\\BUT_2\\Git\\Photos\\artisan(35): Illuminate\\Foundation\\Console\\Kernel->handle(Object(Symfony\\Component\\Console\\Input\\ArgvInput), Object(Symfony\\Component\\Console\\Output\\ConsoleOutput))
#18 {main}
"} 
[2025-11-04 09:49:07] production.ERROR: file_get_contents(C:\Users\Nathan\Documents\Cours\BUT_2\Git\Photos\.env): Failed to open stream: No such file or directory {"exception":"[object] (ErrorException(code: 0): file_get_contents(C:\\Users\\Nathan\\Documents\\Cours\\BUT_2\\Git\\Photos\\.env): Failed to open stream: No such file or directory at C:\\Users\\Nathan\\Documents\\Cours\\BUT_2\\Git\\Photos\\vendor\\laravel\\framework\\src\\Illuminate\\Foundation\\Console\\KeyGenerateCommand.php:100)
[stacktrace]
#0 C:\\Users\\Nathan\\Documents\\Cours\\BUT_2\\Git\\Photos\\vendor\\laravel\\framework\\src\\Illuminate\\Foundation\\Bootstrap\\HandleExceptions.php(255): Illuminate\\Foundation\\Bootstrap\\HandleExceptions->handleError(2, 'file_get_conten...', 'C:\\\\Users\\\\Nathan...', 100)
#1 [internal function]: Illuminate\\Foundation\\Bootstrap\\HandleExceptions->{closure:Illuminate\\Foundation\\Bootstrap\\HandleExceptions::forwardsTo():254}(2, 'file_get_conten...', 'C:\\\\Users\\\\Nathan...', 100)
#2 C:\\Users\\Nathan\\Documents\\Cours\\BUT_2\\Git\\Photos\\vendor\\laravel\\framework\\src\\Illuminate\\Foundation\\Console\\KeyGenerateCommand.php(100): file_get_contents('C:\\\\Users\\\\Nathan...')
#3 C:\\Users\\Nathan\\Documents\\Cours\\BUT_2\\Git\\Photos\\vendor\\laravel\\framework\\src\\Illuminate\\Foundation\\Console\\KeyGenerateCommand.php(82): Illuminate\\Foundation\\Console\\KeyGenerateCommand->writeNewEnvironmentFileWith('base64:inhrG7uX...')
#4 C:\\Users\\Nathan\\Documents\\Cours\\BUT_2\\Git\\Photos\\vendor\\laravel\\framework\\src\\Illuminate\\Foundation\\Console\\KeyGenerateCommand.php(47): Illuminate\\Foundation\\Console\\KeyGenerateCommand->setKeyInEnvironmentFile('base64:inhrG7uX...')
#5 C:\\Users\\Nathan\\Documents\\Cours\\BUT_2\\Git\\Photos\\vendor\\laravel\\framework\\src\\Illuminate\\Container\\BoundMethod.php(36): Illuminate\\Foundation\\Console\\KeyGenerateCommand->handle()
#6 C:\\Users\\Nathan\\Documents\\Cours\\BUT_2\\Git\\Photos\\vendor\\laravel\\framework\\src\\Illuminate\\Container\\Util.php(41): Illuminate\\Container\\BoundMethod::{closure:Illuminate\\Container\\BoundMethod::call():35}()
#7 C:\\Users\\Nathan\\Documents\\Cours\\BUT_2\\Git\\Photos\\vendor\\laravel\\framework\\src\\Illuminate\\Container\\BoundMethod.php(93): Illuminate\\Container\\Util::unwrapIfClosure(Object(Closure))
#8 C:\\Users\\Nathan\\Documents\\Cours\\BUT_2\\Git\\Photos\\vendor\\laravel\\framework\\src\\Illuminate\\Container\\BoundMethod.php(35): Illuminate\\Container\\BoundMethod::callBoundMethod(Object(Illuminate\\Foundation\\Application), Array, Object(Closure))
#9 C:\\Users\\Nathan\\Documents\\Cours\\BUT_2\\Git\\Photos\\vendor\\laravel\\framework\\src\\Illuminate\\Container\\Container.php(662): Illuminate\\Container\\BoundMethod::call(Object(Illuminate\\Foundation\\Application), Array, Array, NULL)
#10 C:\\Users\\Nathan\\Documents\\Cours\\BUT_2\\Git\\Photos\\vendor\\laravel\\framework\\src\\Illuminate\\Console\\Command.php(211): Illuminate\\Container\\Container->call(Array)
#11 C:\\Users\\Nathan\\Documents\\Cours\\BUT_2\\Git\\Photos\\vendor\\symfony\\console\\Command\\Command.php(326): Illuminate\\Console\\Command->execute(Object(Symfony\\Component\\Console\\Input\\ArgvInput), Object(Illuminate\\Console\\OutputStyle))
#12 C:\\Users\\Nathan\\Documents\\Cours\\BUT_2\\Git\\Photos\\vendor\\laravel\\framework\\src\\Illuminate\\Console\\Command.php(180): Symfony\\Component\\Console\\Command\\Command->run(Object(Symfony\\Component\\Console\\Input\\ArgvInput), Object(Illuminate\\Console\\OutputStyle))
#13 C:\\Users\\Nathan\\Documents\\Cours\\BUT_2\\Git\\Photos\\vendor\\symfony\\console\\Application.php(1088): Illuminate\\Console\\Command->run(Object(Symfony\\Component\\Console\\Input\\ArgvInput), Object(Symfony\\Component\\Console\\Output\\ConsoleOutput))
#14 C:\\Users\\Nathan\\Documents\\Cours\\BUT_2\\Git\\Photos\\vendor\\symfony\\console\\Application.php(324): Symfony\\Component\\Console\\Application->doRunCommand(Object(Illuminate\\Foundation\\Console\\KeyGenerateCommand), Object(Symfony\\Component\\Console\\Input\\ArgvInput), Object(Symfony\\Component\\Console\\Output\\ConsoleOutput))
#15 C:\\Users\\Nathan\\Documents\\Cours\\BUT_2\\Git\\Photos\\vendor\\symfony\\console\\Application.php(175): Symfony\\Component\\Console\\Application->doRun(Object(Symfony\\Component\\Console\\Input\\ArgvInput), Object(Symfony\\Component\\Console\\Output\\ConsoleOutput))
#16 C:\\Users\\Nathan\\Documents\\Cours\\BUT_2\\Git\\Photos\\vendor\\laravel\\framework\\src\\Illuminate\\Foundation\\Console\\Kernel.php(201): Symfony\\Component\\Console\\Application->run(Object(Symfony\\Component\\Console\\Input\\ArgvInput), Object(Symfony\\Component\\Console\\Output\\ConsoleOutput))
#17 C:\\Users\\Nathan\\Documents\\Cours\\BUT_2\\Git\\Photos\\artisan(35): Illuminate\\Foundation\\Console\\Kernel->handle(Object(Symfony\\Component\\Console\\Input\\ArgvInput), Object(Symfony\\Component\\Console\\Output\\ConsoleOutput))
#18 {main}
"} 
[2025-11-04 09:49:38] local.ERROR: Database file at path [C:\Users\Nathan\Documents\Cours\BUT_2\Git\Photos\database\database.sqlite] does not exist. Ensure this is an absolute path to the database. (Connection: sqlite, SQL: PRAGMA foreign_keys = ON;) {"exception":"[object] (Illuminate\\Database\\QueryException(code: 0): Database file at path [C:\\Users\\Nathan\\Documents\\Cours\\BUT_2\\Git\\Photos\\database\\database.sqlite] does not exist. Ensure this is an absolute path to the database. (Connection: sqlite, SQL: PRAGMA foreign_keys = ON;) at C:\\Users\\Nathan\\Documents\\Cours\\BUT_2\\Git\\Photos\\vendor\\laravel\\framework\\src\\Illuminate\\Database\\Connection.php:829)
[stacktrace]
#0 C:\\Users\\Nathan\\Documents\\Cours\\BUT_2\\Git\\Photos\\vendor\\laravel\\framework\\src\\Illuminate\\Database\\Connection.php(783): Illuminate\\Database\\Connection->runQueryCallback('PRAGMA foreign_...', Array, Object(Closure))
#1 C:\\Users\\Nathan\\Documents\\Cours\\BUT_2\\Git\\Photos\\vendor\\laravel\\framework\\src\\Illuminate\\Database\\Connection.php(576): Illuminate\\Database\\Connection->run('PRAGMA foreign_...', Array, Object(Closure))
#2 C:\\Users\\Nathan\\Documents\\Cours\\BUT_2\\Git\\Photos\\vendor\\laravel\\framework\\src\\Illuminate\\Database\\Schema\\Builder.php(560): Illuminate\\Database\\Connection->statement('PRAGMA foreign_...')
#3 C:\\Users\\Nathan\\Documents\\Cours\\BUT_2\\Git\\Photos\\vendor\\laravel\\framework\\src\\Illuminate\\Database\\SQLiteConnection.php(36): Illuminate\\Database\\Schema\\Builder->enableForeignKeyConstraints()
#4 C:\\Users\\Nathan\\Documents\\Cours\\BUT_2\\Git\\Photos\\vendor\\laravel\\framework\\src\\Illuminate\\Database\\Connectors\\ConnectionFactory.php(272): Illuminate\\Database\\SQLiteConnection->__construct(Object(Closure), 'C:\\\\Users\\\\Nathan...', '', Array)
#5 C:\\Users\\Nathan\\Documents\\Cours\\BUT_2\\Git\\Photos\\vendor\\laravel\\framework\\src\\Illuminate\\Database\\Connectors\\ConnectionFactory.php(75): Illuminate\\Database\\Connectors\\ConnectionFactory->createConnection('sqlite', Object(Closure), 'C:\\\\Users\\\\Nathan...', '', Array)
#6 C:\\Users\\Nathan\\Documents\\Cours\\BUT_2\\Git\\Photos\\vendor\\laravel\\framework\\src\\Illuminate\\Database\\Connectors\\ConnectionFactory.php(50): Illuminate\\Database\\Connectors\\ConnectionFactory->createSingleConnection(Array)
#7 C:\\Users\\Nathan\\Documents\\Cours\\BUT_2\\Git\\Photos\\vendor\\laravel\\framework\\src\\Illuminate\\Database\\DatabaseManager.php(175): Illuminate\\Database\\Connectors\\ConnectionFactory->make(Array, 'sqlite')
#8 C:\\Users\\Nathan\\Documents\\Cours\\BUT_2\\Git\\Photos\\vendor\\laravel\\framework\\src\\Illuminate\\Database\\DatabaseManager.php(101): Illuminate\\Database\\DatabaseManager->makeConnection('sqlite')
#9 C:\\Users\\Nathan\\Documents\\Cours\\BUT_2\\Git\\Photos\\vendor\\laravel\\framework\\src\\Illuminate\\Database\\DatabaseServiceProvider.php(74): Illuminate\\Database\\DatabaseManager->connection()
#10 C:\\Users\\Nathan\\Documents\\Cours\\BUT_2\\Git\\Photos\\vendor\\laravel\\framework\\src\\Illuminate\\Container\\Container.php(908): Illuminate\\Database\\DatabaseServiceProvider->{closure:Illuminate\\Database\\DatabaseServiceProvider::registerConnectionServices():73}(Object(Illuminate\\Foundation\\Application), Array)
#11 C:\\Users\\Nathan\\Documents\\Cours\\BUT_2\\Git\\Photos\\vendor\\laravel\\framework\\src\\Illuminate\\Container\\Container.php(795): Illuminate\\Container\\Container->build(Object(Closure))
#12 C:\\Users\\Nathan\\Documents\\Cours\\BUT_2\\Git\\Photos\\vendor\\laravel\\framework\\src\\Illuminate\\Foundation\\Application.php(986): Illuminate\\Container\\Container->resolve('db.schema', Array, true)
#13 C:\\Users\\Nathan\\Documents\\Cours\\BUT_2\\Git\\Photos\\vendor\\laravel\\framework\\src\\Illuminate\\Container\\Container.php(731): Illuminate\\Foundation\\Application->resolve('db.schema', Array)
#14 C:\\Users\\Nathan\\Documents\\Cours\\BUT_2\\Git\\Photos\\vendor\\laravel\\framework\\src\\Illuminate\\Foundation\\Application.php(971): Illuminate\\Container\\Container->make('db.schema', Array)
#15 C:\\Users\\Nathan\\Documents\\Cours\\BUT_2\\Git\\Photos\\vendor\\laravel\\framework\\src\\Illuminate\\Container\\Container.php(1454): Illuminate\\Foundation\\Application->make('db.schema')
#16 C:\\Users\\Nathan\\Documents\\Cours\\BUT_2\\Git\\Photos\\vendor\\laravel\\framework\\src\\Illuminate\\Support\\Facades\\Facade.php(240): Illuminate\\Container\\Container->offsetGet('db.schema')
#17 C:\\Users\\Nathan\\Documents\\Cours\\BUT_2\\Git\\Photos\\vendor\\laravel\\framework\\src\\Illuminate\\Support\\Facades\\Facade.php(208): Illuminate\\Support\\Facades\\Facade::resolveFacadeInstance('db.schema')
#18 C:\\Users\\Nathan\\Documents\\Cours\\BUT_2\\Git\\Photos\\vendor\\laravel\\framework\\src\\Illuminate\\Support\\Facades\\Facade.php(349): Illuminate\\Support\\Facades\\Facade::getFacadeRoot()
#19 C:\\Users\\Nathan\\Documents\\Cours\\BUT_2\\Git\\Photos\\app\\Providers\\AppServiceProvider.php(23): Illuminate\\Support\\Facades\\Facade::__callStatic('defaultStringLe...', Array)
#20 C:\\Users\\Nathan\\Documents\\Cours\\BUT_2\\Git\\Photos\\vendor\\laravel\\framework\\src\\Illuminate\\Container\\BoundMethod.php(36): App\\Providers\\AppServiceProvider->boot()
#21 C:\\Users\\Nathan\\Documents\\Cours\\BUT_2\\Git\\Photos\\vendor\\laravel\\framework\\src\\Illuminate\\Container\\Util.php(41): Illuminate\\Container\\BoundMethod::{closure:Illuminate\\Container\\BoundMethod::call():35}()
#22 C:\\Users\\Nathan\\Documents\\Cours\\BUT_2\\Git\\Photos\\vendor\\laravel\\framework\\src\\Illuminate\\Container\\BoundMethod.php(93): Illuminate\\Container\\Util::unwrapIfClosure(Object(Closure))
#23 C:\\Users\\Nathan\\Documents\\Cours\\BUT_2\\Git\\Photos\\vendor\\laravel\\framework\\src\\Illuminate\\Container\\BoundMethod.php(35): Illuminate\\Container\\BoundMethod::callBoundMethod(Object(Illuminate\\Foundation\\Application), Array, Object(Closure))
#24 C:\\Users\\Nathan\\Documents\\Cours\\BUT_2\\Git\\Photos\\vendor\\laravel\\framework\\src\\Illuminate\\Container\\Container.php(662): Illuminate\\Container\\BoundMethod::call(Object(Illuminate\\Foundation\\Application), Array, Array, NULL)
#25 C:\\Users\\Nathan\\Documents\\Cours\\BUT_2\\Git\\Photos\\vendor\\laravel\\framework\\src\\Illuminate\\Foundation\\Application.php(1059): Illuminate\\Container\\Container->call(Array)
#26 C:\\Users\\Nathan\\Documents\\Cours\\BUT_2\\Git\\Photos\\vendor\\laravel\\framework\\src\\Illuminate\\Foundation\\Application.php(1040): Illuminate\\Foundation\\Application->bootProvider(Object(App\\Providers\\AppServiceProvider))
#27 [internal function]: Illuminate\\Foundation\\Application->{closure:Illuminate\\Foundation\\Application::boot():1039}(Object(App\\Providers\\AppServiceProvider), 20)
#28 C:\\Users\\Nathan\\Documents\\Cours\\BUT_2\\Git\\Photos\\vendor\\laravel\\framework\\src\\Illuminate\\Foundation\\Application.php(1039): array_walk(Array, Object(Closure))
#29 C:\\Users\\Nathan\\Documents\\Cours\\BUT_2\\Git\\Photos\\vendor\\laravel\\framework\\src\\Illuminate\\Foundation\\Bootstrap\\BootProviders.php(17): Illuminate\\Foundation\\Application->boot()
#30 C:\\Users\\Nathan\\Documents\\Cours\\BUT_2\\Git\\Photos\\vendor\\laravel\\framework\\src\\Illuminate\\Foundation\\Application.php(286): Illuminate\\Foundation\\Bootstrap\\BootProviders->bootstrap(Object(Illuminate\\Foundation\\Application))
#31 C:\\Users\\Nathan\\Documents\\Cours\\BUT_2\\Git\\Photos\\vendor\\laravel\\framework\\src\\Illuminate\\Foundation\\Console\\Kernel.php(447): Illuminate\\Foundation\\Application->bootstrapWith(Array)
#32 C:\\Users\\Nathan\\Documents\\Cours\\BUT_2\\Git\\Photos\\vendor\\laravel\\framework\\src\\Illuminate\\Foundation\\Console\\Kernel.php(199): Illuminate\\Foundation\\Console\\Kernel->bootstrap()
#33 C:\\Users\\Nathan\\Documents\\Cours\\BUT_2\\Git\\Photos\\artisan(35): Illuminate\\Foundation\\Console\\Kernel->handle(Object(Symfony\\Component\\Console\\Input\\ArgvInput), Object(Symfony\\Component\\Console\\Output\\ConsoleOutput))
#34 {main}

[previous exception] [object] (Illuminate\\Database\\SQLiteDatabaseDoesNotExistException(code: 0): Database file at path [C:\\Users\\Nathan\\Documents\\Cours\\BUT_2\\Git\\Photos\\database\\database.sqlite] does not exist. Ensure this is an absolute path to the database. at C:\\Users\\Nathan\\Documents\\Cours\\BUT_2\\Git\\Photos\\vendor\\laravel\\framework\\src\\Illuminate\\Database\\Connectors\\SQLiteConnector.php:34)
[stacktrace]
#0 C:\\Users\\Nathan\\Documents\\Cours\\BUT_2\\Git\\Photos\\vendor\\laravel\\framework\\src\\Illuminate\\Database\\Connectors\\ConnectionFactory.php(221): Illuminate\\Database\\Connectors\\SQLiteConnector->connect(Array)
#1 [internal function]: Illuminate\\Database\\Connectors\\ConnectionFactory->{closure:Illuminate\\Database\\Connectors\\ConnectionFactory::createPdoResolverWithoutHosts():221}()
#2 C:\\Users\\Nathan\\Documents\\Cours\\BUT_2\\Git\\Photos\\vendor\\laravel\\framework\\src\\Illuminate\\Database\\Connection.php(1339): call_user_func(Object(Closure))
#3 C:\\Users\\Nathan\\Documents\\Cours\\BUT_2\\Git\\Photos\\vendor\\laravel\\framework\\src\\Illuminate\\Database\\Connection.php(581): Illuminate\\Database\\Connection->getPdo()
#4 C:\\Users\\Nathan\\Documents\\Cours\\BUT_2\\Git\\Photos\\vendor\\laravel\\framework\\src\\Illuminate\\Database\\Connection.php(816): Illuminate\\Database\\Connection->{closure:Illuminate\\Database\\Connection::statement():576}('PRAGMA foreign_...', Array)
#5 C:\\Users\\Nathan\\Documents\\Cours\\BUT_2\\Git\\Photos\\vendor\\laravel\\framework\\src\\Illuminate\\Database\\Connection.php(783): Illuminate\\Database\\Connection->runQueryCallback('PRAGMA foreign_...', Array, Object(Closure))
#6 C:\\Users\\Nathan\\Documents\\Cours\\BUT_2\\Git\\Photos\\vendor\\laravel\\framework\\src\\Illuminate\\Database\\Connection.php(576): Illuminate\\Database\\Connection->run('PRAGMA foreign_...', Array, Object(Closure))
#7 C:\\Users\\Nathan\\Documents\\Cours\\BUT_2\\Git\\Photos\\vendor\\laravel\\framework\\src\\Illuminate\\Database\\Schema\\Builder.php(560): Illuminate\\Database\\Connection->statement('PRAGMA foreign_...')
#8 C:\\Users\\Nathan\\Documents\\Cours\\BUT_2\\Git\\Photos\\vendor\\laravel\\framework\\src\\Illuminate\\Database\\SQLiteConnection.php(36): Illuminate\\Database\\Schema\\Builder->enableForeignKeyConstraints()
#9 C:\\Users\\Nathan\\Documents\\Cours\\BUT_2\\Git\\Photos\\vendor\\laravel\\framework\\src\\Illuminate\\Database\\Connectors\\ConnectionFactory.php(272): Illuminate\\Database\\SQLiteConnection->__construct(Object(Closure), 'C:\\\\Users\\\\Nathan...', '', Array)
#10 C:\\Users\\Nathan\\Documents\\Cours\\BUT_2\\Git\\Photos\\vendor\\laravel\\framework\\src\\Illuminate\\Database\\Connectors\\ConnectionFactory.php(75): Illuminate\\Database\\Connectors\\ConnectionFactory->createConnection('sqlite', Object(Closure), 'C:\\\\Users\\\\Nathan...', '', Array)
#11 C:\\Users\\Nathan\\Documents\\Cours\\BUT_2\\Git\\Photos\\vendor\\laravel\\framework\\src\\Illuminate\\Database\\Connectors\\ConnectionFactory.php(50): Illuminate\\Database\\Connectors\\ConnectionFactory->createSingleConnection(Array)
#12 C:\\Users\\Nathan\\Documents\\Cours\\BUT_2\\Git\\Photos\\vendor\\laravel\\framework\\src\\Illuminate\\Database\\DatabaseManager.php(175): Illuminate\\Database\\Connectors\\ConnectionFactory->make(Array, 'sqlite')
#13 C:\\Users\\Nathan\\Documents\\Cours\\BUT_2\\Git\\Photos\\vendor\\laravel\\framework\\src\\Illuminate\\Database\\DatabaseManager.php(101): Illuminate\\Database\\DatabaseManager->makeConnection('sqlite')
#14 C:\\Users\\Nathan\\Documents\\Cours\\BUT_2\\Git\\Photos\\vendor\\laravel\\framework\\src\\Illuminate\\Database\\DatabaseServiceProvider.php(74): Illuminate\\Database\\DatabaseManager->connection()
#15 C:\\Users\\Nathan\\Documents\\Cours\\BUT_2\\Git\\Photos\\vendor\\laravel\\framework\\src\\Illuminate\\Container\\Container.php(908): Illuminate\\Database\\DatabaseServiceProvider->{closure:Illuminate\\Database\\DatabaseServiceProvider::registerConnectionServices():73}(Object(Illuminate\\Foundation\\Application), Array)
#16 C:\\Users\\Nathan\\Documents\\Cours\\BUT_2\\Git\\Photos\\vendor\\laravel\\framework\\src\\Illuminate\\Container\\Container.php(795): Illuminate\\Container\\Container->build(Object(Closure))
#17 C:\\Users\\Nathan\\Documents\\Cours\\BUT_2\\Git\\Photos\\vendor\\laravel\\framework\\src\\Illuminate\\Foundation\\Application.php(986): Illuminate\\Container\\Container->resolve('db.schema', Array, true)
#18 C:\\Users\\Nathan\\Documents\\Cours\\BUT_2\\Git\\Photos\\vendor\\laravel\\framework\\src\\Illuminate\\Container\\Container.php(731): Illuminate\\Foundation\\Application->resolve('db.schema', Array)
#19 C:\\Users\\Nathan\\Documents\\Cours\\BUT_2\\Git\\Photos\\vendor\\laravel\\framework\\src\\Illuminate\\Foundation\\Application.php(971): Illuminate\\Container\\Container->make('db.schema', Array)
#20 C:\\Users\\Nathan\\Documents\\Cours\\BUT_2\\Git\\Photos\\vendor\\laravel\\framework\\src\\Illuminate\\Container\\Container.php(1454): Illuminate\\Foundation\\Application->make('db.schema')
#21 C:\\Users\\Nathan\\Documents\\Cours\\BUT_2\\Git\\Photos\\vendor\\laravel\\framework\\src\\Illuminate\\Support\\Facades\\Facade.php(240): Illuminate\\Container\\Container->offsetGet('db.schema')
#22 C:\\Users\\Nathan\\Documents\\Cours\\BUT_2\\Git\\Photos\\vendor\\laravel\\framework\\src\\Illuminate\\Support\\Facades\\Facade.php(208): Illuminate\\Support\\Facades\\Facade::resolveFacadeInstance('db.schema')
#23 C:\\Users\\Nathan\\Documents\\Cours\\BUT_2\\Git\\Photos\\vendor\\laravel\\framework\\src\\Illuminate\\Support\\Facades\\Facade.php(349): Illuminate\\Support\\Facades\\Facade::getFacadeRoot()
#24 C:\\Users\\Nathan\\Documents\\Cours\\BUT_2\\Git\\Photos\\app\\Providers\\AppServiceProvider.php(23): Illuminate\\Support\\Facades\\Facade::__callStatic('defaultStringLe...', Array)
#25 C:\\Users\\Nathan\\Documents\\Cours\\BUT_2\\Git\\Photos\\vendor\\laravel\\framework\\src\\Illuminate\\Container\\BoundMethod.php(36): App\\Providers\\AppServiceProvider->boot()
#26 C:\\Users\\Nathan\\Documents\\Cours\\BUT_2\\Git\\Photos\\vendor\\laravel\\framework\\src\\Illuminate\\Container\\Util.php(41): Illuminate\\Container\\BoundMethod::{closure:Illuminate\\Container\\BoundMethod::call():35}()
#27 C:\\Users\\Nathan\\Documents\\Cours\\BUT_2\\Git\\Photos\\vendor\\laravel\\framework\\src\\Illuminate\\Container\\BoundMethod.php(93): Illuminate\\Container\\Util::unwrapIfClosure(Object(Closure))
#28 C:\\Users\\Nathan\\Documents\\Cours\\BUT_2\\Git\\Photos\\vendor\\laravel\\framework\\src\\Illuminate\\Container\\BoundMethod.php(35): Illuminate\\Container\\BoundMethod::callBoundMethod(Object(Illuminate\\Foundation\\Application), Array, Object(Closure))
#29 C:\\Users\\Nathan\\Documents\\Cours\\BUT_2\\Git\\Photos\\vendor\\laravel\\framework\\src\\Illuminate\\Container\\Container.php(662): Illuminate\\Container\\BoundMethod::call(Object(Illuminate\\Foundation\\Application), Array, Array, NULL)
#30 C:\\Users\\Nathan\\Documents\\Cours\\BUT_2\\Git\\Photos\\vendor\\laravel\\framework\\src\\Illuminate\\Foundation\\Application.php(1059): Illuminate\\Container\\Container->call(Array)
#31 C:\\Users\\Nathan\\Documents\\Cours\\BUT_2\\Git\\Photos\\vendor\\laravel\\framework\\src\\Illuminate\\Foundation\\Application.php(1040): Illuminate\\Foundation\\Application->bootProvider(Object(App\\Providers\\AppServiceProvider))
#32 [internal function]: Illuminate\\Foundation\\Application->{closure:Illuminate\\Foundation\\Application::boot():1039}(Object(App\\Providers\\AppServiceProvider), 20)
#33 C:\\Users\\Nathan\\Documents\\Cours\\BUT_2\\Git\\Photos\\vendor\\laravel\\framework\\src\\Illuminate\\Foundation\\Application.php(1039): array_walk(Array, Object(Closure))
#34 C:\\Users\\Nathan\\Documents\\Cours\\BUT_2\\Git\\Photos\\vendor\\laravel\\framework\\src\\Illuminate\\Foundation\\Bootstrap\\BootProviders.php(17): Illuminate\\Foundation\\Application->boot()
#35 C:\\Users\\Nathan\\Documents\\Cours\\BUT_2\\Git\\Photos\\vendor\\laravel\\framework\\src\\Illuminate\\Foundation\\Application.php(286): Illuminate\\Foundation\\Bootstrap\\BootProviders->bootstrap(Object(Illuminate\\Foundation\\Application))
#36 C:\\Users\\Nathan\\Documents\\Cours\\BUT_2\\Git\\Photos\\vendor\\laravel\\framework\\src\\Illuminate\\Foundation\\Console\\Kernel.php(447): Illuminate\\Foundation\\Application->bootstrapWith(Array)
#37 C:\\Users\\Nathan\\Documents\\Cours\\BUT_2\\Git\\Photos\\vendor\\laravel\\framework\\src\\Illuminate\\Foundation\\Console\\Kernel.php(199): Illuminate\\Foundation\\Console\\Kernel->bootstrap()
#38 C:\\Users\\Nathan\\Documents\\Cours\\BUT_2\\Git\\Photos\\artisan(35): Illuminate\\Foundation\\Console\\Kernel->handle(Object(Symfony\\Component\\Console\\Input\\ArgvInput), Object(Symfony\\Component\\Console\\Output\\ConsoleOutput))
#39 {main}
"} 
<<<<<<< HEAD
[2025-11-04 09:55:50] local.ERROR: SQLSTATE[42S02]: Base table or view not found: 1146 Table 'photos.sessions' doesn't exist (Connection: mysql, SQL: select * from `sessions` where `id` = wo6Ne1WAb1oCS4FLLZItWfz13wdSyDsjNe0t4X3r limit 1) {"exception":"[object] (Illuminate\\Database\\QueryException(code: 42S02): SQLSTATE[42S02]: Base table or view not found: 1146 Table 'photos.sessions' doesn't exist (Connection: mysql, SQL: select * from `sessions` where `id` = wo6Ne1WAb1oCS4FLLZItWfz13wdSyDsjNe0t4X3r limit 1) at /Users/Manon/Photos/vendor/laravel/framework/src/Illuminate/Database/Connection.php:829)
[stacktrace]
#0 /Users/Manon/Photos/vendor/laravel/framework/src/Illuminate/Database/Connection.php(783): Illuminate\\Database\\Connection->runQueryCallback('select * from `...', Array, Object(Closure))
#1 /Users/Manon/Photos/vendor/laravel/framework/src/Illuminate/Database/Connection.php(414): Illuminate\\Database\\Connection->run('select * from `...', Array, Object(Closure))
#2 /Users/Manon/Photos/vendor/laravel/framework/src/Illuminate/Database/Query/Builder.php(2913): Illuminate\\Database\\Connection->select('select * from `...', Array, true)
#3 /Users/Manon/Photos/vendor/laravel/framework/src/Illuminate/Database/Query/Builder.php(2902): Illuminate\\Database\\Query\\Builder->runSelect()
#4 /Users/Manon/Photos/vendor/laravel/framework/src/Illuminate/Database/Query/Builder.php(3456): Illuminate\\Database\\Query\\Builder->Illuminate\\Database\\Query\\{closure}()
#5 /Users/Manon/Photos/vendor/laravel/framework/src/Illuminate/Database/Query/Builder.php(2901): Illuminate\\Database\\Query\\Builder->onceWithColumns(Array, Object(Closure))
#6 /Users/Manon/Photos/vendor/laravel/framework/src/Illuminate/Database/Concerns/BuildsQueries.php(333): Illuminate\\Database\\Query\\Builder->get(Array)
#7 /Users/Manon/Photos/vendor/laravel/framework/src/Illuminate/Database/Query/Builder.php(2824): Illuminate\\Database\\Query\\Builder->first(Array)
#8 /Users/Manon/Photos/vendor/laravel/framework/src/Illuminate/Session/DatabaseSessionHandler.php(97): Illuminate\\Database\\Query\\Builder->find('wo6Ne1WAb1oCS4F...')
#9 /Users/Manon/Photos/vendor/laravel/framework/src/Illuminate/Session/Store.php(113): Illuminate\\Session\\DatabaseSessionHandler->read('wo6Ne1WAb1oCS4F...')
#10 /Users/Manon/Photos/vendor/laravel/framework/src/Illuminate/Session/Store.php(101): Illuminate\\Session\\Store->readFromHandler()
#11 /Users/Manon/Photos/vendor/laravel/framework/src/Illuminate/Session/Store.php(85): Illuminate\\Session\\Store->loadSession()
#12 /Users/Manon/Photos/vendor/laravel/framework/src/Illuminate/Session/Middleware/StartSession.php(147): Illuminate\\Session\\Store->start()
#13 /Users/Manon/Photos/vendor/laravel/framework/src/Illuminate/Support/helpers.php(320): Illuminate\\Session\\Middleware\\StartSession->Illuminate\\Session\\Middleware\\{closure}(Object(Illuminate\\Session\\Store))
#14 /Users/Manon/Photos/vendor/laravel/framework/src/Illuminate/Session/Middleware/StartSession.php(144): tap(Object(Illuminate\\Session\\Store), Object(Closure))
#15 /Users/Manon/Photos/vendor/laravel/framework/src/Illuminate/Session/Middleware/StartSession.php(116): Illuminate\\Session\\Middleware\\StartSession->startSession(Object(Illuminate\\Http\\Request), Object(Illuminate\\Session\\Store))
#16 /Users/Manon/Photos/vendor/laravel/framework/src/Illuminate/Session/Middleware/StartSession.php(64): Illuminate\\Session\\Middleware\\StartSession->handleStatefulRequest(Object(Illuminate\\Http\\Request), Object(Illuminate\\Session\\Store), Object(Closure))
#17 /Users/Manon/Photos/vendor/laravel/framework/src/Illuminate/Pipeline/Pipeline.php(183): Illuminate\\Session\\Middleware\\StartSession->handle(Object(Illuminate\\Http\\Request), Object(Closure))
#18 /Users/Manon/Photos/vendor/laravel/framework/src/Illuminate/Cookie/Middleware/AddQueuedCookiesToResponse.php(37): Illuminate\\Pipeline\\Pipeline->Illuminate\\Pipeline\\{closure}(Object(Illuminate\\Http\\Request))
#19 /Users/Manon/Photos/vendor/laravel/framework/src/Illuminate/Pipeline/Pipeline.php(183): Illuminate\\Cookie\\Middleware\\AddQueuedCookiesToResponse->handle(Object(Illuminate\\Http\\Request), Object(Closure))
#20 /Users/Manon/Photos/vendor/laravel/framework/src/Illuminate/Cookie/Middleware/EncryptCookies.php(67): Illuminate\\Pipeline\\Pipeline->Illuminate\\Pipeline\\{closure}(Object(Illuminate\\Http\\Request))
#21 /Users/Manon/Photos/vendor/laravel/framework/src/Illuminate/Pipeline/Pipeline.php(183): Illuminate\\Cookie\\Middleware\\EncryptCookies->handle(Object(Illuminate\\Http\\Request), Object(Closure))
#22 /Users/Manon/Photos/vendor/laravel/framework/src/Illuminate/Pipeline/Pipeline.php(119): Illuminate\\Pipeline\\Pipeline->Illuminate\\Pipeline\\{closure}(Object(Illuminate\\Http\\Request))
#23 /Users/Manon/Photos/vendor/laravel/framework/src/Illuminate/Routing/Router.php(805): Illuminate\\Pipeline\\Pipeline->then(Object(Closure))
#24 /Users/Manon/Photos/vendor/laravel/framework/src/Illuminate/Routing/Router.php(784): Illuminate\\Routing\\Router->runRouteWithinStack(Object(Illuminate\\Routing\\Route), Object(Illuminate\\Http\\Request))
#25 /Users/Manon/Photos/vendor/laravel/framework/src/Illuminate/Routing/Router.php(748): Illuminate\\Routing\\Router->runRoute(Object(Illuminate\\Http\\Request), Object(Illuminate\\Routing\\Route))
#26 /Users/Manon/Photos/vendor/laravel/framework/src/Illuminate/Routing/Router.php(737): Illuminate\\Routing\\Router->dispatchToRoute(Object(Illuminate\\Http\\Request))
#27 /Users/Manon/Photos/vendor/laravel/framework/src/Illuminate/Foundation/Http/Kernel.php(200): Illuminate\\Routing\\Router->dispatch(Object(Illuminate\\Http\\Request))
#28 /Users/Manon/Photos/vendor/laravel/framework/src/Illuminate/Pipeline/Pipeline.php(144): Illuminate\\Foundation\\Http\\Kernel->Illuminate\\Foundation\\Http\\{closure}(Object(Illuminate\\Http\\Request))
#29 /Users/Manon/Photos/vendor/laravel/framework/src/Illuminate/Foundation/Http/Middleware/TransformsRequest.php(21): Illuminate\\Pipeline\\Pipeline->Illuminate\\Pipeline\\{closure}(Object(Illuminate\\Http\\Request))
#30 /Users/Manon/Photos/vendor/laravel/framework/src/Illuminate/Foundation/Http/Middleware/ConvertEmptyStringsToNull.php(31): Illuminate\\Foundation\\Http\\Middleware\\TransformsRequest->handle(Object(Illuminate\\Http\\Request), Object(Closure))
#31 /Users/Manon/Photos/vendor/laravel/framework/src/Illuminate/Pipeline/Pipeline.php(183): Illuminate\\Foundation\\Http\\Middleware\\ConvertEmptyStringsToNull->handle(Object(Illuminate\\Http\\Request), Object(Closure))
#32 /Users/Manon/Photos/vendor/laravel/framework/src/Illuminate/Foundation/Http/Middleware/TransformsRequest.php(21): Illuminate\\Pipeline\\Pipeline->Illuminate\\Pipeline\\{closure}(Object(Illuminate\\Http\\Request))
#33 /Users/Manon/Photos/vendor/laravel/framework/src/Illuminate/Foundation/Http/Middleware/TrimStrings.php(40): Illuminate\\Foundation\\Http\\Middleware\\TransformsRequest->handle(Object(Illuminate\\Http\\Request), Object(Closure))
#34 /Users/Manon/Photos/vendor/laravel/framework/src/Illuminate/Pipeline/Pipeline.php(183): Illuminate\\Foundation\\Http\\Middleware\\TrimStrings->handle(Object(Illuminate\\Http\\Request), Object(Closure))
#35 /Users/Manon/Photos/vendor/laravel/framework/src/Illuminate/Foundation/Http/Middleware/ValidatePostSize.php(27): Illuminate\\Pipeline\\Pipeline->Illuminate\\Pipeline\\{closure}(Object(Illuminate\\Http\\Request))
#36 /Users/Manon/Photos/vendor/laravel/framework/src/Illuminate/Pipeline/Pipeline.php(183): Illuminate\\Foundation\\Http\\Middleware\\ValidatePostSize->handle(Object(Illuminate\\Http\\Request), Object(Closure))
#37 /Users/Manon/Photos/vendor/laravel/framework/src/Illuminate/Foundation/Http/Middleware/PreventRequestsDuringMaintenance.php(99): Illuminate\\Pipeline\\Pipeline->Illuminate\\Pipeline\\{closure}(Object(Illuminate\\Http\\Request))
#38 /Users/Manon/Photos/vendor/laravel/framework/src/Illuminate/Pipeline/Pipeline.php(183): Illuminate\\Foundation\\Http\\Middleware\\PreventRequestsDuringMaintenance->handle(Object(Illuminate\\Http\\Request), Object(Closure))
#39 /Users/Manon/Photos/vendor/laravel/framework/src/Illuminate/Http/Middleware/HandleCors.php(49): Illuminate\\Pipeline\\Pipeline->Illuminate\\Pipeline\\{closure}(Object(Illuminate\\Http\\Request))
#40 /Users/Manon/Photos/vendor/laravel/framework/src/Illuminate/Pipeline/Pipeline.php(183): Illuminate\\Http\\Middleware\\HandleCors->handle(Object(Illuminate\\Http\\Request), Object(Closure))
#41 /Users/Manon/Photos/vendor/laravel/framework/src/Illuminate/Http/Middleware/TrustProxies.php(39): Illuminate\\Pipeline\\Pipeline->Illuminate\\Pipeline\\{closure}(Object(Illuminate\\Http\\Request))
#42 /Users/Manon/Photos/vendor/laravel/framework/src/Illuminate/Pipeline/Pipeline.php(183): Illuminate\\Http\\Middleware\\TrustProxies->handle(Object(Illuminate\\Http\\Request), Object(Closure))
#43 /Users/Manon/Photos/vendor/laravel/framework/src/Illuminate/Pipeline/Pipeline.php(119): Illuminate\\Pipeline\\Pipeline->Illuminate\\Pipeline\\{closure}(Object(Illuminate\\Http\\Request))
#44 /Users/Manon/Photos/vendor/laravel/framework/src/Illuminate/Foundation/Http/Kernel.php(175): Illuminate\\Pipeline\\Pipeline->then(Object(Closure))
#45 /Users/Manon/Photos/vendor/laravel/framework/src/Illuminate/Foundation/Http/Kernel.php(144): Illuminate\\Foundation\\Http\\Kernel->sendRequestThroughRouter(Object(Illuminate\\Http\\Request))
#46 /Users/Manon/Photos/public/index.php(51): Illuminate\\Foundation\\Http\\Kernel->handle(Object(Illuminate\\Http\\Request))
#47 /Users/Manon/Photos/vendor/laravel/framework/src/Illuminate/Foundation/resources/server.php(16): require_once('/Users/Manon/Ph...')
#48 {main}

[previous exception] [object] (PDOException(code: 42S02): SQLSTATE[42S02]: Base table or view not found: 1146 Table 'photos.sessions' doesn't exist at /Users/Manon/Photos/vendor/laravel/framework/src/Illuminate/Database/Connection.php:423)
[stacktrace]
#0 /Users/Manon/Photos/vendor/laravel/framework/src/Illuminate/Database/Connection.php(423): PDO->prepare('select * from `...')
#1 /Users/Manon/Photos/vendor/laravel/framework/src/Illuminate/Database/Connection.php(816): Illuminate\\Database\\Connection->Illuminate\\Database\\{closure}('select * from `...', Array)
#2 /Users/Manon/Photos/vendor/laravel/framework/src/Illuminate/Database/Connection.php(783): Illuminate\\Database\\Connection->runQueryCallback('select * from `...', Array, Object(Closure))
#3 /Users/Manon/Photos/vendor/laravel/framework/src/Illuminate/Database/Connection.php(414): Illuminate\\Database\\Connection->run('select * from `...', Array, Object(Closure))
#4 /Users/Manon/Photos/vendor/laravel/framework/src/Illuminate/Database/Query/Builder.php(2913): Illuminate\\Database\\Connection->select('select * from `...', Array, true)
#5 /Users/Manon/Photos/vendor/laravel/framework/src/Illuminate/Database/Query/Builder.php(2902): Illuminate\\Database\\Query\\Builder->runSelect()
#6 /Users/Manon/Photos/vendor/laravel/framework/src/Illuminate/Database/Query/Builder.php(3456): Illuminate\\Database\\Query\\Builder->Illuminate\\Database\\Query\\{closure}()
#7 /Users/Manon/Photos/vendor/laravel/framework/src/Illuminate/Database/Query/Builder.php(2901): Illuminate\\Database\\Query\\Builder->onceWithColumns(Array, Object(Closure))
#8 /Users/Manon/Photos/vendor/laravel/framework/src/Illuminate/Database/Concerns/BuildsQueries.php(333): Illuminate\\Database\\Query\\Builder->get(Array)
#9 /Users/Manon/Photos/vendor/laravel/framework/src/Illuminate/Database/Query/Builder.php(2824): Illuminate\\Database\\Query\\Builder->first(Array)
#10 /Users/Manon/Photos/vendor/laravel/framework/src/Illuminate/Session/DatabaseSessionHandler.php(97): Illuminate\\Database\\Query\\Builder->find('wo6Ne1WAb1oCS4F...')
#11 /Users/Manon/Photos/vendor/laravel/framework/src/Illuminate/Session/Store.php(113): Illuminate\\Session\\DatabaseSessionHandler->read('wo6Ne1WAb1oCS4F...')
#12 /Users/Manon/Photos/vendor/laravel/framework/src/Illuminate/Session/Store.php(101): Illuminate\\Session\\Store->readFromHandler()
#13 /Users/Manon/Photos/vendor/laravel/framework/src/Illuminate/Session/Store.php(85): Illuminate\\Session\\Store->loadSession()
#14 /Users/Manon/Photos/vendor/laravel/framework/src/Illuminate/Session/Middleware/StartSession.php(147): Illuminate\\Session\\Store->start()
#15 /Users/Manon/Photos/vendor/laravel/framework/src/Illuminate/Support/helpers.php(320): Illuminate\\Session\\Middleware\\StartSession->Illuminate\\Session\\Middleware\\{closure}(Object(Illuminate\\Session\\Store))
#16 /Users/Manon/Photos/vendor/laravel/framework/src/Illuminate/Session/Middleware/StartSession.php(144): tap(Object(Illuminate\\Session\\Store), Object(Closure))
#17 /Users/Manon/Photos/vendor/laravel/framework/src/Illuminate/Session/Middleware/StartSession.php(116): Illuminate\\Session\\Middleware\\StartSession->startSession(Object(Illuminate\\Http\\Request), Object(Illuminate\\Session\\Store))
#18 /Users/Manon/Photos/vendor/laravel/framework/src/Illuminate/Session/Middleware/StartSession.php(64): Illuminate\\Session\\Middleware\\StartSession->handleStatefulRequest(Object(Illuminate\\Http\\Request), Object(Illuminate\\Session\\Store), Object(Closure))
#19 /Users/Manon/Photos/vendor/laravel/framework/src/Illuminate/Pipeline/Pipeline.php(183): Illuminate\\Session\\Middleware\\StartSession->handle(Object(Illuminate\\Http\\Request), Object(Closure))
#20 /Users/Manon/Photos/vendor/laravel/framework/src/Illuminate/Cookie/Middleware/AddQueuedCookiesToResponse.php(37): Illuminate\\Pipeline\\Pipeline->Illuminate\\Pipeline\\{closure}(Object(Illuminate\\Http\\Request))
#21 /Users/Manon/Photos/vendor/laravel/framework/src/Illuminate/Pipeline/Pipeline.php(183): Illuminate\\Cookie\\Middleware\\AddQueuedCookiesToResponse->handle(Object(Illuminate\\Http\\Request), Object(Closure))
#22 /Users/Manon/Photos/vendor/laravel/framework/src/Illuminate/Cookie/Middleware/EncryptCookies.php(67): Illuminate\\Pipeline\\Pipeline->Illuminate\\Pipeline\\{closure}(Object(Illuminate\\Http\\Request))
#23 /Users/Manon/Photos/vendor/laravel/framework/src/Illuminate/Pipeline/Pipeline.php(183): Illuminate\\Cookie\\Middleware\\EncryptCookies->handle(Object(Illuminate\\Http\\Request), Object(Closure))
#24 /Users/Manon/Photos/vendor/laravel/framework/src/Illuminate/Pipeline/Pipeline.php(119): Illuminate\\Pipeline\\Pipeline->Illuminate\\Pipeline\\{closure}(Object(Illuminate\\Http\\Request))
#25 /Users/Manon/Photos/vendor/laravel/framework/src/Illuminate/Routing/Router.php(805): Illuminate\\Pipeline\\Pipeline->then(Object(Closure))
#26 /Users/Manon/Photos/vendor/laravel/framework/src/Illuminate/Routing/Router.php(784): Illuminate\\Routing\\Router->runRouteWithinStack(Object(Illuminate\\Routing\\Route), Object(Illuminate\\Http\\Request))
#27 /Users/Manon/Photos/vendor/laravel/framework/src/Illuminate/Routing/Router.php(748): Illuminate\\Routing\\Router->runRoute(Object(Illuminate\\Http\\Request), Object(Illuminate\\Routing\\Route))
#28 /Users/Manon/Photos/vendor/laravel/framework/src/Illuminate/Routing/Router.php(737): Illuminate\\Routing\\Router->dispatchToRoute(Object(Illuminate\\Http\\Request))
#29 /Users/Manon/Photos/vendor/laravel/framework/src/Illuminate/Foundation/Http/Kernel.php(200): Illuminate\\Routing\\Router->dispatch(Object(Illuminate\\Http\\Request))
#30 /Users/Manon/Photos/vendor/laravel/framework/src/Illuminate/Pipeline/Pipeline.php(144): Illuminate\\Foundation\\Http\\Kernel->Illuminate\\Foundation\\Http\\{closure}(Object(Illuminate\\Http\\Request))
#31 /Users/Manon/Photos/vendor/laravel/framework/src/Illuminate/Foundation/Http/Middleware/TransformsRequest.php(21): Illuminate\\Pipeline\\Pipeline->Illuminate\\Pipeline\\{closure}(Object(Illuminate\\Http\\Request))
#32 /Users/Manon/Photos/vendor/laravel/framework/src/Illuminate/Foundation/Http/Middleware/ConvertEmptyStringsToNull.php(31): Illuminate\\Foundation\\Http\\Middleware\\TransformsRequest->handle(Object(Illuminate\\Http\\Request), Object(Closure))
#33 /Users/Manon/Photos/vendor/laravel/framework/src/Illuminate/Pipeline/Pipeline.php(183): Illuminate\\Foundation\\Http\\Middleware\\ConvertEmptyStringsToNull->handle(Object(Illuminate\\Http\\Request), Object(Closure))
#34 /Users/Manon/Photos/vendor/laravel/framework/src/Illuminate/Foundation/Http/Middleware/TransformsRequest.php(21): Illuminate\\Pipeline\\Pipeline->Illuminate\\Pipeline\\{closure}(Object(Illuminate\\Http\\Request))
#35 /Users/Manon/Photos/vendor/laravel/framework/src/Illuminate/Foundation/Http/Middleware/TrimStrings.php(40): Illuminate\\Foundation\\Http\\Middleware\\TransformsRequest->handle(Object(Illuminate\\Http\\Request), Object(Closure))
#36 /Users/Manon/Photos/vendor/laravel/framework/src/Illuminate/Pipeline/Pipeline.php(183): Illuminate\\Foundation\\Http\\Middleware\\TrimStrings->handle(Object(Illuminate\\Http\\Request), Object(Closure))
#37 /Users/Manon/Photos/vendor/laravel/framework/src/Illuminate/Foundation/Http/Middleware/ValidatePostSize.php(27): Illuminate\\Pipeline\\Pipeline->Illuminate\\Pipeline\\{closure}(Object(Illuminate\\Http\\Request))
#38 /Users/Manon/Photos/vendor/laravel/framework/src/Illuminate/Pipeline/Pipeline.php(183): Illuminate\\Foundation\\Http\\Middleware\\ValidatePostSize->handle(Object(Illuminate\\Http\\Request), Object(Closure))
#39 /Users/Manon/Photos/vendor/laravel/framework/src/Illuminate/Foundation/Http/Middleware/PreventRequestsDuringMaintenance.php(99): Illuminate\\Pipeline\\Pipeline->Illuminate\\Pipeline\\{closure}(Object(Illuminate\\Http\\Request))
#40 /Users/Manon/Photos/vendor/laravel/framework/src/Illuminate/Pipeline/Pipeline.php(183): Illuminate\\Foundation\\Http\\Middleware\\PreventRequestsDuringMaintenance->handle(Object(Illuminate\\Http\\Request), Object(Closure))
#41 /Users/Manon/Photos/vendor/laravel/framework/src/Illuminate/Http/Middleware/HandleCors.php(49): Illuminate\\Pipeline\\Pipeline->Illuminate\\Pipeline\\{closure}(Object(Illuminate\\Http\\Request))
#42 /Users/Manon/Photos/vendor/laravel/framework/src/Illuminate/Pipeline/Pipeline.php(183): Illuminate\\Http\\Middleware\\HandleCors->handle(Object(Illuminate\\Http\\Request), Object(Closure))
#43 /Users/Manon/Photos/vendor/laravel/framework/src/Illuminate/Http/Middleware/TrustProxies.php(39): Illuminate\\Pipeline\\Pipeline->Illuminate\\Pipeline\\{closure}(Object(Illuminate\\Http\\Request))
#44 /Users/Manon/Photos/vendor/laravel/framework/src/Illuminate/Pipeline/Pipeline.php(183): Illuminate\\Http\\Middleware\\TrustProxies->handle(Object(Illuminate\\Http\\Request), Object(Closure))
#45 /Users/Manon/Photos/vendor/laravel/framework/src/Illuminate/Pipeline/Pipeline.php(119): Illuminate\\Pipeline\\Pipeline->Illuminate\\Pipeline\\{closure}(Object(Illuminate\\Http\\Request))
#46 /Users/Manon/Photos/vendor/laravel/framework/src/Illuminate/Foundation/Http/Kernel.php(175): Illuminate\\Pipeline\\Pipeline->then(Object(Closure))
#47 /Users/Manon/Photos/vendor/laravel/framework/src/Illuminate/Foundation/Http/Kernel.php(144): Illuminate\\Foundation\\Http\\Kernel->sendRequestThroughRouter(Object(Illuminate\\Http\\Request))
#48 /Users/Manon/Photos/public/index.php(51): Illuminate\\Foundation\\Http\\Kernel->handle(Object(Illuminate\\Http\\Request))
#49 /Users/Manon/Photos/vendor/laravel/framework/src/Illuminate/Foundation/resources/server.php(16): require_once('/Users/Manon/Ph...')
#50 {main}
"} 
[2025-11-04 10:01:46] local.ERROR: SQLSTATE[42S02]: Base table or view not found: 1146 Table 'photos.sessions' doesn't exist (Connection: mysql, SQL: select * from `sessions` where `id` = PelD4KYmcqtvtBgN3qEdcsQu7NaqMTJ4X8MPzGAz limit 1) {"exception":"[object] (Illuminate\\Database\\QueryException(code: 42S02): SQLSTATE[42S02]: Base table or view not found: 1146 Table 'photos.sessions' doesn't exist (Connection: mysql, SQL: select * from `sessions` where `id` = PelD4KYmcqtvtBgN3qEdcsQu7NaqMTJ4X8MPzGAz limit 1) at /Users/Manon/Photos/vendor/laravel/framework/src/Illuminate/Database/Connection.php:829)
[stacktrace]
#0 /Users/Manon/Photos/vendor/laravel/framework/src/Illuminate/Database/Connection.php(783): Illuminate\\Database\\Connection->runQueryCallback('select * from `...', Array, Object(Closure))
#1 /Users/Manon/Photos/vendor/laravel/framework/src/Illuminate/Database/Connection.php(414): Illuminate\\Database\\Connection->run('select * from `...', Array, Object(Closure))
#2 /Users/Manon/Photos/vendor/laravel/framework/src/Illuminate/Database/Query/Builder.php(2913): Illuminate\\Database\\Connection->select('select * from `...', Array, true)
#3 /Users/Manon/Photos/vendor/laravel/framework/src/Illuminate/Database/Query/Builder.php(2902): Illuminate\\Database\\Query\\Builder->runSelect()
#4 /Users/Manon/Photos/vendor/laravel/framework/src/Illuminate/Database/Query/Builder.php(3456): Illuminate\\Database\\Query\\Builder->Illuminate\\Database\\Query\\{closure}()
#5 /Users/Manon/Photos/vendor/laravel/framework/src/Illuminate/Database/Query/Builder.php(2901): Illuminate\\Database\\Query\\Builder->onceWithColumns(Array, Object(Closure))
#6 /Users/Manon/Photos/vendor/laravel/framework/src/Illuminate/Database/Concerns/BuildsQueries.php(333): Illuminate\\Database\\Query\\Builder->get(Array)
#7 /Users/Manon/Photos/vendor/laravel/framework/src/Illuminate/Database/Query/Builder.php(2824): Illuminate\\Database\\Query\\Builder->first(Array)
#8 /Users/Manon/Photos/vendor/laravel/framework/src/Illuminate/Session/DatabaseSessionHandler.php(97): Illuminate\\Database\\Query\\Builder->find('PelD4KYmcqtvtBg...')
#9 /Users/Manon/Photos/vendor/laravel/framework/src/Illuminate/Session/Store.php(113): Illuminate\\Session\\DatabaseSessionHandler->read('PelD4KYmcqtvtBg...')
#10 /Users/Manon/Photos/vendor/laravel/framework/src/Illuminate/Session/Store.php(101): Illuminate\\Session\\Store->readFromHandler()
#11 /Users/Manon/Photos/vendor/laravel/framework/src/Illuminate/Session/Store.php(85): Illuminate\\Session\\Store->loadSession()
#12 /Users/Manon/Photos/vendor/laravel/framework/src/Illuminate/Session/Middleware/StartSession.php(147): Illuminate\\Session\\Store->start()
#13 /Users/Manon/Photos/vendor/laravel/framework/src/Illuminate/Support/helpers.php(320): Illuminate\\Session\\Middleware\\StartSession->Illuminate\\Session\\Middleware\\{closure}(Object(Illuminate\\Session\\Store))
#14 /Users/Manon/Photos/vendor/laravel/framework/src/Illuminate/Session/Middleware/StartSession.php(144): tap(Object(Illuminate\\Session\\Store), Object(Closure))
#15 /Users/Manon/Photos/vendor/laravel/framework/src/Illuminate/Session/Middleware/StartSession.php(116): Illuminate\\Session\\Middleware\\StartSession->startSession(Object(Illuminate\\Http\\Request), Object(Illuminate\\Session\\Store))
#16 /Users/Manon/Photos/vendor/laravel/framework/src/Illuminate/Session/Middleware/StartSession.php(64): Illuminate\\Session\\Middleware\\StartSession->handleStatefulRequest(Object(Illuminate\\Http\\Request), Object(Illuminate\\Session\\Store), Object(Closure))
#17 /Users/Manon/Photos/vendor/laravel/framework/src/Illuminate/Pipeline/Pipeline.php(183): Illuminate\\Session\\Middleware\\StartSession->handle(Object(Illuminate\\Http\\Request), Object(Closure))
#18 /Users/Manon/Photos/vendor/laravel/framework/src/Illuminate/Cookie/Middleware/AddQueuedCookiesToResponse.php(37): Illuminate\\Pipeline\\Pipeline->Illuminate\\Pipeline\\{closure}(Object(Illuminate\\Http\\Request))
#19 /Users/Manon/Photos/vendor/laravel/framework/src/Illuminate/Pipeline/Pipeline.php(183): Illuminate\\Cookie\\Middleware\\AddQueuedCookiesToResponse->handle(Object(Illuminate\\Http\\Request), Object(Closure))
#20 /Users/Manon/Photos/vendor/laravel/framework/src/Illuminate/Cookie/Middleware/EncryptCookies.php(67): Illuminate\\Pipeline\\Pipeline->Illuminate\\Pipeline\\{closure}(Object(Illuminate\\Http\\Request))
#21 /Users/Manon/Photos/vendor/laravel/framework/src/Illuminate/Pipeline/Pipeline.php(183): Illuminate\\Cookie\\Middleware\\EncryptCookies->handle(Object(Illuminate\\Http\\Request), Object(Closure))
#22 /Users/Manon/Photos/vendor/laravel/framework/src/Illuminate/Pipeline/Pipeline.php(119): Illuminate\\Pipeline\\Pipeline->Illuminate\\Pipeline\\{closure}(Object(Illuminate\\Http\\Request))
#23 /Users/Manon/Photos/vendor/laravel/framework/src/Illuminate/Routing/Router.php(805): Illuminate\\Pipeline\\Pipeline->then(Object(Closure))
#24 /Users/Manon/Photos/vendor/laravel/framework/src/Illuminate/Routing/Router.php(784): Illuminate\\Routing\\Router->runRouteWithinStack(Object(Illuminate\\Routing\\Route), Object(Illuminate\\Http\\Request))
#25 /Users/Manon/Photos/vendor/laravel/framework/src/Illuminate/Routing/Router.php(748): Illuminate\\Routing\\Router->runRoute(Object(Illuminate\\Http\\Request), Object(Illuminate\\Routing\\Route))
#26 /Users/Manon/Photos/vendor/laravel/framework/src/Illuminate/Routing/Router.php(737): Illuminate\\Routing\\Router->dispatchToRoute(Object(Illuminate\\Http\\Request))
#27 /Users/Manon/Photos/vendor/laravel/framework/src/Illuminate/Foundation/Http/Kernel.php(200): Illuminate\\Routing\\Router->dispatch(Object(Illuminate\\Http\\Request))
#28 /Users/Manon/Photos/vendor/laravel/framework/src/Illuminate/Pipeline/Pipeline.php(144): Illuminate\\Foundation\\Http\\Kernel->Illuminate\\Foundation\\Http\\{closure}(Object(Illuminate\\Http\\Request))
#29 /Users/Manon/Photos/vendor/laravel/framework/src/Illuminate/Foundation/Http/Middleware/TransformsRequest.php(21): Illuminate\\Pipeline\\Pipeline->Illuminate\\Pipeline\\{closure}(Object(Illuminate\\Http\\Request))
#30 /Users/Manon/Photos/vendor/laravel/framework/src/Illuminate/Foundation/Http/Middleware/ConvertEmptyStringsToNull.php(31): Illuminate\\Foundation\\Http\\Middleware\\TransformsRequest->handle(Object(Illuminate\\Http\\Request), Object(Closure))
#31 /Users/Manon/Photos/vendor/laravel/framework/src/Illuminate/Pipeline/Pipeline.php(183): Illuminate\\Foundation\\Http\\Middleware\\ConvertEmptyStringsToNull->handle(Object(Illuminate\\Http\\Request), Object(Closure))
#32 /Users/Manon/Photos/vendor/laravel/framework/src/Illuminate/Foundation/Http/Middleware/TransformsRequest.php(21): Illuminate\\Pipeline\\Pipeline->Illuminate\\Pipeline\\{closure}(Object(Illuminate\\Http\\Request))
#33 /Users/Manon/Photos/vendor/laravel/framework/src/Illuminate/Foundation/Http/Middleware/TrimStrings.php(40): Illuminate\\Foundation\\Http\\Middleware\\TransformsRequest->handle(Object(Illuminate\\Http\\Request), Object(Closure))
#34 /Users/Manon/Photos/vendor/laravel/framework/src/Illuminate/Pipeline/Pipeline.php(183): Illuminate\\Foundation\\Http\\Middleware\\TrimStrings->handle(Object(Illuminate\\Http\\Request), Object(Closure))
#35 /Users/Manon/Photos/vendor/laravel/framework/src/Illuminate/Foundation/Http/Middleware/ValidatePostSize.php(27): Illuminate\\Pipeline\\Pipeline->Illuminate\\Pipeline\\{closure}(Object(Illuminate\\Http\\Request))
#36 /Users/Manon/Photos/vendor/laravel/framework/src/Illuminate/Pipeline/Pipeline.php(183): Illuminate\\Foundation\\Http\\Middleware\\ValidatePostSize->handle(Object(Illuminate\\Http\\Request), Object(Closure))
#37 /Users/Manon/Photos/vendor/laravel/framework/src/Illuminate/Foundation/Http/Middleware/PreventRequestsDuringMaintenance.php(99): Illuminate\\Pipeline\\Pipeline->Illuminate\\Pipeline\\{closure}(Object(Illuminate\\Http\\Request))
#38 /Users/Manon/Photos/vendor/laravel/framework/src/Illuminate/Pipeline/Pipeline.php(183): Illuminate\\Foundation\\Http\\Middleware\\PreventRequestsDuringMaintenance->handle(Object(Illuminate\\Http\\Request), Object(Closure))
#39 /Users/Manon/Photos/vendor/laravel/framework/src/Illuminate/Http/Middleware/HandleCors.php(49): Illuminate\\Pipeline\\Pipeline->Illuminate\\Pipeline\\{closure}(Object(Illuminate\\Http\\Request))
#40 /Users/Manon/Photos/vendor/laravel/framework/src/Illuminate/Pipeline/Pipeline.php(183): Illuminate\\Http\\Middleware\\HandleCors->handle(Object(Illuminate\\Http\\Request), Object(Closure))
#41 /Users/Manon/Photos/vendor/laravel/framework/src/Illuminate/Http/Middleware/TrustProxies.php(39): Illuminate\\Pipeline\\Pipeline->Illuminate\\Pipeline\\{closure}(Object(Illuminate\\Http\\Request))
#42 /Users/Manon/Photos/vendor/laravel/framework/src/Illuminate/Pipeline/Pipeline.php(183): Illuminate\\Http\\Middleware\\TrustProxies->handle(Object(Illuminate\\Http\\Request), Object(Closure))
#43 /Users/Manon/Photos/vendor/laravel/framework/src/Illuminate/Pipeline/Pipeline.php(119): Illuminate\\Pipeline\\Pipeline->Illuminate\\Pipeline\\{closure}(Object(Illuminate\\Http\\Request))
#44 /Users/Manon/Photos/vendor/laravel/framework/src/Illuminate/Foundation/Http/Kernel.php(175): Illuminate\\Pipeline\\Pipeline->then(Object(Closure))
#45 /Users/Manon/Photos/vendor/laravel/framework/src/Illuminate/Foundation/Http/Kernel.php(144): Illuminate\\Foundation\\Http\\Kernel->sendRequestThroughRouter(Object(Illuminate\\Http\\Request))
#46 /Users/Manon/Photos/public/index.php(51): Illuminate\\Foundation\\Http\\Kernel->handle(Object(Illuminate\\Http\\Request))
#47 /Users/Manon/Photos/vendor/laravel/framework/src/Illuminate/Foundation/resources/server.php(16): require_once('/Users/Manon/Ph...')
#48 {main}

[previous exception] [object] (PDOException(code: 42S02): SQLSTATE[42S02]: Base table or view not found: 1146 Table 'photos.sessions' doesn't exist at /Users/Manon/Photos/vendor/laravel/framework/src/Illuminate/Database/Connection.php:423)
[stacktrace]
#0 /Users/Manon/Photos/vendor/laravel/framework/src/Illuminate/Database/Connection.php(423): PDO->prepare('select * from `...')
#1 /Users/Manon/Photos/vendor/laravel/framework/src/Illuminate/Database/Connection.php(816): Illuminate\\Database\\Connection->Illuminate\\Database\\{closure}('select * from `...', Array)
#2 /Users/Manon/Photos/vendor/laravel/framework/src/Illuminate/Database/Connection.php(783): Illuminate\\Database\\Connection->runQueryCallback('select * from `...', Array, Object(Closure))
#3 /Users/Manon/Photos/vendor/laravel/framework/src/Illuminate/Database/Connection.php(414): Illuminate\\Database\\Connection->run('select * from `...', Array, Object(Closure))
#4 /Users/Manon/Photos/vendor/laravel/framework/src/Illuminate/Database/Query/Builder.php(2913): Illuminate\\Database\\Connection->select('select * from `...', Array, true)
#5 /Users/Manon/Photos/vendor/laravel/framework/src/Illuminate/Database/Query/Builder.php(2902): Illuminate\\Database\\Query\\Builder->runSelect()
#6 /Users/Manon/Photos/vendor/laravel/framework/src/Illuminate/Database/Query/Builder.php(3456): Illuminate\\Database\\Query\\Builder->Illuminate\\Database\\Query\\{closure}()
#7 /Users/Manon/Photos/vendor/laravel/framework/src/Illuminate/Database/Query/Builder.php(2901): Illuminate\\Database\\Query\\Builder->onceWithColumns(Array, Object(Closure))
#8 /Users/Manon/Photos/vendor/laravel/framework/src/Illuminate/Database/Concerns/BuildsQueries.php(333): Illuminate\\Database\\Query\\Builder->get(Array)
#9 /Users/Manon/Photos/vendor/laravel/framework/src/Illuminate/Database/Query/Builder.php(2824): Illuminate\\Database\\Query\\Builder->first(Array)
#10 /Users/Manon/Photos/vendor/laravel/framework/src/Illuminate/Session/DatabaseSessionHandler.php(97): Illuminate\\Database\\Query\\Builder->find('PelD4KYmcqtvtBg...')
#11 /Users/Manon/Photos/vendor/laravel/framework/src/Illuminate/Session/Store.php(113): Illuminate\\Session\\DatabaseSessionHandler->read('PelD4KYmcqtvtBg...')
#12 /Users/Manon/Photos/vendor/laravel/framework/src/Illuminate/Session/Store.php(101): Illuminate\\Session\\Store->readFromHandler()
#13 /Users/Manon/Photos/vendor/laravel/framework/src/Illuminate/Session/Store.php(85): Illuminate\\Session\\Store->loadSession()
#14 /Users/Manon/Photos/vendor/laravel/framework/src/Illuminate/Session/Middleware/StartSession.php(147): Illuminate\\Session\\Store->start()
#15 /Users/Manon/Photos/vendor/laravel/framework/src/Illuminate/Support/helpers.php(320): Illuminate\\Session\\Middleware\\StartSession->Illuminate\\Session\\Middleware\\{closure}(Object(Illuminate\\Session\\Store))
#16 /Users/Manon/Photos/vendor/laravel/framework/src/Illuminate/Session/Middleware/StartSession.php(144): tap(Object(Illuminate\\Session\\Store), Object(Closure))
#17 /Users/Manon/Photos/vendor/laravel/framework/src/Illuminate/Session/Middleware/StartSession.php(116): Illuminate\\Session\\Middleware\\StartSession->startSession(Object(Illuminate\\Http\\Request), Object(Illuminate\\Session\\Store))
#18 /Users/Manon/Photos/vendor/laravel/framework/src/Illuminate/Session/Middleware/StartSession.php(64): Illuminate\\Session\\Middleware\\StartSession->handleStatefulRequest(Object(Illuminate\\Http\\Request), Object(Illuminate\\Session\\Store), Object(Closure))
#19 /Users/Manon/Photos/vendor/laravel/framework/src/Illuminate/Pipeline/Pipeline.php(183): Illuminate\\Session\\Middleware\\StartSession->handle(Object(Illuminate\\Http\\Request), Object(Closure))
#20 /Users/Manon/Photos/vendor/laravel/framework/src/Illuminate/Cookie/Middleware/AddQueuedCookiesToResponse.php(37): Illuminate\\Pipeline\\Pipeline->Illuminate\\Pipeline\\{closure}(Object(Illuminate\\Http\\Request))
#21 /Users/Manon/Photos/vendor/laravel/framework/src/Illuminate/Pipeline/Pipeline.php(183): Illuminate\\Cookie\\Middleware\\AddQueuedCookiesToResponse->handle(Object(Illuminate\\Http\\Request), Object(Closure))
#22 /Users/Manon/Photos/vendor/laravel/framework/src/Illuminate/Cookie/Middleware/EncryptCookies.php(67): Illuminate\\Pipeline\\Pipeline->Illuminate\\Pipeline\\{closure}(Object(Illuminate\\Http\\Request))
#23 /Users/Manon/Photos/vendor/laravel/framework/src/Illuminate/Pipeline/Pipeline.php(183): Illuminate\\Cookie\\Middleware\\EncryptCookies->handle(Object(Illuminate\\Http\\Request), Object(Closure))
#24 /Users/Manon/Photos/vendor/laravel/framework/src/Illuminate/Pipeline/Pipeline.php(119): Illuminate\\Pipeline\\Pipeline->Illuminate\\Pipeline\\{closure}(Object(Illuminate\\Http\\Request))
#25 /Users/Manon/Photos/vendor/laravel/framework/src/Illuminate/Routing/Router.php(805): Illuminate\\Pipeline\\Pipeline->then(Object(Closure))
#26 /Users/Manon/Photos/vendor/laravel/framework/src/Illuminate/Routing/Router.php(784): Illuminate\\Routing\\Router->runRouteWithinStack(Object(Illuminate\\Routing\\Route), Object(Illuminate\\Http\\Request))
#27 /Users/Manon/Photos/vendor/laravel/framework/src/Illuminate/Routing/Router.php(748): Illuminate\\Routing\\Router->runRoute(Object(Illuminate\\Http\\Request), Object(Illuminate\\Routing\\Route))
#28 /Users/Manon/Photos/vendor/laravel/framework/src/Illuminate/Routing/Router.php(737): Illuminate\\Routing\\Router->dispatchToRoute(Object(Illuminate\\Http\\Request))
#29 /Users/Manon/Photos/vendor/laravel/framework/src/Illuminate/Foundation/Http/Kernel.php(200): Illuminate\\Routing\\Router->dispatch(Object(Illuminate\\Http\\Request))
#30 /Users/Manon/Photos/vendor/laravel/framework/src/Illuminate/Pipeline/Pipeline.php(144): Illuminate\\Foundation\\Http\\Kernel->Illuminate\\Foundation\\Http\\{closure}(Object(Illuminate\\Http\\Request))
#31 /Users/Manon/Photos/vendor/laravel/framework/src/Illuminate/Foundation/Http/Middleware/TransformsRequest.php(21): Illuminate\\Pipeline\\Pipeline->Illuminate\\Pipeline\\{closure}(Object(Illuminate\\Http\\Request))
#32 /Users/Manon/Photos/vendor/laravel/framework/src/Illuminate/Foundation/Http/Middleware/ConvertEmptyStringsToNull.php(31): Illuminate\\Foundation\\Http\\Middleware\\TransformsRequest->handle(Object(Illuminate\\Http\\Request), Object(Closure))
#33 /Users/Manon/Photos/vendor/laravel/framework/src/Illuminate/Pipeline/Pipeline.php(183): Illuminate\\Foundation\\Http\\Middleware\\ConvertEmptyStringsToNull->handle(Object(Illuminate\\Http\\Request), Object(Closure))
#34 /Users/Manon/Photos/vendor/laravel/framework/src/Illuminate/Foundation/Http/Middleware/TransformsRequest.php(21): Illuminate\\Pipeline\\Pipeline->Illuminate\\Pipeline\\{closure}(Object(Illuminate\\Http\\Request))
#35 /Users/Manon/Photos/vendor/laravel/framework/src/Illuminate/Foundation/Http/Middleware/TrimStrings.php(40): Illuminate\\Foundation\\Http\\Middleware\\TransformsRequest->handle(Object(Illuminate\\Http\\Request), Object(Closure))
#36 /Users/Manon/Photos/vendor/laravel/framework/src/Illuminate/Pipeline/Pipeline.php(183): Illuminate\\Foundation\\Http\\Middleware\\TrimStrings->handle(Object(Illuminate\\Http\\Request), Object(Closure))
#37 /Users/Manon/Photos/vendor/laravel/framework/src/Illuminate/Foundation/Http/Middleware/ValidatePostSize.php(27): Illuminate\\Pipeline\\Pipeline->Illuminate\\Pipeline\\{closure}(Object(Illuminate\\Http\\Request))
#38 /Users/Manon/Photos/vendor/laravel/framework/src/Illuminate/Pipeline/Pipeline.php(183): Illuminate\\Foundation\\Http\\Middleware\\ValidatePostSize->handle(Object(Illuminate\\Http\\Request), Object(Closure))
#39 /Users/Manon/Photos/vendor/laravel/framework/src/Illuminate/Foundation/Http/Middleware/PreventRequestsDuringMaintenance.php(99): Illuminate\\Pipeline\\Pipeline->Illuminate\\Pipeline\\{closure}(Object(Illuminate\\Http\\Request))
#40 /Users/Manon/Photos/vendor/laravel/framework/src/Illuminate/Pipeline/Pipeline.php(183): Illuminate\\Foundation\\Http\\Middleware\\PreventRequestsDuringMaintenance->handle(Object(Illuminate\\Http\\Request), Object(Closure))
#41 /Users/Manon/Photos/vendor/laravel/framework/src/Illuminate/Http/Middleware/HandleCors.php(49): Illuminate\\Pipeline\\Pipeline->Illuminate\\Pipeline\\{closure}(Object(Illuminate\\Http\\Request))
#42 /Users/Manon/Photos/vendor/laravel/framework/src/Illuminate/Pipeline/Pipeline.php(183): Illuminate\\Http\\Middleware\\HandleCors->handle(Object(Illuminate\\Http\\Request), Object(Closure))
#43 /Users/Manon/Photos/vendor/laravel/framework/src/Illuminate/Http/Middleware/TrustProxies.php(39): Illuminate\\Pipeline\\Pipeline->Illuminate\\Pipeline\\{closure}(Object(Illuminate\\Http\\Request))
#44 /Users/Manon/Photos/vendor/laravel/framework/src/Illuminate/Pipeline/Pipeline.php(183): Illuminate\\Http\\Middleware\\TrustProxies->handle(Object(Illuminate\\Http\\Request), Object(Closure))
#45 /Users/Manon/Photos/vendor/laravel/framework/src/Illuminate/Pipeline/Pipeline.php(119): Illuminate\\Pipeline\\Pipeline->Illuminate\\Pipeline\\{closure}(Object(Illuminate\\Http\\Request))
#46 /Users/Manon/Photos/vendor/laravel/framework/src/Illuminate/Foundation/Http/Kernel.php(175): Illuminate\\Pipeline\\Pipeline->then(Object(Closure))
#47 /Users/Manon/Photos/vendor/laravel/framework/src/Illuminate/Foundation/Http/Kernel.php(144): Illuminate\\Foundation\\Http\\Kernel->sendRequestThroughRouter(Object(Illuminate\\Http\\Request))
#48 /Users/Manon/Photos/public/index.php(51): Illuminate\\Foundation\\Http\\Kernel->handle(Object(Illuminate\\Http\\Request))
#49 /Users/Manon/Photos/vendor/laravel/framework/src/Illuminate/Foundation/resources/server.php(16): require_once('/Users/Manon/Ph...')
#50 {main}
=======
[2025-11-18 09:15:46] production.ERROR: No application encryption key has been specified. {"exception":"[object] (Illuminate\\Encryption\\MissingAppKeyException(code: 0): No application encryption key has been specified. at C:\\Users\\Nathan\\Documents\\Cours\\BUT_2\\Photos\\vendor\\laravel\\framework\\src\\Illuminate\\Encryption\\EncryptionServiceProvider.php:79)
[stacktrace]
#0 C:\\Users\\Nathan\\Documents\\Cours\\BUT_2\\Photos\\vendor\\laravel\\framework\\src\\Illuminate\\Support\\helpers.php(320): Illuminate\\Encryption\\EncryptionServiceProvider->{closure:Illuminate\\Encryption\\EncryptionServiceProvider::key():77}(NULL)
#1 C:\\Users\\Nathan\\Documents\\Cours\\BUT_2\\Photos\\vendor\\laravel\\framework\\src\\Illuminate\\Encryption\\EncryptionServiceProvider.php(77): tap(NULL, Object(Closure))
#2 C:\\Users\\Nathan\\Documents\\Cours\\BUT_2\\Photos\\vendor\\laravel\\framework\\src\\Illuminate\\Encryption\\EncryptionServiceProvider.php(60): Illuminate\\Encryption\\EncryptionServiceProvider->key(Array)
#3 C:\\Users\\Nathan\\Documents\\Cours\\BUT_2\\Photos\\vendor\\laravel\\framework\\src\\Illuminate\\Encryption\\EncryptionServiceProvider.php(32): Illuminate\\Encryption\\EncryptionServiceProvider->parseKey(Array)
#4 C:\\Users\\Nathan\\Documents\\Cours\\BUT_2\\Photos\\vendor\\laravel\\framework\\src\\Illuminate\\Container\\Container.php(908): Illuminate\\Encryption\\EncryptionServiceProvider->{closure:Illuminate\\Encryption\\EncryptionServiceProvider::registerEncrypter():29}(Object(Illuminate\\Foundation\\Application), Array)
#5 C:\\Users\\Nathan\\Documents\\Cours\\BUT_2\\Photos\\vendor\\laravel\\framework\\src\\Illuminate\\Container\\Container.php(795): Illuminate\\Container\\Container->build(Object(Closure))
#6 C:\\Users\\Nathan\\Documents\\Cours\\BUT_2\\Photos\\vendor\\laravel\\framework\\src\\Illuminate\\Foundation\\Application.php(986): Illuminate\\Container\\Container->resolve('encrypter', Array, true)
#7 C:\\Users\\Nathan\\Documents\\Cours\\BUT_2\\Photos\\vendor\\laravel\\framework\\src\\Illuminate\\Container\\Container.php(731): Illuminate\\Foundation\\Application->resolve('encrypter', Array)
#8 C:\\Users\\Nathan\\Documents\\Cours\\BUT_2\\Photos\\vendor\\laravel\\framework\\src\\Illuminate\\Foundation\\Application.php(971): Illuminate\\Container\\Container->make('encrypter', Array)
#9 C:\\Users\\Nathan\\Documents\\Cours\\BUT_2\\Photos\\vendor\\laravel\\framework\\src\\Illuminate\\Container\\Container.php(1066): Illuminate\\Foundation\\Application->make('encrypter')
#10 C:\\Users\\Nathan\\Documents\\Cours\\BUT_2\\Photos\\vendor\\laravel\\framework\\src\\Illuminate\\Container\\Container.php(982): Illuminate\\Container\\Container->resolveClass(Object(ReflectionParameter))
#11 C:\\Users\\Nathan\\Documents\\Cours\\BUT_2\\Photos\\vendor\\laravel\\framework\\src\\Illuminate\\Container\\Container.php(943): Illuminate\\Container\\Container->resolveDependencies(Array)
#12 C:\\Users\\Nathan\\Documents\\Cours\\BUT_2\\Photos\\vendor\\laravel\\framework\\src\\Illuminate\\Container\\Container.php(795): Illuminate\\Container\\Container->build('App\\\\Http\\\\Middle...')
#13 C:\\Users\\Nathan\\Documents\\Cours\\BUT_2\\Photos\\vendor\\laravel\\framework\\src\\Illuminate\\Foundation\\Application.php(986): Illuminate\\Container\\Container->resolve('App\\\\Http\\\\Middle...', Array, true)
#14 C:\\Users\\Nathan\\Documents\\Cours\\BUT_2\\Photos\\vendor\\laravel\\framework\\src\\Illuminate\\Container\\Container.php(731): Illuminate\\Foundation\\Application->resolve('App\\\\Http\\\\Middle...', Array)
#15 C:\\Users\\Nathan\\Documents\\Cours\\BUT_2\\Photos\\vendor\\laravel\\framework\\src\\Illuminate\\Foundation\\Application.php(971): Illuminate\\Container\\Container->make('App\\\\Http\\\\Middle...', Array)
#16 C:\\Users\\Nathan\\Documents\\Cours\\BUT_2\\Photos\\vendor\\laravel\\framework\\src\\Illuminate\\Pipeline\\Pipeline.php(172): Illuminate\\Foundation\\Application->make('App\\\\Http\\\\Middle...')
#17 C:\\Users\\Nathan\\Documents\\Cours\\BUT_2\\Photos\\vendor\\laravel\\framework\\src\\Illuminate\\Pipeline\\Pipeline.php(119): Illuminate\\Pipeline\\Pipeline->{closure:{closure:Illuminate\\Pipeline\\Pipeline::carry():158}:159}(Object(Illuminate\\Http\\Request))
#18 C:\\Users\\Nathan\\Documents\\Cours\\BUT_2\\Photos\\vendor\\laravel\\framework\\src\\Illuminate\\Routing\\Router.php(805): Illuminate\\Pipeline\\Pipeline->then(Object(Closure))
#19 C:\\Users\\Nathan\\Documents\\Cours\\BUT_2\\Photos\\vendor\\laravel\\framework\\src\\Illuminate\\Routing\\Router.php(784): Illuminate\\Routing\\Router->runRouteWithinStack(Object(Illuminate\\Routing\\Route), Object(Illuminate\\Http\\Request))
#20 C:\\Users\\Nathan\\Documents\\Cours\\BUT_2\\Photos\\vendor\\laravel\\framework\\src\\Illuminate\\Routing\\Router.php(748): Illuminate\\Routing\\Router->runRoute(Object(Illuminate\\Http\\Request), Object(Illuminate\\Routing\\Route))
#21 C:\\Users\\Nathan\\Documents\\Cours\\BUT_2\\Photos\\vendor\\laravel\\framework\\src\\Illuminate\\Routing\\Router.php(737): Illuminate\\Routing\\Router->dispatchToRoute(Object(Illuminate\\Http\\Request))
#22 C:\\Users\\Nathan\\Documents\\Cours\\BUT_2\\Photos\\vendor\\laravel\\framework\\src\\Illuminate\\Foundation\\Http\\Kernel.php(200): Illuminate\\Routing\\Router->dispatch(Object(Illuminate\\Http\\Request))
#23 C:\\Users\\Nathan\\Documents\\Cours\\BUT_2\\Photos\\vendor\\laravel\\framework\\src\\Illuminate\\Pipeline\\Pipeline.php(144): Illuminate\\Foundation\\Http\\Kernel->{closure:Illuminate\\Foundation\\Http\\Kernel::dispatchToRouter():197}(Object(Illuminate\\Http\\Request))
#24 C:\\Users\\Nathan\\Documents\\Cours\\BUT_2\\Photos\\vendor\\laravel\\framework\\src\\Illuminate\\Foundation\\Http\\Middleware\\TransformsRequest.php(21): Illuminate\\Pipeline\\Pipeline->{closure:Illuminate\\Pipeline\\Pipeline::prepareDestination():142}(Object(Illuminate\\Http\\Request))
#25 C:\\Users\\Nathan\\Documents\\Cours\\BUT_2\\Photos\\vendor\\laravel\\framework\\src\\Illuminate\\Foundation\\Http\\Middleware\\ConvertEmptyStringsToNull.php(31): Illuminate\\Foundation\\Http\\Middleware\\TransformsRequest->handle(Object(Illuminate\\Http\\Request), Object(Closure))
#26 C:\\Users\\Nathan\\Documents\\Cours\\BUT_2\\Photos\\vendor\\laravel\\framework\\src\\Illuminate\\Pipeline\\Pipeline.php(183): Illuminate\\Foundation\\Http\\Middleware\\ConvertEmptyStringsToNull->handle(Object(Illuminate\\Http\\Request), Object(Closure))
#27 C:\\Users\\Nathan\\Documents\\Cours\\BUT_2\\Photos\\vendor\\laravel\\framework\\src\\Illuminate\\Foundation\\Http\\Middleware\\TransformsRequest.php(21): Illuminate\\Pipeline\\Pipeline->{closure:{closure:Illuminate\\Pipeline\\Pipeline::carry():158}:159}(Object(Illuminate\\Http\\Request))
#28 C:\\Users\\Nathan\\Documents\\Cours\\BUT_2\\Photos\\vendor\\laravel\\framework\\src\\Illuminate\\Foundation\\Http\\Middleware\\TrimStrings.php(40): Illuminate\\Foundation\\Http\\Middleware\\TransformsRequest->handle(Object(Illuminate\\Http\\Request), Object(Closure))
#29 C:\\Users\\Nathan\\Documents\\Cours\\BUT_2\\Photos\\vendor\\laravel\\framework\\src\\Illuminate\\Pipeline\\Pipeline.php(183): Illuminate\\Foundation\\Http\\Middleware\\TrimStrings->handle(Object(Illuminate\\Http\\Request), Object(Closure))
#30 C:\\Users\\Nathan\\Documents\\Cours\\BUT_2\\Photos\\vendor\\laravel\\framework\\src\\Illuminate\\Foundation\\Http\\Middleware\\ValidatePostSize.php(27): Illuminate\\Pipeline\\Pipeline->{closure:{closure:Illuminate\\Pipeline\\Pipeline::carry():158}:159}(Object(Illuminate\\Http\\Request))
#31 C:\\Users\\Nathan\\Documents\\Cours\\BUT_2\\Photos\\vendor\\laravel\\framework\\src\\Illuminate\\Pipeline\\Pipeline.php(183): Illuminate\\Foundation\\Http\\Middleware\\ValidatePostSize->handle(Object(Illuminate\\Http\\Request), Object(Closure))
#32 C:\\Users\\Nathan\\Documents\\Cours\\BUT_2\\Photos\\vendor\\laravel\\framework\\src\\Illuminate\\Foundation\\Http\\Middleware\\PreventRequestsDuringMaintenance.php(99): Illuminate\\Pipeline\\Pipeline->{closure:{closure:Illuminate\\Pipeline\\Pipeline::carry():158}:159}(Object(Illuminate\\Http\\Request))
#33 C:\\Users\\Nathan\\Documents\\Cours\\BUT_2\\Photos\\vendor\\laravel\\framework\\src\\Illuminate\\Pipeline\\Pipeline.php(183): Illuminate\\Foundation\\Http\\Middleware\\PreventRequestsDuringMaintenance->handle(Object(Illuminate\\Http\\Request), Object(Closure))
#34 C:\\Users\\Nathan\\Documents\\Cours\\BUT_2\\Photos\\vendor\\laravel\\framework\\src\\Illuminate\\Http\\Middleware\\HandleCors.php(49): Illuminate\\Pipeline\\Pipeline->{closure:{closure:Illuminate\\Pipeline\\Pipeline::carry():158}:159}(Object(Illuminate\\Http\\Request))
#35 C:\\Users\\Nathan\\Documents\\Cours\\BUT_2\\Photos\\vendor\\laravel\\framework\\src\\Illuminate\\Pipeline\\Pipeline.php(183): Illuminate\\Http\\Middleware\\HandleCors->handle(Object(Illuminate\\Http\\Request), Object(Closure))
#36 C:\\Users\\Nathan\\Documents\\Cours\\BUT_2\\Photos\\vendor\\laravel\\framework\\src\\Illuminate\\Http\\Middleware\\TrustProxies.php(39): Illuminate\\Pipeline\\Pipeline->{closure:{closure:Illuminate\\Pipeline\\Pipeline::carry():158}:159}(Object(Illuminate\\Http\\Request))
#37 C:\\Users\\Nathan\\Documents\\Cours\\BUT_2\\Photos\\vendor\\laravel\\framework\\src\\Illuminate\\Pipeline\\Pipeline.php(183): Illuminate\\Http\\Middleware\\TrustProxies->handle(Object(Illuminate\\Http\\Request), Object(Closure))
#38 C:\\Users\\Nathan\\Documents\\Cours\\BUT_2\\Photos\\vendor\\laravel\\framework\\src\\Illuminate\\Pipeline\\Pipeline.php(119): Illuminate\\Pipeline\\Pipeline->{closure:{closure:Illuminate\\Pipeline\\Pipeline::carry():158}:159}(Object(Illuminate\\Http\\Request))
#39 C:\\Users\\Nathan\\Documents\\Cours\\BUT_2\\Photos\\vendor\\laravel\\framework\\src\\Illuminate\\Foundation\\Http\\Kernel.php(175): Illuminate\\Pipeline\\Pipeline->then(Object(Closure))
#40 C:\\Users\\Nathan\\Documents\\Cours\\BUT_2\\Photos\\vendor\\laravel\\framework\\src\\Illuminate\\Foundation\\Http\\Kernel.php(144): Illuminate\\Foundation\\Http\\Kernel->sendRequestThroughRouter(Object(Illuminate\\Http\\Request))
#41 C:\\Users\\Nathan\\Documents\\Cours\\BUT_2\\Photos\\public\\index.php(51): Illuminate\\Foundation\\Http\\Kernel->handle(Object(Illuminate\\Http\\Request))
#42 C:\\Users\\Nathan\\Documents\\Cours\\BUT_2\\Photos\\vendor\\laravel\\framework\\src\\Illuminate\\Foundation\\resources\\server.php(16): require_once('C:\\\\Users\\\\Nathan...')
#43 {main}
"} 
[2025-11-18 09:15:46] production.ERROR: No application encryption key has been specified. {"exception":"[object] (Illuminate\\Encryption\\MissingAppKeyException(code: 0): No application encryption key has been specified. at C:\\Users\\Nathan\\Documents\\Cours\\BUT_2\\Photos\\vendor\\laravel\\framework\\src\\Illuminate\\Encryption\\EncryptionServiceProvider.php:79)
[stacktrace]
#0 C:\\Users\\Nathan\\Documents\\Cours\\BUT_2\\Photos\\vendor\\laravel\\framework\\src\\Illuminate\\Support\\helpers.php(320): Illuminate\\Encryption\\EncryptionServiceProvider->{closure:Illuminate\\Encryption\\EncryptionServiceProvider::key():77}(NULL)
#1 C:\\Users\\Nathan\\Documents\\Cours\\BUT_2\\Photos\\vendor\\laravel\\framework\\src\\Illuminate\\Encryption\\EncryptionServiceProvider.php(77): tap(NULL, Object(Closure))
#2 C:\\Users\\Nathan\\Documents\\Cours\\BUT_2\\Photos\\vendor\\laravel\\framework\\src\\Illuminate\\Encryption\\EncryptionServiceProvider.php(60): Illuminate\\Encryption\\EncryptionServiceProvider->key(Array)
#3 C:\\Users\\Nathan\\Documents\\Cours\\BUT_2\\Photos\\vendor\\laravel\\framework\\src\\Illuminate\\Encryption\\EncryptionServiceProvider.php(32): Illuminate\\Encryption\\EncryptionServiceProvider->parseKey(Array)
#4 C:\\Users\\Nathan\\Documents\\Cours\\BUT_2\\Photos\\vendor\\laravel\\framework\\src\\Illuminate\\Container\\Container.php(908): Illuminate\\Encryption\\EncryptionServiceProvider->{closure:Illuminate\\Encryption\\EncryptionServiceProvider::registerEncrypter():29}(Object(Illuminate\\Foundation\\Application), Array)
#5 C:\\Users\\Nathan\\Documents\\Cours\\BUT_2\\Photos\\vendor\\laravel\\framework\\src\\Illuminate\\Container\\Container.php(795): Illuminate\\Container\\Container->build(Object(Closure))
#6 C:\\Users\\Nathan\\Documents\\Cours\\BUT_2\\Photos\\vendor\\laravel\\framework\\src\\Illuminate\\Foundation\\Application.php(986): Illuminate\\Container\\Container->resolve('encrypter', Array, true)
#7 C:\\Users\\Nathan\\Documents\\Cours\\BUT_2\\Photos\\vendor\\laravel\\framework\\src\\Illuminate\\Container\\Container.php(731): Illuminate\\Foundation\\Application->resolve('encrypter', Array)
#8 C:\\Users\\Nathan\\Documents\\Cours\\BUT_2\\Photos\\vendor\\laravel\\framework\\src\\Illuminate\\Foundation\\Application.php(971): Illuminate\\Container\\Container->make('encrypter', Array)
#9 C:\\Users\\Nathan\\Documents\\Cours\\BUT_2\\Photos\\vendor\\laravel\\framework\\src\\Illuminate\\Container\\Container.php(1066): Illuminate\\Foundation\\Application->make('encrypter')
#10 C:\\Users\\Nathan\\Documents\\Cours\\BUT_2\\Photos\\vendor\\laravel\\framework\\src\\Illuminate\\Container\\Container.php(982): Illuminate\\Container\\Container->resolveClass(Object(ReflectionParameter))
#11 C:\\Users\\Nathan\\Documents\\Cours\\BUT_2\\Photos\\vendor\\laravel\\framework\\src\\Illuminate\\Container\\Container.php(943): Illuminate\\Container\\Container->resolveDependencies(Array)
#12 C:\\Users\\Nathan\\Documents\\Cours\\BUT_2\\Photos\\vendor\\laravel\\framework\\src\\Illuminate\\Container\\Container.php(795): Illuminate\\Container\\Container->build('App\\\\Http\\\\Middle...')
#13 C:\\Users\\Nathan\\Documents\\Cours\\BUT_2\\Photos\\vendor\\laravel\\framework\\src\\Illuminate\\Foundation\\Application.php(986): Illuminate\\Container\\Container->resolve('App\\\\Http\\\\Middle...', Array, true)
#14 C:\\Users\\Nathan\\Documents\\Cours\\BUT_2\\Photos\\vendor\\laravel\\framework\\src\\Illuminate\\Container\\Container.php(731): Illuminate\\Foundation\\Application->resolve('App\\\\Http\\\\Middle...', Array)
#15 C:\\Users\\Nathan\\Documents\\Cours\\BUT_2\\Photos\\vendor\\laravel\\framework\\src\\Illuminate\\Foundation\\Application.php(971): Illuminate\\Container\\Container->make('App\\\\Http\\\\Middle...', Array)
#16 C:\\Users\\Nathan\\Documents\\Cours\\BUT_2\\Photos\\vendor\\laravel\\framework\\src\\Illuminate\\Foundation\\Http\\Kernel.php(255): Illuminate\\Foundation\\Application->make('App\\\\Http\\\\Middle...')
#17 C:\\Users\\Nathan\\Documents\\Cours\\BUT_2\\Photos\\vendor\\laravel\\framework\\src\\Illuminate\\Foundation\\Http\\Kernel.php(213): Illuminate\\Foundation\\Http\\Kernel->terminateMiddleware(Object(Illuminate\\Http\\Request), Object(Illuminate\\Http\\Response))
#18 C:\\Users\\Nathan\\Documents\\Cours\\BUT_2\\Photos\\public\\index.php(55): Illuminate\\Foundation\\Http\\Kernel->terminate(Object(Illuminate\\Http\\Request), Object(Illuminate\\Http\\Response))
#19 C:\\Users\\Nathan\\Documents\\Cours\\BUT_2\\Photos\\vendor\\laravel\\framework\\src\\Illuminate\\Foundation\\resources\\server.php(16): require_once('C:\\\\Users\\\\Nathan...')
#20 {main}
"} 
[2025-11-18 09:15:48] production.ERROR: No application encryption key has been specified. {"exception":"[object] (Illuminate\\Encryption\\MissingAppKeyException(code: 0): No application encryption key has been specified. at C:\\Users\\Nathan\\Documents\\Cours\\BUT_2\\Photos\\vendor\\laravel\\framework\\src\\Illuminate\\Encryption\\EncryptionServiceProvider.php:79)
[stacktrace]
#0 C:\\Users\\Nathan\\Documents\\Cours\\BUT_2\\Photos\\vendor\\laravel\\framework\\src\\Illuminate\\Support\\helpers.php(320): Illuminate\\Encryption\\EncryptionServiceProvider->{closure:Illuminate\\Encryption\\EncryptionServiceProvider::key():77}(NULL)
#1 C:\\Users\\Nathan\\Documents\\Cours\\BUT_2\\Photos\\vendor\\laravel\\framework\\src\\Illuminate\\Encryption\\EncryptionServiceProvider.php(77): tap(NULL, Object(Closure))
#2 C:\\Users\\Nathan\\Documents\\Cours\\BUT_2\\Photos\\vendor\\laravel\\framework\\src\\Illuminate\\Encryption\\EncryptionServiceProvider.php(60): Illuminate\\Encryption\\EncryptionServiceProvider->key(Array)
#3 C:\\Users\\Nathan\\Documents\\Cours\\BUT_2\\Photos\\vendor\\laravel\\framework\\src\\Illuminate\\Encryption\\EncryptionServiceProvider.php(32): Illuminate\\Encryption\\EncryptionServiceProvider->parseKey(Array)
#4 C:\\Users\\Nathan\\Documents\\Cours\\BUT_2\\Photos\\vendor\\laravel\\framework\\src\\Illuminate\\Container\\Container.php(908): Illuminate\\Encryption\\EncryptionServiceProvider->{closure:Illuminate\\Encryption\\EncryptionServiceProvider::registerEncrypter():29}(Object(Illuminate\\Foundation\\Application), Array)
#5 C:\\Users\\Nathan\\Documents\\Cours\\BUT_2\\Photos\\vendor\\laravel\\framework\\src\\Illuminate\\Container\\Container.php(795): Illuminate\\Container\\Container->build(Object(Closure))
#6 C:\\Users\\Nathan\\Documents\\Cours\\BUT_2\\Photos\\vendor\\laravel\\framework\\src\\Illuminate\\Foundation\\Application.php(986): Illuminate\\Container\\Container->resolve('encrypter', Array, true)
#7 C:\\Users\\Nathan\\Documents\\Cours\\BUT_2\\Photos\\vendor\\laravel\\framework\\src\\Illuminate\\Container\\Container.php(731): Illuminate\\Foundation\\Application->resolve('encrypter', Array)
#8 C:\\Users\\Nathan\\Documents\\Cours\\BUT_2\\Photos\\vendor\\laravel\\framework\\src\\Illuminate\\Foundation\\Application.php(971): Illuminate\\Container\\Container->make('encrypter', Array)
#9 C:\\Users\\Nathan\\Documents\\Cours\\BUT_2\\Photos\\vendor\\laravel\\framework\\src\\Illuminate\\Container\\Container.php(1066): Illuminate\\Foundation\\Application->make('encrypter')
#10 C:\\Users\\Nathan\\Documents\\Cours\\BUT_2\\Photos\\vendor\\laravel\\framework\\src\\Illuminate\\Container\\Container.php(982): Illuminate\\Container\\Container->resolveClass(Object(ReflectionParameter))
#11 C:\\Users\\Nathan\\Documents\\Cours\\BUT_2\\Photos\\vendor\\laravel\\framework\\src\\Illuminate\\Container\\Container.php(943): Illuminate\\Container\\Container->resolveDependencies(Array)
#12 C:\\Users\\Nathan\\Documents\\Cours\\BUT_2\\Photos\\vendor\\laravel\\framework\\src\\Illuminate\\Container\\Container.php(795): Illuminate\\Container\\Container->build('App\\\\Http\\\\Middle...')
#13 C:\\Users\\Nathan\\Documents\\Cours\\BUT_2\\Photos\\vendor\\laravel\\framework\\src\\Illuminate\\Foundation\\Application.php(986): Illuminate\\Container\\Container->resolve('App\\\\Http\\\\Middle...', Array, true)
#14 C:\\Users\\Nathan\\Documents\\Cours\\BUT_2\\Photos\\vendor\\laravel\\framework\\src\\Illuminate\\Container\\Container.php(731): Illuminate\\Foundation\\Application->resolve('App\\\\Http\\\\Middle...', Array)
#15 C:\\Users\\Nathan\\Documents\\Cours\\BUT_2\\Photos\\vendor\\laravel\\framework\\src\\Illuminate\\Foundation\\Application.php(971): Illuminate\\Container\\Container->make('App\\\\Http\\\\Middle...', Array)
#16 C:\\Users\\Nathan\\Documents\\Cours\\BUT_2\\Photos\\vendor\\laravel\\framework\\src\\Illuminate\\Pipeline\\Pipeline.php(172): Illuminate\\Foundation\\Application->make('App\\\\Http\\\\Middle...')
#17 C:\\Users\\Nathan\\Documents\\Cours\\BUT_2\\Photos\\vendor\\laravel\\framework\\src\\Illuminate\\Pipeline\\Pipeline.php(119): Illuminate\\Pipeline\\Pipeline->{closure:{closure:Illuminate\\Pipeline\\Pipeline::carry():158}:159}(Object(Illuminate\\Http\\Request))
#18 C:\\Users\\Nathan\\Documents\\Cours\\BUT_2\\Photos\\vendor\\laravel\\framework\\src\\Illuminate\\Routing\\Router.php(805): Illuminate\\Pipeline\\Pipeline->then(Object(Closure))
#19 C:\\Users\\Nathan\\Documents\\Cours\\BUT_2\\Photos\\vendor\\laravel\\framework\\src\\Illuminate\\Routing\\Router.php(784): Illuminate\\Routing\\Router->runRouteWithinStack(Object(Illuminate\\Routing\\Route), Object(Illuminate\\Http\\Request))
#20 C:\\Users\\Nathan\\Documents\\Cours\\BUT_2\\Photos\\vendor\\laravel\\framework\\src\\Illuminate\\Routing\\Router.php(748): Illuminate\\Routing\\Router->runRoute(Object(Illuminate\\Http\\Request), Object(Illuminate\\Routing\\Route))
#21 C:\\Users\\Nathan\\Documents\\Cours\\BUT_2\\Photos\\vendor\\laravel\\framework\\src\\Illuminate\\Routing\\Router.php(737): Illuminate\\Routing\\Router->dispatchToRoute(Object(Illuminate\\Http\\Request))
#22 C:\\Users\\Nathan\\Documents\\Cours\\BUT_2\\Photos\\vendor\\laravel\\framework\\src\\Illuminate\\Foundation\\Http\\Kernel.php(200): Illuminate\\Routing\\Router->dispatch(Object(Illuminate\\Http\\Request))
#23 C:\\Users\\Nathan\\Documents\\Cours\\BUT_2\\Photos\\vendor\\laravel\\framework\\src\\Illuminate\\Pipeline\\Pipeline.php(144): Illuminate\\Foundation\\Http\\Kernel->{closure:Illuminate\\Foundation\\Http\\Kernel::dispatchToRouter():197}(Object(Illuminate\\Http\\Request))
#24 C:\\Users\\Nathan\\Documents\\Cours\\BUT_2\\Photos\\vendor\\laravel\\framework\\src\\Illuminate\\Foundation\\Http\\Middleware\\TransformsRequest.php(21): Illuminate\\Pipeline\\Pipeline->{closure:Illuminate\\Pipeline\\Pipeline::prepareDestination():142}(Object(Illuminate\\Http\\Request))
#25 C:\\Users\\Nathan\\Documents\\Cours\\BUT_2\\Photos\\vendor\\laravel\\framework\\src\\Illuminate\\Foundation\\Http\\Middleware\\ConvertEmptyStringsToNull.php(31): Illuminate\\Foundation\\Http\\Middleware\\TransformsRequest->handle(Object(Illuminate\\Http\\Request), Object(Closure))
#26 C:\\Users\\Nathan\\Documents\\Cours\\BUT_2\\Photos\\vendor\\laravel\\framework\\src\\Illuminate\\Pipeline\\Pipeline.php(183): Illuminate\\Foundation\\Http\\Middleware\\ConvertEmptyStringsToNull->handle(Object(Illuminate\\Http\\Request), Object(Closure))
#27 C:\\Users\\Nathan\\Documents\\Cours\\BUT_2\\Photos\\vendor\\laravel\\framework\\src\\Illuminate\\Foundation\\Http\\Middleware\\TransformsRequest.php(21): Illuminate\\Pipeline\\Pipeline->{closure:{closure:Illuminate\\Pipeline\\Pipeline::carry():158}:159}(Object(Illuminate\\Http\\Request))
#28 C:\\Users\\Nathan\\Documents\\Cours\\BUT_2\\Photos\\vendor\\laravel\\framework\\src\\Illuminate\\Foundation\\Http\\Middleware\\TrimStrings.php(40): Illuminate\\Foundation\\Http\\Middleware\\TransformsRequest->handle(Object(Illuminate\\Http\\Request), Object(Closure))
#29 C:\\Users\\Nathan\\Documents\\Cours\\BUT_2\\Photos\\vendor\\laravel\\framework\\src\\Illuminate\\Pipeline\\Pipeline.php(183): Illuminate\\Foundation\\Http\\Middleware\\TrimStrings->handle(Object(Illuminate\\Http\\Request), Object(Closure))
#30 C:\\Users\\Nathan\\Documents\\Cours\\BUT_2\\Photos\\vendor\\laravel\\framework\\src\\Illuminate\\Foundation\\Http\\Middleware\\ValidatePostSize.php(27): Illuminate\\Pipeline\\Pipeline->{closure:{closure:Illuminate\\Pipeline\\Pipeline::carry():158}:159}(Object(Illuminate\\Http\\Request))
#31 C:\\Users\\Nathan\\Documents\\Cours\\BUT_2\\Photos\\vendor\\laravel\\framework\\src\\Illuminate\\Pipeline\\Pipeline.php(183): Illuminate\\Foundation\\Http\\Middleware\\ValidatePostSize->handle(Object(Illuminate\\Http\\Request), Object(Closure))
#32 C:\\Users\\Nathan\\Documents\\Cours\\BUT_2\\Photos\\vendor\\laravel\\framework\\src\\Illuminate\\Foundation\\Http\\Middleware\\PreventRequestsDuringMaintenance.php(99): Illuminate\\Pipeline\\Pipeline->{closure:{closure:Illuminate\\Pipeline\\Pipeline::carry():158}:159}(Object(Illuminate\\Http\\Request))
#33 C:\\Users\\Nathan\\Documents\\Cours\\BUT_2\\Photos\\vendor\\laravel\\framework\\src\\Illuminate\\Pipeline\\Pipeline.php(183): Illuminate\\Foundation\\Http\\Middleware\\PreventRequestsDuringMaintenance->handle(Object(Illuminate\\Http\\Request), Object(Closure))
#34 C:\\Users\\Nathan\\Documents\\Cours\\BUT_2\\Photos\\vendor\\laravel\\framework\\src\\Illuminate\\Http\\Middleware\\HandleCors.php(49): Illuminate\\Pipeline\\Pipeline->{closure:{closure:Illuminate\\Pipeline\\Pipeline::carry():158}:159}(Object(Illuminate\\Http\\Request))
#35 C:\\Users\\Nathan\\Documents\\Cours\\BUT_2\\Photos\\vendor\\laravel\\framework\\src\\Illuminate\\Pipeline\\Pipeline.php(183): Illuminate\\Http\\Middleware\\HandleCors->handle(Object(Illuminate\\Http\\Request), Object(Closure))
#36 C:\\Users\\Nathan\\Documents\\Cours\\BUT_2\\Photos\\vendor\\laravel\\framework\\src\\Illuminate\\Http\\Middleware\\TrustProxies.php(39): Illuminate\\Pipeline\\Pipeline->{closure:{closure:Illuminate\\Pipeline\\Pipeline::carry():158}:159}(Object(Illuminate\\Http\\Request))
#37 C:\\Users\\Nathan\\Documents\\Cours\\BUT_2\\Photos\\vendor\\laravel\\framework\\src\\Illuminate\\Pipeline\\Pipeline.php(183): Illuminate\\Http\\Middleware\\TrustProxies->handle(Object(Illuminate\\Http\\Request), Object(Closure))
#38 C:\\Users\\Nathan\\Documents\\Cours\\BUT_2\\Photos\\vendor\\laravel\\framework\\src\\Illuminate\\Pipeline\\Pipeline.php(119): Illuminate\\Pipeline\\Pipeline->{closure:{closure:Illuminate\\Pipeline\\Pipeline::carry():158}:159}(Object(Illuminate\\Http\\Request))
#39 C:\\Users\\Nathan\\Documents\\Cours\\BUT_2\\Photos\\vendor\\laravel\\framework\\src\\Illuminate\\Foundation\\Http\\Kernel.php(175): Illuminate\\Pipeline\\Pipeline->then(Object(Closure))
#40 C:\\Users\\Nathan\\Documents\\Cours\\BUT_2\\Photos\\vendor\\laravel\\framework\\src\\Illuminate\\Foundation\\Http\\Kernel.php(144): Illuminate\\Foundation\\Http\\Kernel->sendRequestThroughRouter(Object(Illuminate\\Http\\Request))
#41 C:\\Users\\Nathan\\Documents\\Cours\\BUT_2\\Photos\\public\\index.php(51): Illuminate\\Foundation\\Http\\Kernel->handle(Object(Illuminate\\Http\\Request))
#42 C:\\Users\\Nathan\\Documents\\Cours\\BUT_2\\Photos\\vendor\\laravel\\framework\\src\\Illuminate\\Foundation\\resources\\server.php(16): require_once('C:\\\\Users\\\\Nathan...')
#43 {main}
"} 
[2025-11-18 09:15:48] production.ERROR: No application encryption key has been specified. {"exception":"[object] (Illuminate\\Encryption\\MissingAppKeyException(code: 0): No application encryption key has been specified. at C:\\Users\\Nathan\\Documents\\Cours\\BUT_2\\Photos\\vendor\\laravel\\framework\\src\\Illuminate\\Encryption\\EncryptionServiceProvider.php:79)
[stacktrace]
#0 C:\\Users\\Nathan\\Documents\\Cours\\BUT_2\\Photos\\vendor\\laravel\\framework\\src\\Illuminate\\Support\\helpers.php(320): Illuminate\\Encryption\\EncryptionServiceProvider->{closure:Illuminate\\Encryption\\EncryptionServiceProvider::key():77}(NULL)
#1 C:\\Users\\Nathan\\Documents\\Cours\\BUT_2\\Photos\\vendor\\laravel\\framework\\src\\Illuminate\\Encryption\\EncryptionServiceProvider.php(77): tap(NULL, Object(Closure))
#2 C:\\Users\\Nathan\\Documents\\Cours\\BUT_2\\Photos\\vendor\\laravel\\framework\\src\\Illuminate\\Encryption\\EncryptionServiceProvider.php(60): Illuminate\\Encryption\\EncryptionServiceProvider->key(Array)
#3 C:\\Users\\Nathan\\Documents\\Cours\\BUT_2\\Photos\\vendor\\laravel\\framework\\src\\Illuminate\\Encryption\\EncryptionServiceProvider.php(32): Illuminate\\Encryption\\EncryptionServiceProvider->parseKey(Array)
#4 C:\\Users\\Nathan\\Documents\\Cours\\BUT_2\\Photos\\vendor\\laravel\\framework\\src\\Illuminate\\Container\\Container.php(908): Illuminate\\Encryption\\EncryptionServiceProvider->{closure:Illuminate\\Encryption\\EncryptionServiceProvider::registerEncrypter():29}(Object(Illuminate\\Foundation\\Application), Array)
#5 C:\\Users\\Nathan\\Documents\\Cours\\BUT_2\\Photos\\vendor\\laravel\\framework\\src\\Illuminate\\Container\\Container.php(795): Illuminate\\Container\\Container->build(Object(Closure))
#6 C:\\Users\\Nathan\\Documents\\Cours\\BUT_2\\Photos\\vendor\\laravel\\framework\\src\\Illuminate\\Foundation\\Application.php(986): Illuminate\\Container\\Container->resolve('encrypter', Array, true)
#7 C:\\Users\\Nathan\\Documents\\Cours\\BUT_2\\Photos\\vendor\\laravel\\framework\\src\\Illuminate\\Container\\Container.php(731): Illuminate\\Foundation\\Application->resolve('encrypter', Array)
#8 C:\\Users\\Nathan\\Documents\\Cours\\BUT_2\\Photos\\vendor\\laravel\\framework\\src\\Illuminate\\Foundation\\Application.php(971): Illuminate\\Container\\Container->make('encrypter', Array)
#9 C:\\Users\\Nathan\\Documents\\Cours\\BUT_2\\Photos\\vendor\\laravel\\framework\\src\\Illuminate\\Container\\Container.php(1066): Illuminate\\Foundation\\Application->make('encrypter')
#10 C:\\Users\\Nathan\\Documents\\Cours\\BUT_2\\Photos\\vendor\\laravel\\framework\\src\\Illuminate\\Container\\Container.php(982): Illuminate\\Container\\Container->resolveClass(Object(ReflectionParameter))
#11 C:\\Users\\Nathan\\Documents\\Cours\\BUT_2\\Photos\\vendor\\laravel\\framework\\src\\Illuminate\\Container\\Container.php(943): Illuminate\\Container\\Container->resolveDependencies(Array)
#12 C:\\Users\\Nathan\\Documents\\Cours\\BUT_2\\Photos\\vendor\\laravel\\framework\\src\\Illuminate\\Container\\Container.php(795): Illuminate\\Container\\Container->build('App\\\\Http\\\\Middle...')
#13 C:\\Users\\Nathan\\Documents\\Cours\\BUT_2\\Photos\\vendor\\laravel\\framework\\src\\Illuminate\\Foundation\\Application.php(986): Illuminate\\Container\\Container->resolve('App\\\\Http\\\\Middle...', Array, true)
#14 C:\\Users\\Nathan\\Documents\\Cours\\BUT_2\\Photos\\vendor\\laravel\\framework\\src\\Illuminate\\Container\\Container.php(731): Illuminate\\Foundation\\Application->resolve('App\\\\Http\\\\Middle...', Array)
#15 C:\\Users\\Nathan\\Documents\\Cours\\BUT_2\\Photos\\vendor\\laravel\\framework\\src\\Illuminate\\Foundation\\Application.php(971): Illuminate\\Container\\Container->make('App\\\\Http\\\\Middle...', Array)
#16 C:\\Users\\Nathan\\Documents\\Cours\\BUT_2\\Photos\\vendor\\laravel\\framework\\src\\Illuminate\\Foundation\\Http\\Kernel.php(255): Illuminate\\Foundation\\Application->make('App\\\\Http\\\\Middle...')
#17 C:\\Users\\Nathan\\Documents\\Cours\\BUT_2\\Photos\\vendor\\laravel\\framework\\src\\Illuminate\\Foundation\\Http\\Kernel.php(213): Illuminate\\Foundation\\Http\\Kernel->terminateMiddleware(Object(Illuminate\\Http\\Request), Object(Illuminate\\Http\\Response))
#18 C:\\Users\\Nathan\\Documents\\Cours\\BUT_2\\Photos\\public\\index.php(55): Illuminate\\Foundation\\Http\\Kernel->terminate(Object(Illuminate\\Http\\Request), Object(Illuminate\\Http\\Response))
#19 C:\\Users\\Nathan\\Documents\\Cours\\BUT_2\\Photos\\vendor\\laravel\\framework\\src\\Illuminate\\Foundation\\resources\\server.php(16): require_once('C:\\\\Users\\\\Nathan...')
#20 {main}
>>>>>>> b824f254916c94d906306e40ef39553b0daf8ce3
"} 
<<<<<<< HEAD
[2025-11-18 09:34:30] local.ERROR: SQLSTATE[HY000] [1049] Unknown database 'photos' (Connection: mysql, SQL: select table_name as `name`, (data_length + index_length) as `size`, table_comment as `comment`, engine as `engine`, table_collation as `collation` from information_schema.tables where table_schema = 'photos' and table_type in ('BASE TABLE', 'SYSTEM VERSIONED') order by table_name) {"exception":"[object] (Illuminate\\Database\\QueryException(code: 1049): SQLSTATE[HY000] [1049] Unknown database 'photos' (Connection: mysql, SQL: select table_name as `name`, (data_length + index_length) as `size`, table_comment as `comment`, engine as `engine`, table_collation as `collation` from information_schema.tables where table_schema = 'photos' and table_type in ('BASE TABLE', 'SYSTEM VERSIONED') order by table_name) at /Users/clemtitine/Desktop/Cours/MMI2/S3_P2/Photos/vendor/laravel/framework/src/Illuminate/Database/Connection.php:829)
[stacktrace]
#0 /Users/clemtitine/Desktop/Cours/MMI2/S3_P2/Photos/vendor/laravel/framework/src/Illuminate/Database/Connection.php(783): Illuminate\\Database\\Connection->runQueryCallback('select table_na...', Array, Object(Closure))
#1 /Users/clemtitine/Desktop/Cours/MMI2/S3_P2/Photos/vendor/laravel/framework/src/Illuminate/Database/Connection.php(414): Illuminate\\Database\\Connection->run('select table_na...', Array, Object(Closure))
#2 /Users/clemtitine/Desktop/Cours/MMI2/S3_P2/Photos/vendor/laravel/framework/src/Illuminate/Database/Connection.php(401): Illuminate\\Database\\Connection->select('select table_na...', Array, false)
#3 /Users/clemtitine/Desktop/Cours/MMI2/S3_P2/Photos/vendor/laravel/framework/src/Illuminate/Database/Schema/MySqlBuilder.php(41): Illuminate\\Database\\Connection->selectFromWriteConnection('select table_na...')
#4 /Users/clemtitine/Desktop/Cours/MMI2/S3_P2/Photos/vendor/laravel/framework/src/Illuminate/Database/Schema/MySqlBuilder.php(147): Illuminate\\Database\\Schema\\MySqlBuilder->getTables()
#5 /Users/clemtitine/Desktop/Cours/MMI2/S3_P2/Photos/vendor/laravel/framework/src/Illuminate/Database/Console/WipeCommand.php(71): Illuminate\\Database\\Schema\\MySqlBuilder->dropAllTables()
#6 /Users/clemtitine/Desktop/Cours/MMI2/S3_P2/Photos/vendor/laravel/framework/src/Illuminate/Database/Console/WipeCommand.php(48): Illuminate\\Database\\Console\\WipeCommand->dropAllTables(NULL)
#7 /Users/clemtitine/Desktop/Cours/MMI2/S3_P2/Photos/vendor/laravel/framework/src/Illuminate/Container/BoundMethod.php(36): Illuminate\\Database\\Console\\WipeCommand->handle()
#8 /Users/clemtitine/Desktop/Cours/MMI2/S3_P2/Photos/vendor/laravel/framework/src/Illuminate/Container/Util.php(41): Illuminate\\Container\\BoundMethod::Illuminate\\Container\\{closure}()
#9 /Users/clemtitine/Desktop/Cours/MMI2/S3_P2/Photos/vendor/laravel/framework/src/Illuminate/Container/BoundMethod.php(93): Illuminate\\Container\\Util::unwrapIfClosure(Object(Closure))
#10 /Users/clemtitine/Desktop/Cours/MMI2/S3_P2/Photos/vendor/laravel/framework/src/Illuminate/Container/BoundMethod.php(35): Illuminate\\Container\\BoundMethod::callBoundMethod(Object(Illuminate\\Foundation\\Application), Array, Object(Closure))
#11 /Users/clemtitine/Desktop/Cours/MMI2/S3_P2/Photos/vendor/laravel/framework/src/Illuminate/Container/Container.php(662): Illuminate\\Container\\BoundMethod::call(Object(Illuminate\\Foundation\\Application), Array, Array, NULL)
#12 /Users/clemtitine/Desktop/Cours/MMI2/S3_P2/Photos/vendor/laravel/framework/src/Illuminate/Console/Command.php(211): Illuminate\\Container\\Container->call(Array)
#13 /Users/clemtitine/Desktop/Cours/MMI2/S3_P2/Photos/vendor/symfony/console/Command/Command.php(326): Illuminate\\Console\\Command->execute(Object(Symfony\\Component\\Console\\Input\\ArrayInput), Object(Illuminate\\Console\\OutputStyle))
#14 /Users/clemtitine/Desktop/Cours/MMI2/S3_P2/Photos/vendor/laravel/framework/src/Illuminate/Console/Command.php(180): Symfony\\Component\\Console\\Command\\Command->run(Object(Symfony\\Component\\Console\\Input\\ArrayInput), Object(Illuminate\\Console\\OutputStyle))
#15 /Users/clemtitine/Desktop/Cours/MMI2/S3_P2/Photos/vendor/laravel/framework/src/Illuminate/Console/Concerns/CallsCommands.php(67): Illuminate\\Console\\Command->run(Object(Symfony\\Component\\Console\\Input\\ArrayInput), Object(Symfony\\Component\\Console\\Output\\NullOutput))
#16 /Users/clemtitine/Desktop/Cours/MMI2/S3_P2/Photos/vendor/laravel/framework/src/Illuminate/Console/Concerns/CallsCommands.php(40): Illuminate\\Console\\Command->runCommand('db:wipe', Array, Object(Symfony\\Component\\Console\\Output\\NullOutput))
#17 /Users/clemtitine/Desktop/Cours/MMI2/S3_P2/Photos/vendor/laravel/framework/src/Illuminate/Database/Console/Migrations/FreshCommand.php(44): Illuminate\\Console\\Command->callSilent('db:wipe', Array)
#18 /Users/clemtitine/Desktop/Cours/MMI2/S3_P2/Photos/vendor/laravel/framework/src/Illuminate/Console/View/Components/Task.php(37): Illuminate\\Database\\Console\\Migrations\\FreshCommand->Illuminate\\Database\\Console\\Migrations\\{closure}()
#19 /Users/clemtitine/Desktop/Cours/MMI2/S3_P2/Photos/vendor/laravel/framework/src/Illuminate/Console/View/Components/Factory.php(58): Illuminate\\Console\\View\\Components\\Task->render('Dropping all ta...', Object(Closure))
#20 /Users/clemtitine/Desktop/Cours/MMI2/S3_P2/Photos/vendor/laravel/framework/src/Illuminate/Database/Console/Migrations/FreshCommand.php(44): Illuminate\\Console\\View\\Components\\Factory->__call('task', Array)
#21 /Users/clemtitine/Desktop/Cours/MMI2/S3_P2/Photos/vendor/laravel/framework/src/Illuminate/Container/BoundMethod.php(36): Illuminate\\Database\\Console\\Migrations\\FreshCommand->handle()
#22 /Users/clemtitine/Desktop/Cours/MMI2/S3_P2/Photos/vendor/laravel/framework/src/Illuminate/Container/Util.php(41): Illuminate\\Container\\BoundMethod::Illuminate\\Container\\{closure}()
#23 /Users/clemtitine/Desktop/Cours/MMI2/S3_P2/Photos/vendor/laravel/framework/src/Illuminate/Container/BoundMethod.php(93): Illuminate\\Container\\Util::unwrapIfClosure(Object(Closure))
#24 /Users/clemtitine/Desktop/Cours/MMI2/S3_P2/Photos/vendor/laravel/framework/src/Illuminate/Container/BoundMethod.php(35): Illuminate\\Container\\BoundMethod::callBoundMethod(Object(Illuminate\\Foundation\\Application), Array, Object(Closure))
#25 /Users/clemtitine/Desktop/Cours/MMI2/S3_P2/Photos/vendor/laravel/framework/src/Illuminate/Container/Container.php(662): Illuminate\\Container\\BoundMethod::call(Object(Illuminate\\Foundation\\Application), Array, Array, NULL)
#26 /Users/clemtitine/Desktop/Cours/MMI2/S3_P2/Photos/vendor/laravel/framework/src/Illuminate/Console/Command.php(211): Illuminate\\Container\\Container->call(Array)
#27 /Users/clemtitine/Desktop/Cours/MMI2/S3_P2/Photos/vendor/symfony/console/Command/Command.php(326): Illuminate\\Console\\Command->execute(Object(Symfony\\Component\\Console\\Input\\ArgvInput), Object(Illuminate\\Console\\OutputStyle))
#28 /Users/clemtitine/Desktop/Cours/MMI2/S3_P2/Photos/vendor/laravel/framework/src/Illuminate/Console/Command.php(180): Symfony\\Component\\Console\\Command\\Command->run(Object(Symfony\\Component\\Console\\Input\\ArgvInput), Object(Illuminate\\Console\\OutputStyle))
#29 /Users/clemtitine/Desktop/Cours/MMI2/S3_P2/Photos/vendor/symfony/console/Application.php(1088): Illuminate\\Console\\Command->run(Object(Symfony\\Component\\Console\\Input\\ArgvInput), Object(Symfony\\Component\\Console\\Output\\ConsoleOutput))
#30 /Users/clemtitine/Desktop/Cours/MMI2/S3_P2/Photos/vendor/symfony/console/Application.php(324): Symfony\\Component\\Console\\Application->doRunCommand(Object(Illuminate\\Database\\Console\\Migrations\\FreshCommand), Object(Symfony\\Component\\Console\\Input\\ArgvInput), Object(Symfony\\Component\\Console\\Output\\ConsoleOutput))
#31 /Users/clemtitine/Desktop/Cours/MMI2/S3_P2/Photos/vendor/symfony/console/Application.php(175): Symfony\\Component\\Console\\Application->doRun(Object(Symfony\\Component\\Console\\Input\\ArgvInput), Object(Symfony\\Component\\Console\\Output\\ConsoleOutput))
#32 /Users/clemtitine/Desktop/Cours/MMI2/S3_P2/Photos/vendor/laravel/framework/src/Illuminate/Foundation/Console/Kernel.php(201): Symfony\\Component\\Console\\Application->run(Object(Symfony\\Component\\Console\\Input\\ArgvInput), Object(Symfony\\Component\\Console\\Output\\ConsoleOutput))
#33 /Users/clemtitine/Desktop/Cours/MMI2/S3_P2/Photos/artisan(35): Illuminate\\Foundation\\Console\\Kernel->handle(Object(Symfony\\Component\\Console\\Input\\ArgvInput), Object(Symfony\\Component\\Console\\Output\\ConsoleOutput))
#34 {main}

[previous exception] [object] (PDOException(code: 1049): SQLSTATE[HY000] [1049] Unknown database 'photos' at /Users/clemtitine/Desktop/Cours/MMI2/S3_P2/Photos/vendor/laravel/framework/src/Illuminate/Database/Connectors/Connector.php:65)
[stacktrace]
#0 /Users/clemtitine/Desktop/Cours/MMI2/S3_P2/Photos/vendor/laravel/framework/src/Illuminate/Database/Connectors/Connector.php(65): PDO->__construct('mysql:host=127....', 'root', Object(SensitiveParameterValue), Array)
#1 /Users/clemtitine/Desktop/Cours/MMI2/S3_P2/Photos/vendor/laravel/framework/src/Illuminate/Database/Connectors/Connector.php(44): Illuminate\\Database\\Connectors\\Connector->createPdoConnection('mysql:host=127....', 'root', 'root', Array)
#2 /Users/clemtitine/Desktop/Cours/MMI2/S3_P2/Photos/vendor/laravel/framework/src/Illuminate/Database/Connectors/MySqlConnector.php(24): Illuminate\\Database\\Connectors\\Connector->createConnection('mysql:host=127....', Array, Array)
#3 /Users/clemtitine/Desktop/Cours/MMI2/S3_P2/Photos/vendor/laravel/framework/src/Illuminate/Database/Connectors/ConnectionFactory.php(184): Illuminate\\Database\\Connectors\\MySqlConnector->connect(Array)
#4 [internal function]: Illuminate\\Database\\Connectors\\ConnectionFactory->Illuminate\\Database\\Connectors\\{closure}()
#5 /Users/clemtitine/Desktop/Cours/MMI2/S3_P2/Photos/vendor/laravel/framework/src/Illuminate/Database/Connection.php(1339): call_user_func(Object(Closure))
#6 /Users/clemtitine/Desktop/Cours/MMI2/S3_P2/Photos/vendor/laravel/framework/src/Illuminate/Database/Connection.php(528): Illuminate\\Database\\Connection->getPdo()
#7 /Users/clemtitine/Desktop/Cours/MMI2/S3_P2/Photos/vendor/laravel/framework/src/Illuminate/Database/Connection.php(423): Illuminate\\Database\\Connection->getPdoForSelect(false)
#8 /Users/clemtitine/Desktop/Cours/MMI2/S3_P2/Photos/vendor/laravel/framework/src/Illuminate/Database/Connection.php(816): Illuminate\\Database\\Connection->Illuminate\\Database\\{closure}('select table_na...', Array)
#9 /Users/clemtitine/Desktop/Cours/MMI2/S3_P2/Photos/vendor/laravel/framework/src/Illuminate/Database/Connection.php(783): Illuminate\\Database\\Connection->runQueryCallback('select table_na...', Array, Object(Closure))
#10 /Users/clemtitine/Desktop/Cours/MMI2/S3_P2/Photos/vendor/laravel/framework/src/Illuminate/Database/Connection.php(414): Illuminate\\Database\\Connection->run('select table_na...', Array, Object(Closure))
#11 /Users/clemtitine/Desktop/Cours/MMI2/S3_P2/Photos/vendor/laravel/framework/src/Illuminate/Database/Connection.php(401): Illuminate\\Database\\Connection->select('select table_na...', Array, false)
#12 /Users/clemtitine/Desktop/Cours/MMI2/S3_P2/Photos/vendor/laravel/framework/src/Illuminate/Database/Schema/MySqlBuilder.php(41): Illuminate\\Database\\Connection->selectFromWriteConnection('select table_na...')
#13 /Users/clemtitine/Desktop/Cours/MMI2/S3_P2/Photos/vendor/laravel/framework/src/Illuminate/Database/Schema/MySqlBuilder.php(147): Illuminate\\Database\\Schema\\MySqlBuilder->getTables()
#14 /Users/clemtitine/Desktop/Cours/MMI2/S3_P2/Photos/vendor/laravel/framework/src/Illuminate/Database/Console/WipeCommand.php(71): Illuminate\\Database\\Schema\\MySqlBuilder->dropAllTables()
#15 /Users/clemtitine/Desktop/Cours/MMI2/S3_P2/Photos/vendor/laravel/framework/src/Illuminate/Database/Console/WipeCommand.php(48): Illuminate\\Database\\Console\\WipeCommand->dropAllTables(NULL)
#16 /Users/clemtitine/Desktop/Cours/MMI2/S3_P2/Photos/vendor/laravel/framework/src/Illuminate/Container/BoundMethod.php(36): Illuminate\\Database\\Console\\WipeCommand->handle()
#17 /Users/clemtitine/Desktop/Cours/MMI2/S3_P2/Photos/vendor/laravel/framework/src/Illuminate/Container/Util.php(41): Illuminate\\Container\\BoundMethod::Illuminate\\Container\\{closure}()
#18 /Users/clemtitine/Desktop/Cours/MMI2/S3_P2/Photos/vendor/laravel/framework/src/Illuminate/Container/BoundMethod.php(93): Illuminate\\Container\\Util::unwrapIfClosure(Object(Closure))
#19 /Users/clemtitine/Desktop/Cours/MMI2/S3_P2/Photos/vendor/laravel/framework/src/Illuminate/Container/BoundMethod.php(35): Illuminate\\Container\\BoundMethod::callBoundMethod(Object(Illuminate\\Foundation\\Application), Array, Object(Closure))
#20 /Users/clemtitine/Desktop/Cours/MMI2/S3_P2/Photos/vendor/laravel/framework/src/Illuminate/Container/Container.php(662): Illuminate\\Container\\BoundMethod::call(Object(Illuminate\\Foundation\\Application), Array, Array, NULL)
#21 /Users/clemtitine/Desktop/Cours/MMI2/S3_P2/Photos/vendor/laravel/framework/src/Illuminate/Console/Command.php(211): Illuminate\\Container\\Container->call(Array)
#22 /Users/clemtitine/Desktop/Cours/MMI2/S3_P2/Photos/vendor/symfony/console/Command/Command.php(326): Illuminate\\Console\\Command->execute(Object(Symfony\\Component\\Console\\Input\\ArrayInput), Object(Illuminate\\Console\\OutputStyle))
#23 /Users/clemtitine/Desktop/Cours/MMI2/S3_P2/Photos/vendor/laravel/framework/src/Illuminate/Console/Command.php(180): Symfony\\Component\\Console\\Command\\Command->run(Object(Symfony\\Component\\Console\\Input\\ArrayInput), Object(Illuminate\\Console\\OutputStyle))
#24 /Users/clemtitine/Desktop/Cours/MMI2/S3_P2/Photos/vendor/laravel/framework/src/Illuminate/Console/Concerns/CallsCommands.php(67): Illuminate\\Console\\Command->run(Object(Symfony\\Component\\Console\\Input\\ArrayInput), Object(Symfony\\Component\\Console\\Output\\NullOutput))
#25 /Users/clemtitine/Desktop/Cours/MMI2/S3_P2/Photos/vendor/laravel/framework/src/Illuminate/Console/Concerns/CallsCommands.php(40): Illuminate\\Console\\Command->runCommand('db:wipe', Array, Object(Symfony\\Component\\Console\\Output\\NullOutput))
#26 /Users/clemtitine/Desktop/Cours/MMI2/S3_P2/Photos/vendor/laravel/framework/src/Illuminate/Database/Console/Migrations/FreshCommand.php(44): Illuminate\\Console\\Command->callSilent('db:wipe', Array)
#27 /Users/clemtitine/Desktop/Cours/MMI2/S3_P2/Photos/vendor/laravel/framework/src/Illuminate/Console/View/Components/Task.php(37): Illuminate\\Database\\Console\\Migrations\\FreshCommand->Illuminate\\Database\\Console\\Migrations\\{closure}()
#28 /Users/clemtitine/Desktop/Cours/MMI2/S3_P2/Photos/vendor/laravel/framework/src/Illuminate/Console/View/Components/Factory.php(58): Illuminate\\Console\\View\\Components\\Task->render('Dropping all ta...', Object(Closure))
#29 /Users/clemtitine/Desktop/Cours/MMI2/S3_P2/Photos/vendor/laravel/framework/src/Illuminate/Database/Console/Migrations/FreshCommand.php(44): Illuminate\\Console\\View\\Components\\Factory->__call('task', Array)
#30 /Users/clemtitine/Desktop/Cours/MMI2/S3_P2/Photos/vendor/laravel/framework/src/Illuminate/Container/BoundMethod.php(36): Illuminate\\Database\\Console\\Migrations\\FreshCommand->handle()
#31 /Users/clemtitine/Desktop/Cours/MMI2/S3_P2/Photos/vendor/laravel/framework/src/Illuminate/Container/Util.php(41): Illuminate\\Container\\BoundMethod::Illuminate\\Container\\{closure}()
#32 /Users/clemtitine/Desktop/Cours/MMI2/S3_P2/Photos/vendor/laravel/framework/src/Illuminate/Container/BoundMethod.php(93): Illuminate\\Container\\Util::unwrapIfClosure(Object(Closure))
#33 /Users/clemtitine/Desktop/Cours/MMI2/S3_P2/Photos/vendor/laravel/framework/src/Illuminate/Container/BoundMethod.php(35): Illuminate\\Container\\BoundMethod::callBoundMethod(Object(Illuminate\\Foundation\\Application), Array, Object(Closure))
#34 /Users/clemtitine/Desktop/Cours/MMI2/S3_P2/Photos/vendor/laravel/framework/src/Illuminate/Container/Container.php(662): Illuminate\\Container\\BoundMethod::call(Object(Illuminate\\Foundation\\Application), Array, Array, NULL)
#35 /Users/clemtitine/Desktop/Cours/MMI2/S3_P2/Photos/vendor/laravel/framework/src/Illuminate/Console/Command.php(211): Illuminate\\Container\\Container->call(Array)
#36 /Users/clemtitine/Desktop/Cours/MMI2/S3_P2/Photos/vendor/symfony/console/Command/Command.php(326): Illuminate\\Console\\Command->execute(Object(Symfony\\Component\\Console\\Input\\ArgvInput), Object(Illuminate\\Console\\OutputStyle))
#37 /Users/clemtitine/Desktop/Cours/MMI2/S3_P2/Photos/vendor/laravel/framework/src/Illuminate/Console/Command.php(180): Symfony\\Component\\Console\\Command\\Command->run(Object(Symfony\\Component\\Console\\Input\\ArgvInput), Object(Illuminate\\Console\\OutputStyle))
#38 /Users/clemtitine/Desktop/Cours/MMI2/S3_P2/Photos/vendor/symfony/console/Application.php(1088): Illuminate\\Console\\Command->run(Object(Symfony\\Component\\Console\\Input\\ArgvInput), Object(Symfony\\Component\\Console\\Output\\ConsoleOutput))
#39 /Users/clemtitine/Desktop/Cours/MMI2/S3_P2/Photos/vendor/symfony/console/Application.php(324): Symfony\\Component\\Console\\Application->doRunCommand(Object(Illuminate\\Database\\Console\\Migrations\\FreshCommand), Object(Symfony\\Component\\Console\\Input\\ArgvInput), Object(Symfony\\Component\\Console\\Output\\ConsoleOutput))
#40 /Users/clemtitine/Desktop/Cours/MMI2/S3_P2/Photos/vendor/symfony/console/Application.php(175): Symfony\\Component\\Console\\Application->doRun(Object(Symfony\\Component\\Console\\Input\\ArgvInput), Object(Symfony\\Component\\Console\\Output\\ConsoleOutput))
#41 /Users/clemtitine/Desktop/Cours/MMI2/S3_P2/Photos/vendor/laravel/framework/src/Illuminate/Foundation/Console/Kernel.php(201): Symfony\\Component\\Console\\Application->run(Object(Symfony\\Component\\Console\\Input\\ArgvInput), Object(Symfony\\Component\\Console\\Output\\ConsoleOutput))
#42 /Users/clemtitine/Desktop/Cours/MMI2/S3_P2/Photos/artisan(35): Illuminate\\Foundation\\Console\\Kernel->handle(Object(Symfony\\Component\\Console\\Input\\ArgvInput), Object(Symfony\\Component\\Console\\Output\\ConsoleOutput))
#43 {main}
=======
<<<<<<< HEAD
[2025-11-18 09:39:57] local.ERROR: Target class [FirstController] does not exist. {"exception":"[object] (Illuminate\\Contracts\\Container\\BindingResolutionException(code: 0): Target class [FirstController] does not exist. at C:\\Users\\Nathan\\Documents\\Cours\\BUT_2\\Photos\\vendor\\laravel\\framework\\src\\Illuminate\\Container\\Container.php:914)
[stacktrace]
#0 C:\\Users\\Nathan\\Documents\\Cours\\BUT_2\\Photos\\vendor\\laravel\\framework\\src\\Illuminate\\Container\\Container.php(795): Illuminate\\Container\\Container->build('FirstController')
#1 C:\\Users\\Nathan\\Documents\\Cours\\BUT_2\\Photos\\vendor\\laravel\\framework\\src\\Illuminate\\Foundation\\Application.php(986): Illuminate\\Container\\Container->resolve('FirstController', Array, true)
#2 C:\\Users\\Nathan\\Documents\\Cours\\BUT_2\\Photos\\vendor\\laravel\\framework\\src\\Illuminate\\Container\\Container.php(731): Illuminate\\Foundation\\Application->resolve('FirstController', Array)
#3 C:\\Users\\Nathan\\Documents\\Cours\\BUT_2\\Photos\\vendor\\laravel\\framework\\src\\Illuminate\\Foundation\\Application.php(971): Illuminate\\Container\\Container->make('FirstController', Array)
#4 C:\\Users\\Nathan\\Documents\\Cours\\BUT_2\\Photos\\vendor\\laravel\\framework\\src\\Illuminate\\Routing\\Route.php(278): Illuminate\\Foundation\\Application->make('FirstController')
#5 C:\\Users\\Nathan\\Documents\\Cours\\BUT_2\\Photos\\vendor\\laravel\\framework\\src\\Illuminate\\Routing\\Route.php(260): Illuminate\\Routing\\Route->getController()
#6 C:\\Users\\Nathan\\Documents\\Cours\\BUT_2\\Photos\\vendor\\laravel\\framework\\src\\Illuminate\\Routing\\Route.php(205): Illuminate\\Routing\\Route->runController()
#7 C:\\Users\\Nathan\\Documents\\Cours\\BUT_2\\Photos\\vendor\\laravel\\framework\\src\\Illuminate\\Routing\\Router.php(806): Illuminate\\Routing\\Route->run()
#8 C:\\Users\\Nathan\\Documents\\Cours\\BUT_2\\Photos\\vendor\\laravel\\framework\\src\\Illuminate\\Pipeline\\Pipeline.php(144): Illuminate\\Routing\\Router->{closure:Illuminate\\Routing\\Router::runRouteWithinStack():805}(Object(Illuminate\\Http\\Request))
#9 C:\\Users\\Nathan\\Documents\\Cours\\BUT_2\\Photos\\vendor\\laravel\\framework\\src\\Illuminate\\Routing\\Middleware\\SubstituteBindings.php(50): Illuminate\\Pipeline\\Pipeline->{closure:Illuminate\\Pipeline\\Pipeline::prepareDestination():142}(Object(Illuminate\\Http\\Request))
#10 C:\\Users\\Nathan\\Documents\\Cours\\BUT_2\\Photos\\vendor\\laravel\\framework\\src\\Illuminate\\Pipeline\\Pipeline.php(183): Illuminate\\Routing\\Middleware\\SubstituteBindings->handle(Object(Illuminate\\Http\\Request), Object(Closure))
#11 C:\\Users\\Nathan\\Documents\\Cours\\BUT_2\\Photos\\vendor\\laravel\\framework\\src\\Illuminate\\Foundation\\Http\\Middleware\\VerifyCsrfToken.php(78): Illuminate\\Pipeline\\Pipeline->{closure:{closure:Illuminate\\Pipeline\\Pipeline::carry():158}:159}(Object(Illuminate\\Http\\Request))
#12 C:\\Users\\Nathan\\Documents\\Cours\\BUT_2\\Photos\\vendor\\laravel\\framework\\src\\Illuminate\\Pipeline\\Pipeline.php(183): Illuminate\\Foundation\\Http\\Middleware\\VerifyCsrfToken->handle(Object(Illuminate\\Http\\Request), Object(Closure))
#13 C:\\Users\\Nathan\\Documents\\Cours\\BUT_2\\Photos\\vendor\\laravel\\framework\\src\\Illuminate\\View\\Middleware\\ShareErrorsFromSession.php(49): Illuminate\\Pipeline\\Pipeline->{closure:{closure:Illuminate\\Pipeline\\Pipeline::carry():158}:159}(Object(Illuminate\\Http\\Request))
#14 C:\\Users\\Nathan\\Documents\\Cours\\BUT_2\\Photos\\vendor\\laravel\\framework\\src\\Illuminate\\Pipeline\\Pipeline.php(183): Illuminate\\View\\Middleware\\ShareErrorsFromSession->handle(Object(Illuminate\\Http\\Request), Object(Closure))
#15 C:\\Users\\Nathan\\Documents\\Cours\\BUT_2\\Photos\\vendor\\laravel\\framework\\src\\Illuminate\\Session\\Middleware\\StartSession.php(121): Illuminate\\Pipeline\\Pipeline->{closure:{closure:Illuminate\\Pipeline\\Pipeline::carry():158}:159}(Object(Illuminate\\Http\\Request))
#16 C:\\Users\\Nathan\\Documents\\Cours\\BUT_2\\Photos\\vendor\\laravel\\framework\\src\\Illuminate\\Session\\Middleware\\StartSession.php(64): Illuminate\\Session\\Middleware\\StartSession->handleStatefulRequest(Object(Illuminate\\Http\\Request), Object(Illuminate\\Session\\Store), Object(Closure))
#17 C:\\Users\\Nathan\\Documents\\Cours\\BUT_2\\Photos\\vendor\\laravel\\framework\\src\\Illuminate\\Pipeline\\Pipeline.php(183): Illuminate\\Session\\Middleware\\StartSession->handle(Object(Illuminate\\Http\\Request), Object(Closure))
#18 C:\\Users\\Nathan\\Documents\\Cours\\BUT_2\\Photos\\vendor\\laravel\\framework\\src\\Illuminate\\Cookie\\Middleware\\AddQueuedCookiesToResponse.php(37): Illuminate\\Pipeline\\Pipeline->{closure:{closure:Illuminate\\Pipeline\\Pipeline::carry():158}:159}(Object(Illuminate\\Http\\Request))
#19 C:\\Users\\Nathan\\Documents\\Cours\\BUT_2\\Photos\\vendor\\laravel\\framework\\src\\Illuminate\\Pipeline\\Pipeline.php(183): Illuminate\\Cookie\\Middleware\\AddQueuedCookiesToResponse->handle(Object(Illuminate\\Http\\Request), Object(Closure))
#20 C:\\Users\\Nathan\\Documents\\Cours\\BUT_2\\Photos\\vendor\\laravel\\framework\\src\\Illuminate\\Cookie\\Middleware\\EncryptCookies.php(67): Illuminate\\Pipeline\\Pipeline->{closure:{closure:Illuminate\\Pipeline\\Pipeline::carry():158}:159}(Object(Illuminate\\Http\\Request))
#21 C:\\Users\\Nathan\\Documents\\Cours\\BUT_2\\Photos\\vendor\\laravel\\framework\\src\\Illuminate\\Pipeline\\Pipeline.php(183): Illuminate\\Cookie\\Middleware\\EncryptCookies->handle(Object(Illuminate\\Http\\Request), Object(Closure))
#22 C:\\Users\\Nathan\\Documents\\Cours\\BUT_2\\Photos\\vendor\\laravel\\framework\\src\\Illuminate\\Pipeline\\Pipeline.php(119): Illuminate\\Pipeline\\Pipeline->{closure:{closure:Illuminate\\Pipeline\\Pipeline::carry():158}:159}(Object(Illuminate\\Http\\Request))
#23 C:\\Users\\Nathan\\Documents\\Cours\\BUT_2\\Photos\\vendor\\laravel\\framework\\src\\Illuminate\\Routing\\Router.php(805): Illuminate\\Pipeline\\Pipeline->then(Object(Closure))
#24 C:\\Users\\Nathan\\Documents\\Cours\\BUT_2\\Photos\\vendor\\laravel\\framework\\src\\Illuminate\\Routing\\Router.php(784): Illuminate\\Routing\\Router->runRouteWithinStack(Object(Illuminate\\Routing\\Route), Object(Illuminate\\Http\\Request))
#25 C:\\Users\\Nathan\\Documents\\Cours\\BUT_2\\Photos\\vendor\\laravel\\framework\\src\\Illuminate\\Routing\\Router.php(748): Illuminate\\Routing\\Router->runRoute(Object(Illuminate\\Http\\Request), Object(Illuminate\\Routing\\Route))
#26 C:\\Users\\Nathan\\Documents\\Cours\\BUT_2\\Photos\\vendor\\laravel\\framework\\src\\Illuminate\\Routing\\Router.php(737): Illuminate\\Routing\\Router->dispatchToRoute(Object(Illuminate\\Http\\Request))
#27 C:\\Users\\Nathan\\Documents\\Cours\\BUT_2\\Photos\\vendor\\laravel\\framework\\src\\Illuminate\\Foundation\\Http\\Kernel.php(200): Illuminate\\Routing\\Router->dispatch(Object(Illuminate\\Http\\Request))
#28 C:\\Users\\Nathan\\Documents\\Cours\\BUT_2\\Photos\\vendor\\laravel\\framework\\src\\Illuminate\\Pipeline\\Pipeline.php(144): Illuminate\\Foundation\\Http\\Kernel->{closure:Illuminate\\Foundation\\Http\\Kernel::dispatchToRouter():197}(Object(Illuminate\\Http\\Request))
#29 C:\\Users\\Nathan\\Documents\\Cours\\BUT_2\\Photos\\vendor\\laravel\\framework\\src\\Illuminate\\Foundation\\Http\\Middleware\\TransformsRequest.php(21): Illuminate\\Pipeline\\Pipeline->{closure:Illuminate\\Pipeline\\Pipeline::prepareDestination():142}(Object(Illuminate\\Http\\Request))
#30 C:\\Users\\Nathan\\Documents\\Cours\\BUT_2\\Photos\\vendor\\laravel\\framework\\src\\Illuminate\\Foundation\\Http\\Middleware\\ConvertEmptyStringsToNull.php(31): Illuminate\\Foundation\\Http\\Middleware\\TransformsRequest->handle(Object(Illuminate\\Http\\Request), Object(Closure))
#31 C:\\Users\\Nathan\\Documents\\Cours\\BUT_2\\Photos\\vendor\\laravel\\framework\\src\\Illuminate\\Pipeline\\Pipeline.php(183): Illuminate\\Foundation\\Http\\Middleware\\ConvertEmptyStringsToNull->handle(Object(Illuminate\\Http\\Request), Object(Closure))
#32 C:\\Users\\Nathan\\Documents\\Cours\\BUT_2\\Photos\\vendor\\laravel\\framework\\src\\Illuminate\\Foundation\\Http\\Middleware\\TransformsRequest.php(21): Illuminate\\Pipeline\\Pipeline->{closure:{closure:Illuminate\\Pipeline\\Pipeline::carry():158}:159}(Object(Illuminate\\Http\\Request))
#33 C:\\Users\\Nathan\\Documents\\Cours\\BUT_2\\Photos\\vendor\\laravel\\framework\\src\\Illuminate\\Foundation\\Http\\Middleware\\TrimStrings.php(40): Illuminate\\Foundation\\Http\\Middleware\\TransformsRequest->handle(Object(Illuminate\\Http\\Request), Object(Closure))
#34 C:\\Users\\Nathan\\Documents\\Cours\\BUT_2\\Photos\\vendor\\laravel\\framework\\src\\Illuminate\\Pipeline\\Pipeline.php(183): Illuminate\\Foundation\\Http\\Middleware\\TrimStrings->handle(Object(Illuminate\\Http\\Request), Object(Closure))
#35 C:\\Users\\Nathan\\Documents\\Cours\\BUT_2\\Photos\\vendor\\laravel\\framework\\src\\Illuminate\\Foundation\\Http\\Middleware\\ValidatePostSize.php(27): Illuminate\\Pipeline\\Pipeline->{closure:{closure:Illuminate\\Pipeline\\Pipeline::carry():158}:159}(Object(Illuminate\\Http\\Request))
#36 C:\\Users\\Nathan\\Documents\\Cours\\BUT_2\\Photos\\vendor\\laravel\\framework\\src\\Illuminate\\Pipeline\\Pipeline.php(183): Illuminate\\Foundation\\Http\\Middleware\\ValidatePostSize->handle(Object(Illuminate\\Http\\Request), Object(Closure))
#37 C:\\Users\\Nathan\\Documents\\Cours\\BUT_2\\Photos\\vendor\\laravel\\framework\\src\\Illuminate\\Foundation\\Http\\Middleware\\PreventRequestsDuringMaintenance.php(99): Illuminate\\Pipeline\\Pipeline->{closure:{closure:Illuminate\\Pipeline\\Pipeline::carry():158}:159}(Object(Illuminate\\Http\\Request))
#38 C:\\Users\\Nathan\\Documents\\Cours\\BUT_2\\Photos\\vendor\\laravel\\framework\\src\\Illuminate\\Pipeline\\Pipeline.php(183): Illuminate\\Foundation\\Http\\Middleware\\PreventRequestsDuringMaintenance->handle(Object(Illuminate\\Http\\Request), Object(Closure))
#39 C:\\Users\\Nathan\\Documents\\Cours\\BUT_2\\Photos\\vendor\\laravel\\framework\\src\\Illuminate\\Http\\Middleware\\HandleCors.php(49): Illuminate\\Pipeline\\Pipeline->{closure:{closure:Illuminate\\Pipeline\\Pipeline::carry():158}:159}(Object(Illuminate\\Http\\Request))
#40 C:\\Users\\Nathan\\Documents\\Cours\\BUT_2\\Photos\\vendor\\laravel\\framework\\src\\Illuminate\\Pipeline\\Pipeline.php(183): Illuminate\\Http\\Middleware\\HandleCors->handle(Object(Illuminate\\Http\\Request), Object(Closure))
#41 C:\\Users\\Nathan\\Documents\\Cours\\BUT_2\\Photos\\vendor\\laravel\\framework\\src\\Illuminate\\Http\\Middleware\\TrustProxies.php(39): Illuminate\\Pipeline\\Pipeline->{closure:{closure:Illuminate\\Pipeline\\Pipeline::carry():158}:159}(Object(Illuminate\\Http\\Request))
#42 C:\\Users\\Nathan\\Documents\\Cours\\BUT_2\\Photos\\vendor\\laravel\\framework\\src\\Illuminate\\Pipeline\\Pipeline.php(183): Illuminate\\Http\\Middleware\\TrustProxies->handle(Object(Illuminate\\Http\\Request), Object(Closure))
#43 C:\\Users\\Nathan\\Documents\\Cours\\BUT_2\\Photos\\vendor\\laravel\\framework\\src\\Illuminate\\Pipeline\\Pipeline.php(119): Illuminate\\Pipeline\\Pipeline->{closure:{closure:Illuminate\\Pipeline\\Pipeline::carry():158}:159}(Object(Illuminate\\Http\\Request))
#44 C:\\Users\\Nathan\\Documents\\Cours\\BUT_2\\Photos\\vendor\\laravel\\framework\\src\\Illuminate\\Foundation\\Http\\Kernel.php(175): Illuminate\\Pipeline\\Pipeline->then(Object(Closure))
#45 C:\\Users\\Nathan\\Documents\\Cours\\BUT_2\\Photos\\vendor\\laravel\\framework\\src\\Illuminate\\Foundation\\Http\\Kernel.php(144): Illuminate\\Foundation\\Http\\Kernel->sendRequestThroughRouter(Object(Illuminate\\Http\\Request))
#46 C:\\Users\\Nathan\\Documents\\Cours\\BUT_2\\Photos\\public\\index.php(51): Illuminate\\Foundation\\Http\\Kernel->handle(Object(Illuminate\\Http\\Request))
#47 C:\\Users\\Nathan\\Documents\\Cours\\BUT_2\\Photos\\vendor\\laravel\\framework\\src\\Illuminate\\Foundation\\resources\\server.php(16): require_once('C:\\\\Users\\\\Nathan...')
#48 {main}

[previous exception] [object] (ReflectionException(code: -1): Class \"FirstController\" does not exist at C:\\Users\\Nathan\\Documents\\Cours\\BUT_2\\Photos\\vendor\\laravel\\framework\\src\\Illuminate\\Container\\Container.php:912)
[stacktrace]
#0 C:\\Users\\Nathan\\Documents\\Cours\\BUT_2\\Photos\\vendor\\laravel\\framework\\src\\Illuminate\\Container\\Container.php(912): ReflectionClass->__construct('FirstController')
#1 C:\\Users\\Nathan\\Documents\\Cours\\BUT_2\\Photos\\vendor\\laravel\\framework\\src\\Illuminate\\Container\\Container.php(795): Illuminate\\Container\\Container->build('FirstController')
#2 C:\\Users\\Nathan\\Documents\\Cours\\BUT_2\\Photos\\vendor\\laravel\\framework\\src\\Illuminate\\Foundation\\Application.php(986): Illuminate\\Container\\Container->resolve('FirstController', Array, true)
#3 C:\\Users\\Nathan\\Documents\\Cours\\BUT_2\\Photos\\vendor\\laravel\\framework\\src\\Illuminate\\Container\\Container.php(731): Illuminate\\Foundation\\Application->resolve('FirstController', Array)
#4 C:\\Users\\Nathan\\Documents\\Cours\\BUT_2\\Photos\\vendor\\laravel\\framework\\src\\Illuminate\\Foundation\\Application.php(971): Illuminate\\Container\\Container->make('FirstController', Array)
#5 C:\\Users\\Nathan\\Documents\\Cours\\BUT_2\\Photos\\vendor\\laravel\\framework\\src\\Illuminate\\Routing\\Route.php(278): Illuminate\\Foundation\\Application->make('FirstController')
#6 C:\\Users\\Nathan\\Documents\\Cours\\BUT_2\\Photos\\vendor\\laravel\\framework\\src\\Illuminate\\Routing\\Route.php(260): Illuminate\\Routing\\Route->getController()
#7 C:\\Users\\Nathan\\Documents\\Cours\\BUT_2\\Photos\\vendor\\laravel\\framework\\src\\Illuminate\\Routing\\Route.php(205): Illuminate\\Routing\\Route->runController()
#8 C:\\Users\\Nathan\\Documents\\Cours\\BUT_2\\Photos\\vendor\\laravel\\framework\\src\\Illuminate\\Routing\\Router.php(806): Illuminate\\Routing\\Route->run()
#9 C:\\Users\\Nathan\\Documents\\Cours\\BUT_2\\Photos\\vendor\\laravel\\framework\\src\\Illuminate\\Pipeline\\Pipeline.php(144): Illuminate\\Routing\\Router->{closure:Illuminate\\Routing\\Router::runRouteWithinStack():805}(Object(Illuminate\\Http\\Request))
#10 C:\\Users\\Nathan\\Documents\\Cours\\BUT_2\\Photos\\vendor\\laravel\\framework\\src\\Illuminate\\Routing\\Middleware\\SubstituteBindings.php(50): Illuminate\\Pipeline\\Pipeline->{closure:Illuminate\\Pipeline\\Pipeline::prepareDestination():142}(Object(Illuminate\\Http\\Request))
#11 C:\\Users\\Nathan\\Documents\\Cours\\BUT_2\\Photos\\vendor\\laravel\\framework\\src\\Illuminate\\Pipeline\\Pipeline.php(183): Illuminate\\Routing\\Middleware\\SubstituteBindings->handle(Object(Illuminate\\Http\\Request), Object(Closure))
#12 C:\\Users\\Nathan\\Documents\\Cours\\BUT_2\\Photos\\vendor\\laravel\\framework\\src\\Illuminate\\Foundation\\Http\\Middleware\\VerifyCsrfToken.php(78): Illuminate\\Pipeline\\Pipeline->{closure:{closure:Illuminate\\Pipeline\\Pipeline::carry():158}:159}(Object(Illuminate\\Http\\Request))
#13 C:\\Users\\Nathan\\Documents\\Cours\\BUT_2\\Photos\\vendor\\laravel\\framework\\src\\Illuminate\\Pipeline\\Pipeline.php(183): Illuminate\\Foundation\\Http\\Middleware\\VerifyCsrfToken->handle(Object(Illuminate\\Http\\Request), Object(Closure))
#14 C:\\Users\\Nathan\\Documents\\Cours\\BUT_2\\Photos\\vendor\\laravel\\framework\\src\\Illuminate\\View\\Middleware\\ShareErrorsFromSession.php(49): Illuminate\\Pipeline\\Pipeline->{closure:{closure:Illuminate\\Pipeline\\Pipeline::carry():158}:159}(Object(Illuminate\\Http\\Request))
#15 C:\\Users\\Nathan\\Documents\\Cours\\BUT_2\\Photos\\vendor\\laravel\\framework\\src\\Illuminate\\Pipeline\\Pipeline.php(183): Illuminate\\View\\Middleware\\ShareErrorsFromSession->handle(Object(Illuminate\\Http\\Request), Object(Closure))
#16 C:\\Users\\Nathan\\Documents\\Cours\\BUT_2\\Photos\\vendor\\laravel\\framework\\src\\Illuminate\\Session\\Middleware\\StartSession.php(121): Illuminate\\Pipeline\\Pipeline->{closure:{closure:Illuminate\\Pipeline\\Pipeline::carry():158}:159}(Object(Illuminate\\Http\\Request))
#17 C:\\Users\\Nathan\\Documents\\Cours\\BUT_2\\Photos\\vendor\\laravel\\framework\\src\\Illuminate\\Session\\Middleware\\StartSession.php(64): Illuminate\\Session\\Middleware\\StartSession->handleStatefulRequest(Object(Illuminate\\Http\\Request), Object(Illuminate\\Session\\Store), Object(Closure))
#18 C:\\Users\\Nathan\\Documents\\Cours\\BUT_2\\Photos\\vendor\\laravel\\framework\\src\\Illuminate\\Pipeline\\Pipeline.php(183): Illuminate\\Session\\Middleware\\StartSession->handle(Object(Illuminate\\Http\\Request), Object(Closure))
#19 C:\\Users\\Nathan\\Documents\\Cours\\BUT_2\\Photos\\vendor\\laravel\\framework\\src\\Illuminate\\Cookie\\Middleware\\AddQueuedCookiesToResponse.php(37): Illuminate\\Pipeline\\Pipeline->{closure:{closure:Illuminate\\Pipeline\\Pipeline::carry():158}:159}(Object(Illuminate\\Http\\Request))
#20 C:\\Users\\Nathan\\Documents\\Cours\\BUT_2\\Photos\\vendor\\laravel\\framework\\src\\Illuminate\\Pipeline\\Pipeline.php(183): Illuminate\\Cookie\\Middleware\\AddQueuedCookiesToResponse->handle(Object(Illuminate\\Http\\Request), Object(Closure))
#21 C:\\Users\\Nathan\\Documents\\Cours\\BUT_2\\Photos\\vendor\\laravel\\framework\\src\\Illuminate\\Cookie\\Middleware\\EncryptCookies.php(67): Illuminate\\Pipeline\\Pipeline->{closure:{closure:Illuminate\\Pipeline\\Pipeline::carry():158}:159}(Object(Illuminate\\Http\\Request))
#22 C:\\Users\\Nathan\\Documents\\Cours\\BUT_2\\Photos\\vendor\\laravel\\framework\\src\\Illuminate\\Pipeline\\Pipeline.php(183): Illuminate\\Cookie\\Middleware\\EncryptCookies->handle(Object(Illuminate\\Http\\Request), Object(Closure))
#23 C:\\Users\\Nathan\\Documents\\Cours\\BUT_2\\Photos\\vendor\\laravel\\framework\\src\\Illuminate\\Pipeline\\Pipeline.php(119): Illuminate\\Pipeline\\Pipeline->{closure:{closure:Illuminate\\Pipeline\\Pipeline::carry():158}:159}(Object(Illuminate\\Http\\Request))
#24 C:\\Users\\Nathan\\Documents\\Cours\\BUT_2\\Photos\\vendor\\laravel\\framework\\src\\Illuminate\\Routing\\Router.php(805): Illuminate\\Pipeline\\Pipeline->then(Object(Closure))
#25 C:\\Users\\Nathan\\Documents\\Cours\\BUT_2\\Photos\\vendor\\laravel\\framework\\src\\Illuminate\\Routing\\Router.php(784): Illuminate\\Routing\\Router->runRouteWithinStack(Object(Illuminate\\Routing\\Route), Object(Illuminate\\Http\\Request))
#26 C:\\Users\\Nathan\\Documents\\Cours\\BUT_2\\Photos\\vendor\\laravel\\framework\\src\\Illuminate\\Routing\\Router.php(748): Illuminate\\Routing\\Router->runRoute(Object(Illuminate\\Http\\Request), Object(Illuminate\\Routing\\Route))
#27 C:\\Users\\Nathan\\Documents\\Cours\\BUT_2\\Photos\\vendor\\laravel\\framework\\src\\Illuminate\\Routing\\Router.php(737): Illuminate\\Routing\\Router->dispatchToRoute(Object(Illuminate\\Http\\Request))
#28 C:\\Users\\Nathan\\Documents\\Cours\\BUT_2\\Photos\\vendor\\laravel\\framework\\src\\Illuminate\\Foundation\\Http\\Kernel.php(200): Illuminate\\Routing\\Router->dispatch(Object(Illuminate\\Http\\Request))
#29 C:\\Users\\Nathan\\Documents\\Cours\\BUT_2\\Photos\\vendor\\laravel\\framework\\src\\Illuminate\\Pipeline\\Pipeline.php(144): Illuminate\\Foundation\\Http\\Kernel->{closure:Illuminate\\Foundation\\Http\\Kernel::dispatchToRouter():197}(Object(Illuminate\\Http\\Request))
#30 C:\\Users\\Nathan\\Documents\\Cours\\BUT_2\\Photos\\vendor\\laravel\\framework\\src\\Illuminate\\Foundation\\Http\\Middleware\\TransformsRequest.php(21): Illuminate\\Pipeline\\Pipeline->{closure:Illuminate\\Pipeline\\Pipeline::prepareDestination():142}(Object(Illuminate\\Http\\Request))
#31 C:\\Users\\Nathan\\Documents\\Cours\\BUT_2\\Photos\\vendor\\laravel\\framework\\src\\Illuminate\\Foundation\\Http\\Middleware\\ConvertEmptyStringsToNull.php(31): Illuminate\\Foundation\\Http\\Middleware\\TransformsRequest->handle(Object(Illuminate\\Http\\Request), Object(Closure))
#32 C:\\Users\\Nathan\\Documents\\Cours\\BUT_2\\Photos\\vendor\\laravel\\framework\\src\\Illuminate\\Pipeline\\Pipeline.php(183): Illuminate\\Foundation\\Http\\Middleware\\ConvertEmptyStringsToNull->handle(Object(Illuminate\\Http\\Request), Object(Closure))
#33 C:\\Users\\Nathan\\Documents\\Cours\\BUT_2\\Photos\\vendor\\laravel\\framework\\src\\Illuminate\\Foundation\\Http\\Middleware\\TransformsRequest.php(21): Illuminate\\Pipeline\\Pipeline->{closure:{closure:Illuminate\\Pipeline\\Pipeline::carry():158}:159}(Object(Illuminate\\Http\\Request))
#34 C:\\Users\\Nathan\\Documents\\Cours\\BUT_2\\Photos\\vendor\\laravel\\framework\\src\\Illuminate\\Foundation\\Http\\Middleware\\TrimStrings.php(40): Illuminate\\Foundation\\Http\\Middleware\\TransformsRequest->handle(Object(Illuminate\\Http\\Request), Object(Closure))
#35 C:\\Users\\Nathan\\Documents\\Cours\\BUT_2\\Photos\\vendor\\laravel\\framework\\src\\Illuminate\\Pipeline\\Pipeline.php(183): Illuminate\\Foundation\\Http\\Middleware\\TrimStrings->handle(Object(Illuminate\\Http\\Request), Object(Closure))
#36 C:\\Users\\Nathan\\Documents\\Cours\\BUT_2\\Photos\\vendor\\laravel\\framework\\src\\Illuminate\\Foundation\\Http\\Middleware\\ValidatePostSize.php(27): Illuminate\\Pipeline\\Pipeline->{closure:{closure:Illuminate\\Pipeline\\Pipeline::carry():158}:159}(Object(Illuminate\\Http\\Request))
#37 C:\\Users\\Nathan\\Documents\\Cours\\BUT_2\\Photos\\vendor\\laravel\\framework\\src\\Illuminate\\Pipeline\\Pipeline.php(183): Illuminate\\Foundation\\Http\\Middleware\\ValidatePostSize->handle(Object(Illuminate\\Http\\Request), Object(Closure))
#38 C:\\Users\\Nathan\\Documents\\Cours\\BUT_2\\Photos\\vendor\\laravel\\framework\\src\\Illuminate\\Foundation\\Http\\Middleware\\PreventRequestsDuringMaintenance.php(99): Illuminate\\Pipeline\\Pipeline->{closure:{closure:Illuminate\\Pipeline\\Pipeline::carry():158}:159}(Object(Illuminate\\Http\\Request))
#39 C:\\Users\\Nathan\\Documents\\Cours\\BUT_2\\Photos\\vendor\\laravel\\framework\\src\\Illuminate\\Pipeline\\Pipeline.php(183): Illuminate\\Foundation\\Http\\Middleware\\PreventRequestsDuringMaintenance->handle(Object(Illuminate\\Http\\Request), Object(Closure))
#40 C:\\Users\\Nathan\\Documents\\Cours\\BUT_2\\Photos\\vendor\\laravel\\framework\\src\\Illuminate\\Http\\Middleware\\HandleCors.php(49): Illuminate\\Pipeline\\Pipeline->{closure:{closure:Illuminate\\Pipeline\\Pipeline::carry():158}:159}(Object(Illuminate\\Http\\Request))
#41 C:\\Users\\Nathan\\Documents\\Cours\\BUT_2\\Photos\\vendor\\laravel\\framework\\src\\Illuminate\\Pipeline\\Pipeline.php(183): Illuminate\\Http\\Middleware\\HandleCors->handle(Object(Illuminate\\Http\\Request), Object(Closure))
#42 C:\\Users\\Nathan\\Documents\\Cours\\BUT_2\\Photos\\vendor\\laravel\\framework\\src\\Illuminate\\Http\\Middleware\\TrustProxies.php(39): Illuminate\\Pipeline\\Pipeline->{closure:{closure:Illuminate\\Pipeline\\Pipeline::carry():158}:159}(Object(Illuminate\\Http\\Request))
#43 C:\\Users\\Nathan\\Documents\\Cours\\BUT_2\\Photos\\vendor\\laravel\\framework\\src\\Illuminate\\Pipeline\\Pipeline.php(183): Illuminate\\Http\\Middleware\\TrustProxies->handle(Object(Illuminate\\Http\\Request), Object(Closure))
#44 C:\\Users\\Nathan\\Documents\\Cours\\BUT_2\\Photos\\vendor\\laravel\\framework\\src\\Illuminate\\Pipeline\\Pipeline.php(119): Illuminate\\Pipeline\\Pipeline->{closure:{closure:Illuminate\\Pipeline\\Pipeline::carry():158}:159}(Object(Illuminate\\Http\\Request))
#45 C:\\Users\\Nathan\\Documents\\Cours\\BUT_2\\Photos\\vendor\\laravel\\framework\\src\\Illuminate\\Foundation\\Http\\Kernel.php(175): Illuminate\\Pipeline\\Pipeline->then(Object(Closure))
#46 C:\\Users\\Nathan\\Documents\\Cours\\BUT_2\\Photos\\vendor\\laravel\\framework\\src\\Illuminate\\Foundation\\Http\\Kernel.php(144): Illuminate\\Foundation\\Http\\Kernel->sendRequestThroughRouter(Object(Illuminate\\Http\\Request))
#47 C:\\Users\\Nathan\\Documents\\Cours\\BUT_2\\Photos\\public\\index.php(51): Illuminate\\Foundation\\Http\\Kernel->handle(Object(Illuminate\\Http\\Request))
#48 C:\\Users\\Nathan\\Documents\\Cours\\BUT_2\\Photos\\vendor\\laravel\\framework\\src\\Illuminate\\Foundation\\resources\\server.php(16): require_once('C:\\\\Users\\\\Nathan...')
#49 {main}
"} 
[2025-11-18 09:40:58] local.ERROR: Target class [FirstController] does not exist. {"exception":"[object] (Illuminate\\Contracts\\Container\\BindingResolutionException(code: 0): Target class [FirstController] does not exist. at C:\\Users\\Nathan\\Documents\\Cours\\BUT_2\\Photos\\vendor\\laravel\\framework\\src\\Illuminate\\Container\\Container.php:914)
[stacktrace]
#0 C:\\Users\\Nathan\\Documents\\Cours\\BUT_2\\Photos\\vendor\\laravel\\framework\\src\\Illuminate\\Container\\Container.php(795): Illuminate\\Container\\Container->build('FirstController')
#1 C:\\Users\\Nathan\\Documents\\Cours\\BUT_2\\Photos\\vendor\\laravel\\framework\\src\\Illuminate\\Foundation\\Application.php(986): Illuminate\\Container\\Container->resolve('FirstController', Array, true)
#2 C:\\Users\\Nathan\\Documents\\Cours\\BUT_2\\Photos\\vendor\\laravel\\framework\\src\\Illuminate\\Container\\Container.php(731): Illuminate\\Foundation\\Application->resolve('FirstController', Array)
#3 C:\\Users\\Nathan\\Documents\\Cours\\BUT_2\\Photos\\vendor\\laravel\\framework\\src\\Illuminate\\Foundation\\Application.php(971): Illuminate\\Container\\Container->make('FirstController', Array)
#4 C:\\Users\\Nathan\\Documents\\Cours\\BUT_2\\Photos\\vendor\\laravel\\framework\\src\\Illuminate\\Routing\\Route.php(278): Illuminate\\Foundation\\Application->make('FirstController')
#5 C:\\Users\\Nathan\\Documents\\Cours\\BUT_2\\Photos\\vendor\\laravel\\framework\\src\\Illuminate\\Routing\\Route.php(260): Illuminate\\Routing\\Route->getController()
#6 C:\\Users\\Nathan\\Documents\\Cours\\BUT_2\\Photos\\vendor\\laravel\\framework\\src\\Illuminate\\Routing\\Route.php(205): Illuminate\\Routing\\Route->runController()
#7 C:\\Users\\Nathan\\Documents\\Cours\\BUT_2\\Photos\\vendor\\laravel\\framework\\src\\Illuminate\\Routing\\Router.php(806): Illuminate\\Routing\\Route->run()
#8 C:\\Users\\Nathan\\Documents\\Cours\\BUT_2\\Photos\\vendor\\laravel\\framework\\src\\Illuminate\\Pipeline\\Pipeline.php(144): Illuminate\\Routing\\Router->{closure:Illuminate\\Routing\\Router::runRouteWithinStack():805}(Object(Illuminate\\Http\\Request))
#9 C:\\Users\\Nathan\\Documents\\Cours\\BUT_2\\Photos\\vendor\\laravel\\framework\\src\\Illuminate\\Routing\\Middleware\\SubstituteBindings.php(50): Illuminate\\Pipeline\\Pipeline->{closure:Illuminate\\Pipeline\\Pipeline::prepareDestination():142}(Object(Illuminate\\Http\\Request))
#10 C:\\Users\\Nathan\\Documents\\Cours\\BUT_2\\Photos\\vendor\\laravel\\framework\\src\\Illuminate\\Pipeline\\Pipeline.php(183): Illuminate\\Routing\\Middleware\\SubstituteBindings->handle(Object(Illuminate\\Http\\Request), Object(Closure))
#11 C:\\Users\\Nathan\\Documents\\Cours\\BUT_2\\Photos\\vendor\\laravel\\framework\\src\\Illuminate\\Foundation\\Http\\Middleware\\VerifyCsrfToken.php(78): Illuminate\\Pipeline\\Pipeline->{closure:{closure:Illuminate\\Pipeline\\Pipeline::carry():158}:159}(Object(Illuminate\\Http\\Request))
#12 C:\\Users\\Nathan\\Documents\\Cours\\BUT_2\\Photos\\vendor\\laravel\\framework\\src\\Illuminate\\Pipeline\\Pipeline.php(183): Illuminate\\Foundation\\Http\\Middleware\\VerifyCsrfToken->handle(Object(Illuminate\\Http\\Request), Object(Closure))
#13 C:\\Users\\Nathan\\Documents\\Cours\\BUT_2\\Photos\\vendor\\laravel\\framework\\src\\Illuminate\\View\\Middleware\\ShareErrorsFromSession.php(49): Illuminate\\Pipeline\\Pipeline->{closure:{closure:Illuminate\\Pipeline\\Pipeline::carry():158}:159}(Object(Illuminate\\Http\\Request))
#14 C:\\Users\\Nathan\\Documents\\Cours\\BUT_2\\Photos\\vendor\\laravel\\framework\\src\\Illuminate\\Pipeline\\Pipeline.php(183): Illuminate\\View\\Middleware\\ShareErrorsFromSession->handle(Object(Illuminate\\Http\\Request), Object(Closure))
#15 C:\\Users\\Nathan\\Documents\\Cours\\BUT_2\\Photos\\vendor\\laravel\\framework\\src\\Illuminate\\Session\\Middleware\\StartSession.php(121): Illuminate\\Pipeline\\Pipeline->{closure:{closure:Illuminate\\Pipeline\\Pipeline::carry():158}:159}(Object(Illuminate\\Http\\Request))
#16 C:\\Users\\Nathan\\Documents\\Cours\\BUT_2\\Photos\\vendor\\laravel\\framework\\src\\Illuminate\\Session\\Middleware\\StartSession.php(64): Illuminate\\Session\\Middleware\\StartSession->handleStatefulRequest(Object(Illuminate\\Http\\Request), Object(Illuminate\\Session\\Store), Object(Closure))
#17 C:\\Users\\Nathan\\Documents\\Cours\\BUT_2\\Photos\\vendor\\laravel\\framework\\src\\Illuminate\\Pipeline\\Pipeline.php(183): Illuminate\\Session\\Middleware\\StartSession->handle(Object(Illuminate\\Http\\Request), Object(Closure))
#18 C:\\Users\\Nathan\\Documents\\Cours\\BUT_2\\Photos\\vendor\\laravel\\framework\\src\\Illuminate\\Cookie\\Middleware\\AddQueuedCookiesToResponse.php(37): Illuminate\\Pipeline\\Pipeline->{closure:{closure:Illuminate\\Pipeline\\Pipeline::carry():158}:159}(Object(Illuminate\\Http\\Request))
#19 C:\\Users\\Nathan\\Documents\\Cours\\BUT_2\\Photos\\vendor\\laravel\\framework\\src\\Illuminate\\Pipeline\\Pipeline.php(183): Illuminate\\Cookie\\Middleware\\AddQueuedCookiesToResponse->handle(Object(Illuminate\\Http\\Request), Object(Closure))
#20 C:\\Users\\Nathan\\Documents\\Cours\\BUT_2\\Photos\\vendor\\laravel\\framework\\src\\Illuminate\\Cookie\\Middleware\\EncryptCookies.php(67): Illuminate\\Pipeline\\Pipeline->{closure:{closure:Illuminate\\Pipeline\\Pipeline::carry():158}:159}(Object(Illuminate\\Http\\Request))
#21 C:\\Users\\Nathan\\Documents\\Cours\\BUT_2\\Photos\\vendor\\laravel\\framework\\src\\Illuminate\\Pipeline\\Pipeline.php(183): Illuminate\\Cookie\\Middleware\\EncryptCookies->handle(Object(Illuminate\\Http\\Request), Object(Closure))
#22 C:\\Users\\Nathan\\Documents\\Cours\\BUT_2\\Photos\\vendor\\laravel\\framework\\src\\Illuminate\\Pipeline\\Pipeline.php(119): Illuminate\\Pipeline\\Pipeline->{closure:{closure:Illuminate\\Pipeline\\Pipeline::carry():158}:159}(Object(Illuminate\\Http\\Request))
#23 C:\\Users\\Nathan\\Documents\\Cours\\BUT_2\\Photos\\vendor\\laravel\\framework\\src\\Illuminate\\Routing\\Router.php(805): Illuminate\\Pipeline\\Pipeline->then(Object(Closure))
#24 C:\\Users\\Nathan\\Documents\\Cours\\BUT_2\\Photos\\vendor\\laravel\\framework\\src\\Illuminate\\Routing\\Router.php(784): Illuminate\\Routing\\Router->runRouteWithinStack(Object(Illuminate\\Routing\\Route), Object(Illuminate\\Http\\Request))
#25 C:\\Users\\Nathan\\Documents\\Cours\\BUT_2\\Photos\\vendor\\laravel\\framework\\src\\Illuminate\\Routing\\Router.php(748): Illuminate\\Routing\\Router->runRoute(Object(Illuminate\\Http\\Request), Object(Illuminate\\Routing\\Route))
#26 C:\\Users\\Nathan\\Documents\\Cours\\BUT_2\\Photos\\vendor\\laravel\\framework\\src\\Illuminate\\Routing\\Router.php(737): Illuminate\\Routing\\Router->dispatchToRoute(Object(Illuminate\\Http\\Request))
#27 C:\\Users\\Nathan\\Documents\\Cours\\BUT_2\\Photos\\vendor\\laravel\\framework\\src\\Illuminate\\Foundation\\Http\\Kernel.php(200): Illuminate\\Routing\\Router->dispatch(Object(Illuminate\\Http\\Request))
#28 C:\\Users\\Nathan\\Documents\\Cours\\BUT_2\\Photos\\vendor\\laravel\\framework\\src\\Illuminate\\Pipeline\\Pipeline.php(144): Illuminate\\Foundation\\Http\\Kernel->{closure:Illuminate\\Foundation\\Http\\Kernel::dispatchToRouter():197}(Object(Illuminate\\Http\\Request))
#29 C:\\Users\\Nathan\\Documents\\Cours\\BUT_2\\Photos\\vendor\\laravel\\framework\\src\\Illuminate\\Foundation\\Http\\Middleware\\TransformsRequest.php(21): Illuminate\\Pipeline\\Pipeline->{closure:Illuminate\\Pipeline\\Pipeline::prepareDestination():142}(Object(Illuminate\\Http\\Request))
#30 C:\\Users\\Nathan\\Documents\\Cours\\BUT_2\\Photos\\vendor\\laravel\\framework\\src\\Illuminate\\Foundation\\Http\\Middleware\\ConvertEmptyStringsToNull.php(31): Illuminate\\Foundation\\Http\\Middleware\\TransformsRequest->handle(Object(Illuminate\\Http\\Request), Object(Closure))
#31 C:\\Users\\Nathan\\Documents\\Cours\\BUT_2\\Photos\\vendor\\laravel\\framework\\src\\Illuminate\\Pipeline\\Pipeline.php(183): Illuminate\\Foundation\\Http\\Middleware\\ConvertEmptyStringsToNull->handle(Object(Illuminate\\Http\\Request), Object(Closure))
#32 C:\\Users\\Nathan\\Documents\\Cours\\BUT_2\\Photos\\vendor\\laravel\\framework\\src\\Illuminate\\Foundation\\Http\\Middleware\\TransformsRequest.php(21): Illuminate\\Pipeline\\Pipeline->{closure:{closure:Illuminate\\Pipeline\\Pipeline::carry():158}:159}(Object(Illuminate\\Http\\Request))
#33 C:\\Users\\Nathan\\Documents\\Cours\\BUT_2\\Photos\\vendor\\laravel\\framework\\src\\Illuminate\\Foundation\\Http\\Middleware\\TrimStrings.php(40): Illuminate\\Foundation\\Http\\Middleware\\TransformsRequest->handle(Object(Illuminate\\Http\\Request), Object(Closure))
#34 C:\\Users\\Nathan\\Documents\\Cours\\BUT_2\\Photos\\vendor\\laravel\\framework\\src\\Illuminate\\Pipeline\\Pipeline.php(183): Illuminate\\Foundation\\Http\\Middleware\\TrimStrings->handle(Object(Illuminate\\Http\\Request), Object(Closure))
#35 C:\\Users\\Nathan\\Documents\\Cours\\BUT_2\\Photos\\vendor\\laravel\\framework\\src\\Illuminate\\Foundation\\Http\\Middleware\\ValidatePostSize.php(27): Illuminate\\Pipeline\\Pipeline->{closure:{closure:Illuminate\\Pipeline\\Pipeline::carry():158}:159}(Object(Illuminate\\Http\\Request))
#36 C:\\Users\\Nathan\\Documents\\Cours\\BUT_2\\Photos\\vendor\\laravel\\framework\\src\\Illuminate\\Pipeline\\Pipeline.php(183): Illuminate\\Foundation\\Http\\Middleware\\ValidatePostSize->handle(Object(Illuminate\\Http\\Request), Object(Closure))
#37 C:\\Users\\Nathan\\Documents\\Cours\\BUT_2\\Photos\\vendor\\laravel\\framework\\src\\Illuminate\\Foundation\\Http\\Middleware\\PreventRequestsDuringMaintenance.php(99): Illuminate\\Pipeline\\Pipeline->{closure:{closure:Illuminate\\Pipeline\\Pipeline::carry():158}:159}(Object(Illuminate\\Http\\Request))
#38 C:\\Users\\Nathan\\Documents\\Cours\\BUT_2\\Photos\\vendor\\laravel\\framework\\src\\Illuminate\\Pipeline\\Pipeline.php(183): Illuminate\\Foundation\\Http\\Middleware\\PreventRequestsDuringMaintenance->handle(Object(Illuminate\\Http\\Request), Object(Closure))
#39 C:\\Users\\Nathan\\Documents\\Cours\\BUT_2\\Photos\\vendor\\laravel\\framework\\src\\Illuminate\\Http\\Middleware\\HandleCors.php(49): Illuminate\\Pipeline\\Pipeline->{closure:{closure:Illuminate\\Pipeline\\Pipeline::carry():158}:159}(Object(Illuminate\\Http\\Request))
#40 C:\\Users\\Nathan\\Documents\\Cours\\BUT_2\\Photos\\vendor\\laravel\\framework\\src\\Illuminate\\Pipeline\\Pipeline.php(183): Illuminate\\Http\\Middleware\\HandleCors->handle(Object(Illuminate\\Http\\Request), Object(Closure))
#41 C:\\Users\\Nathan\\Documents\\Cours\\BUT_2\\Photos\\vendor\\laravel\\framework\\src\\Illuminate\\Http\\Middleware\\TrustProxies.php(39): Illuminate\\Pipeline\\Pipeline->{closure:{closure:Illuminate\\Pipeline\\Pipeline::carry():158}:159}(Object(Illuminate\\Http\\Request))
#42 C:\\Users\\Nathan\\Documents\\Cours\\BUT_2\\Photos\\vendor\\laravel\\framework\\src\\Illuminate\\Pipeline\\Pipeline.php(183): Illuminate\\Http\\Middleware\\TrustProxies->handle(Object(Illuminate\\Http\\Request), Object(Closure))
#43 C:\\Users\\Nathan\\Documents\\Cours\\BUT_2\\Photos\\vendor\\laravel\\framework\\src\\Illuminate\\Pipeline\\Pipeline.php(119): Illuminate\\Pipeline\\Pipeline->{closure:{closure:Illuminate\\Pipeline\\Pipeline::carry():158}:159}(Object(Illuminate\\Http\\Request))
#44 C:\\Users\\Nathan\\Documents\\Cours\\BUT_2\\Photos\\vendor\\laravel\\framework\\src\\Illuminate\\Foundation\\Http\\Kernel.php(175): Illuminate\\Pipeline\\Pipeline->then(Object(Closure))
#45 C:\\Users\\Nathan\\Documents\\Cours\\BUT_2\\Photos\\vendor\\laravel\\framework\\src\\Illuminate\\Foundation\\Http\\Kernel.php(144): Illuminate\\Foundation\\Http\\Kernel->sendRequestThroughRouter(Object(Illuminate\\Http\\Request))
#46 C:\\Users\\Nathan\\Documents\\Cours\\BUT_2\\Photos\\public\\index.php(51): Illuminate\\Foundation\\Http\\Kernel->handle(Object(Illuminate\\Http\\Request))
#47 C:\\Users\\Nathan\\Documents\\Cours\\BUT_2\\Photos\\vendor\\laravel\\framework\\src\\Illuminate\\Foundation\\resources\\server.php(16): require_once('C:\\\\Users\\\\Nathan...')
#48 {main}

[previous exception] [object] (ReflectionException(code: -1): Class \"FirstController\" does not exist at C:\\Users\\Nathan\\Documents\\Cours\\BUT_2\\Photos\\vendor\\laravel\\framework\\src\\Illuminate\\Container\\Container.php:912)
[stacktrace]
#0 C:\\Users\\Nathan\\Documents\\Cours\\BUT_2\\Photos\\vendor\\laravel\\framework\\src\\Illuminate\\Container\\Container.php(912): ReflectionClass->__construct('FirstController')
#1 C:\\Users\\Nathan\\Documents\\Cours\\BUT_2\\Photos\\vendor\\laravel\\framework\\src\\Illuminate\\Container\\Container.php(795): Illuminate\\Container\\Container->build('FirstController')
#2 C:\\Users\\Nathan\\Documents\\Cours\\BUT_2\\Photos\\vendor\\laravel\\framework\\src\\Illuminate\\Foundation\\Application.php(986): Illuminate\\Container\\Container->resolve('FirstController', Array, true)
#3 C:\\Users\\Nathan\\Documents\\Cours\\BUT_2\\Photos\\vendor\\laravel\\framework\\src\\Illuminate\\Container\\Container.php(731): Illuminate\\Foundation\\Application->resolve('FirstController', Array)
#4 C:\\Users\\Nathan\\Documents\\Cours\\BUT_2\\Photos\\vendor\\laravel\\framework\\src\\Illuminate\\Foundation\\Application.php(971): Illuminate\\Container\\Container->make('FirstController', Array)
#5 C:\\Users\\Nathan\\Documents\\Cours\\BUT_2\\Photos\\vendor\\laravel\\framework\\src\\Illuminate\\Routing\\Route.php(278): Illuminate\\Foundation\\Application->make('FirstController')
#6 C:\\Users\\Nathan\\Documents\\Cours\\BUT_2\\Photos\\vendor\\laravel\\framework\\src\\Illuminate\\Routing\\Route.php(260): Illuminate\\Routing\\Route->getController()
#7 C:\\Users\\Nathan\\Documents\\Cours\\BUT_2\\Photos\\vendor\\laravel\\framework\\src\\Illuminate\\Routing\\Route.php(205): Illuminate\\Routing\\Route->runController()
#8 C:\\Users\\Nathan\\Documents\\Cours\\BUT_2\\Photos\\vendor\\laravel\\framework\\src\\Illuminate\\Routing\\Router.php(806): Illuminate\\Routing\\Route->run()
#9 C:\\Users\\Nathan\\Documents\\Cours\\BUT_2\\Photos\\vendor\\laravel\\framework\\src\\Illuminate\\Pipeline\\Pipeline.php(144): Illuminate\\Routing\\Router->{closure:Illuminate\\Routing\\Router::runRouteWithinStack():805}(Object(Illuminate\\Http\\Request))
#10 C:\\Users\\Nathan\\Documents\\Cours\\BUT_2\\Photos\\vendor\\laravel\\framework\\src\\Illuminate\\Routing\\Middleware\\SubstituteBindings.php(50): Illuminate\\Pipeline\\Pipeline->{closure:Illuminate\\Pipeline\\Pipeline::prepareDestination():142}(Object(Illuminate\\Http\\Request))
#11 C:\\Users\\Nathan\\Documents\\Cours\\BUT_2\\Photos\\vendor\\laravel\\framework\\src\\Illuminate\\Pipeline\\Pipeline.php(183): Illuminate\\Routing\\Middleware\\SubstituteBindings->handle(Object(Illuminate\\Http\\Request), Object(Closure))
#12 C:\\Users\\Nathan\\Documents\\Cours\\BUT_2\\Photos\\vendor\\laravel\\framework\\src\\Illuminate\\Foundation\\Http\\Middleware\\VerifyCsrfToken.php(78): Illuminate\\Pipeline\\Pipeline->{closure:{closure:Illuminate\\Pipeline\\Pipeline::carry():158}:159}(Object(Illuminate\\Http\\Request))
#13 C:\\Users\\Nathan\\Documents\\Cours\\BUT_2\\Photos\\vendor\\laravel\\framework\\src\\Illuminate\\Pipeline\\Pipeline.php(183): Illuminate\\Foundation\\Http\\Middleware\\VerifyCsrfToken->handle(Object(Illuminate\\Http\\Request), Object(Closure))
#14 C:\\Users\\Nathan\\Documents\\Cours\\BUT_2\\Photos\\vendor\\laravel\\framework\\src\\Illuminate\\View\\Middleware\\ShareErrorsFromSession.php(49): Illuminate\\Pipeline\\Pipeline->{closure:{closure:Illuminate\\Pipeline\\Pipeline::carry():158}:159}(Object(Illuminate\\Http\\Request))
#15 C:\\Users\\Nathan\\Documents\\Cours\\BUT_2\\Photos\\vendor\\laravel\\framework\\src\\Illuminate\\Pipeline\\Pipeline.php(183): Illuminate\\View\\Middleware\\ShareErrorsFromSession->handle(Object(Illuminate\\Http\\Request), Object(Closure))
#16 C:\\Users\\Nathan\\Documents\\Cours\\BUT_2\\Photos\\vendor\\laravel\\framework\\src\\Illuminate\\Session\\Middleware\\StartSession.php(121): Illuminate\\Pipeline\\Pipeline->{closure:{closure:Illuminate\\Pipeline\\Pipeline::carry():158}:159}(Object(Illuminate\\Http\\Request))
#17 C:\\Users\\Nathan\\Documents\\Cours\\BUT_2\\Photos\\vendor\\laravel\\framework\\src\\Illuminate\\Session\\Middleware\\StartSession.php(64): Illuminate\\Session\\Middleware\\StartSession->handleStatefulRequest(Object(Illuminate\\Http\\Request), Object(Illuminate\\Session\\Store), Object(Closure))
#18 C:\\Users\\Nathan\\Documents\\Cours\\BUT_2\\Photos\\vendor\\laravel\\framework\\src\\Illuminate\\Pipeline\\Pipeline.php(183): Illuminate\\Session\\Middleware\\StartSession->handle(Object(Illuminate\\Http\\Request), Object(Closure))
#19 C:\\Users\\Nathan\\Documents\\Cours\\BUT_2\\Photos\\vendor\\laravel\\framework\\src\\Illuminate\\Cookie\\Middleware\\AddQueuedCookiesToResponse.php(37): Illuminate\\Pipeline\\Pipeline->{closure:{closure:Illuminate\\Pipeline\\Pipeline::carry():158}:159}(Object(Illuminate\\Http\\Request))
#20 C:\\Users\\Nathan\\Documents\\Cours\\BUT_2\\Photos\\vendor\\laravel\\framework\\src\\Illuminate\\Pipeline\\Pipeline.php(183): Illuminate\\Cookie\\Middleware\\AddQueuedCookiesToResponse->handle(Object(Illuminate\\Http\\Request), Object(Closure))
#21 C:\\Users\\Nathan\\Documents\\Cours\\BUT_2\\Photos\\vendor\\laravel\\framework\\src\\Illuminate\\Cookie\\Middleware\\EncryptCookies.php(67): Illuminate\\Pipeline\\Pipeline->{closure:{closure:Illuminate\\Pipeline\\Pipeline::carry():158}:159}(Object(Illuminate\\Http\\Request))
#22 C:\\Users\\Nathan\\Documents\\Cours\\BUT_2\\Photos\\vendor\\laravel\\framework\\src\\Illuminate\\Pipeline\\Pipeline.php(183): Illuminate\\Cookie\\Middleware\\EncryptCookies->handle(Object(Illuminate\\Http\\Request), Object(Closure))
#23 C:\\Users\\Nathan\\Documents\\Cours\\BUT_2\\Photos\\vendor\\laravel\\framework\\src\\Illuminate\\Pipeline\\Pipeline.php(119): Illuminate\\Pipeline\\Pipeline->{closure:{closure:Illuminate\\Pipeline\\Pipeline::carry():158}:159}(Object(Illuminate\\Http\\Request))
#24 C:\\Users\\Nathan\\Documents\\Cours\\BUT_2\\Photos\\vendor\\laravel\\framework\\src\\Illuminate\\Routing\\Router.php(805): Illuminate\\Pipeline\\Pipeline->then(Object(Closure))
#25 C:\\Users\\Nathan\\Documents\\Cours\\BUT_2\\Photos\\vendor\\laravel\\framework\\src\\Illuminate\\Routing\\Router.php(784): Illuminate\\Routing\\Router->runRouteWithinStack(Object(Illuminate\\Routing\\Route), Object(Illuminate\\Http\\Request))
#26 C:\\Users\\Nathan\\Documents\\Cours\\BUT_2\\Photos\\vendor\\laravel\\framework\\src\\Illuminate\\Routing\\Router.php(748): Illuminate\\Routing\\Router->runRoute(Object(Illuminate\\Http\\Request), Object(Illuminate\\Routing\\Route))
#27 C:\\Users\\Nathan\\Documents\\Cours\\BUT_2\\Photos\\vendor\\laravel\\framework\\src\\Illuminate\\Routing\\Router.php(737): Illuminate\\Routing\\Router->dispatchToRoute(Object(Illuminate\\Http\\Request))
#28 C:\\Users\\Nathan\\Documents\\Cours\\BUT_2\\Photos\\vendor\\laravel\\framework\\src\\Illuminate\\Foundation\\Http\\Kernel.php(200): Illuminate\\Routing\\Router->dispatch(Object(Illuminate\\Http\\Request))
#29 C:\\Users\\Nathan\\Documents\\Cours\\BUT_2\\Photos\\vendor\\laravel\\framework\\src\\Illuminate\\Pipeline\\Pipeline.php(144): Illuminate\\Foundation\\Http\\Kernel->{closure:Illuminate\\Foundation\\Http\\Kernel::dispatchToRouter():197}(Object(Illuminate\\Http\\Request))
#30 C:\\Users\\Nathan\\Documents\\Cours\\BUT_2\\Photos\\vendor\\laravel\\framework\\src\\Illuminate\\Foundation\\Http\\Middleware\\TransformsRequest.php(21): Illuminate\\Pipeline\\Pipeline->{closure:Illuminate\\Pipeline\\Pipeline::prepareDestination():142}(Object(Illuminate\\Http\\Request))
#31 C:\\Users\\Nathan\\Documents\\Cours\\BUT_2\\Photos\\vendor\\laravel\\framework\\src\\Illuminate\\Foundation\\Http\\Middleware\\ConvertEmptyStringsToNull.php(31): Illuminate\\Foundation\\Http\\Middleware\\TransformsRequest->handle(Object(Illuminate\\Http\\Request), Object(Closure))
#32 C:\\Users\\Nathan\\Documents\\Cours\\BUT_2\\Photos\\vendor\\laravel\\framework\\src\\Illuminate\\Pipeline\\Pipeline.php(183): Illuminate\\Foundation\\Http\\Middleware\\ConvertEmptyStringsToNull->handle(Object(Illuminate\\Http\\Request), Object(Closure))
#33 C:\\Users\\Nathan\\Documents\\Cours\\BUT_2\\Photos\\vendor\\laravel\\framework\\src\\Illuminate\\Foundation\\Http\\Middleware\\TransformsRequest.php(21): Illuminate\\Pipeline\\Pipeline->{closure:{closure:Illuminate\\Pipeline\\Pipeline::carry():158}:159}(Object(Illuminate\\Http\\Request))
#34 C:\\Users\\Nathan\\Documents\\Cours\\BUT_2\\Photos\\vendor\\laravel\\framework\\src\\Illuminate\\Foundation\\Http\\Middleware\\TrimStrings.php(40): Illuminate\\Foundation\\Http\\Middleware\\TransformsRequest->handle(Object(Illuminate\\Http\\Request), Object(Closure))
#35 C:\\Users\\Nathan\\Documents\\Cours\\BUT_2\\Photos\\vendor\\laravel\\framework\\src\\Illuminate\\Pipeline\\Pipeline.php(183): Illuminate\\Foundation\\Http\\Middleware\\TrimStrings->handle(Object(Illuminate\\Http\\Request), Object(Closure))
#36 C:\\Users\\Nathan\\Documents\\Cours\\BUT_2\\Photos\\vendor\\laravel\\framework\\src\\Illuminate\\Foundation\\Http\\Middleware\\ValidatePostSize.php(27): Illuminate\\Pipeline\\Pipeline->{closure:{closure:Illuminate\\Pipeline\\Pipeline::carry():158}:159}(Object(Illuminate\\Http\\Request))
#37 C:\\Users\\Nathan\\Documents\\Cours\\BUT_2\\Photos\\vendor\\laravel\\framework\\src\\Illuminate\\Pipeline\\Pipeline.php(183): Illuminate\\Foundation\\Http\\Middleware\\ValidatePostSize->handle(Object(Illuminate\\Http\\Request), Object(Closure))
#38 C:\\Users\\Nathan\\Documents\\Cours\\BUT_2\\Photos\\vendor\\laravel\\framework\\src\\Illuminate\\Foundation\\Http\\Middleware\\PreventRequestsDuringMaintenance.php(99): Illuminate\\Pipeline\\Pipeline->{closure:{closure:Illuminate\\Pipeline\\Pipeline::carry():158}:159}(Object(Illuminate\\Http\\Request))
#39 C:\\Users\\Nathan\\Documents\\Cours\\BUT_2\\Photos\\vendor\\laravel\\framework\\src\\Illuminate\\Pipeline\\Pipeline.php(183): Illuminate\\Foundation\\Http\\Middleware\\PreventRequestsDuringMaintenance->handle(Object(Illuminate\\Http\\Request), Object(Closure))
#40 C:\\Users\\Nathan\\Documents\\Cours\\BUT_2\\Photos\\vendor\\laravel\\framework\\src\\Illuminate\\Http\\Middleware\\HandleCors.php(49): Illuminate\\Pipeline\\Pipeline->{closure:{closure:Illuminate\\Pipeline\\Pipeline::carry():158}:159}(Object(Illuminate\\Http\\Request))
#41 C:\\Users\\Nathan\\Documents\\Cours\\BUT_2\\Photos\\vendor\\laravel\\framework\\src\\Illuminate\\Pipeline\\Pipeline.php(183): Illuminate\\Http\\Middleware\\HandleCors->handle(Object(Illuminate\\Http\\Request), Object(Closure))
#42 C:\\Users\\Nathan\\Documents\\Cours\\BUT_2\\Photos\\vendor\\laravel\\framework\\src\\Illuminate\\Http\\Middleware\\TrustProxies.php(39): Illuminate\\Pipeline\\Pipeline->{closure:{closure:Illuminate\\Pipeline\\Pipeline::carry():158}:159}(Object(Illuminate\\Http\\Request))
#43 C:\\Users\\Nathan\\Documents\\Cours\\BUT_2\\Photos\\vendor\\laravel\\framework\\src\\Illuminate\\Pipeline\\Pipeline.php(183): Illuminate\\Http\\Middleware\\TrustProxies->handle(Object(Illuminate\\Http\\Request), Object(Closure))
#44 C:\\Users\\Nathan\\Documents\\Cours\\BUT_2\\Photos\\vendor\\laravel\\framework\\src\\Illuminate\\Pipeline\\Pipeline.php(119): Illuminate\\Pipeline\\Pipeline->{closure:{closure:Illuminate\\Pipeline\\Pipeline::carry():158}:159}(Object(Illuminate\\Http\\Request))
#45 C:\\Users\\Nathan\\Documents\\Cours\\BUT_2\\Photos\\vendor\\laravel\\framework\\src\\Illuminate\\Foundation\\Http\\Kernel.php(175): Illuminate\\Pipeline\\Pipeline->then(Object(Closure))
#46 C:\\Users\\Nathan\\Documents\\Cours\\BUT_2\\Photos\\vendor\\laravel\\framework\\src\\Illuminate\\Foundation\\Http\\Kernel.php(144): Illuminate\\Foundation\\Http\\Kernel->sendRequestThroughRouter(Object(Illuminate\\Http\\Request))
#47 C:\\Users\\Nathan\\Documents\\Cours\\BUT_2\\Photos\\public\\index.php(51): Illuminate\\Foundation\\Http\\Kernel->handle(Object(Illuminate\\Http\\Request))
#48 C:\\Users\\Nathan\\Documents\\Cours\\BUT_2\\Photos\\vendor\\laravel\\framework\\src\\Illuminate\\Foundation\\resources\\server.php(16): require_once('C:\\\\Users\\\\Nathan...')
#49 {main}
"} 
[2025-11-18 09:41:01] local.ERROR: Target class [FirstController] does not exist. {"exception":"[object] (Illuminate\\Contracts\\Container\\BindingResolutionException(code: 0): Target class [FirstController] does not exist. at C:\\Users\\Nathan\\Documents\\Cours\\BUT_2\\Photos\\vendor\\laravel\\framework\\src\\Illuminate\\Container\\Container.php:914)
[stacktrace]
#0 C:\\Users\\Nathan\\Documents\\Cours\\BUT_2\\Photos\\vendor\\laravel\\framework\\src\\Illuminate\\Container\\Container.php(795): Illuminate\\Container\\Container->build('FirstController')
#1 C:\\Users\\Nathan\\Documents\\Cours\\BUT_2\\Photos\\vendor\\laravel\\framework\\src\\Illuminate\\Foundation\\Application.php(986): Illuminate\\Container\\Container->resolve('FirstController', Array, true)
#2 C:\\Users\\Nathan\\Documents\\Cours\\BUT_2\\Photos\\vendor\\laravel\\framework\\src\\Illuminate\\Container\\Container.php(731): Illuminate\\Foundation\\Application->resolve('FirstController', Array)
#3 C:\\Users\\Nathan\\Documents\\Cours\\BUT_2\\Photos\\vendor\\laravel\\framework\\src\\Illuminate\\Foundation\\Application.php(971): Illuminate\\Container\\Container->make('FirstController', Array)
#4 C:\\Users\\Nathan\\Documents\\Cours\\BUT_2\\Photos\\vendor\\laravel\\framework\\src\\Illuminate\\Routing\\Route.php(278): Illuminate\\Foundation\\Application->make('FirstController')
#5 C:\\Users\\Nathan\\Documents\\Cours\\BUT_2\\Photos\\vendor\\laravel\\framework\\src\\Illuminate\\Routing\\Route.php(260): Illuminate\\Routing\\Route->getController()
#6 C:\\Users\\Nathan\\Documents\\Cours\\BUT_2\\Photos\\vendor\\laravel\\framework\\src\\Illuminate\\Routing\\Route.php(205): Illuminate\\Routing\\Route->runController()
#7 C:\\Users\\Nathan\\Documents\\Cours\\BUT_2\\Photos\\vendor\\laravel\\framework\\src\\Illuminate\\Routing\\Router.php(806): Illuminate\\Routing\\Route->run()
#8 C:\\Users\\Nathan\\Documents\\Cours\\BUT_2\\Photos\\vendor\\laravel\\framework\\src\\Illuminate\\Pipeline\\Pipeline.php(144): Illuminate\\Routing\\Router->{closure:Illuminate\\Routing\\Router::runRouteWithinStack():805}(Object(Illuminate\\Http\\Request))
#9 C:\\Users\\Nathan\\Documents\\Cours\\BUT_2\\Photos\\vendor\\laravel\\framework\\src\\Illuminate\\Routing\\Middleware\\SubstituteBindings.php(50): Illuminate\\Pipeline\\Pipeline->{closure:Illuminate\\Pipeline\\Pipeline::prepareDestination():142}(Object(Illuminate\\Http\\Request))
#10 C:\\Users\\Nathan\\Documents\\Cours\\BUT_2\\Photos\\vendor\\laravel\\framework\\src\\Illuminate\\Pipeline\\Pipeline.php(183): Illuminate\\Routing\\Middleware\\SubstituteBindings->handle(Object(Illuminate\\Http\\Request), Object(Closure))
#11 C:\\Users\\Nathan\\Documents\\Cours\\BUT_2\\Photos\\vendor\\laravel\\framework\\src\\Illuminate\\Foundation\\Http\\Middleware\\VerifyCsrfToken.php(78): Illuminate\\Pipeline\\Pipeline->{closure:{closure:Illuminate\\Pipeline\\Pipeline::carry():158}:159}(Object(Illuminate\\Http\\Request))
#12 C:\\Users\\Nathan\\Documents\\Cours\\BUT_2\\Photos\\vendor\\laravel\\framework\\src\\Illuminate\\Pipeline\\Pipeline.php(183): Illuminate\\Foundation\\Http\\Middleware\\VerifyCsrfToken->handle(Object(Illuminate\\Http\\Request), Object(Closure))
#13 C:\\Users\\Nathan\\Documents\\Cours\\BUT_2\\Photos\\vendor\\laravel\\framework\\src\\Illuminate\\View\\Middleware\\ShareErrorsFromSession.php(49): Illuminate\\Pipeline\\Pipeline->{closure:{closure:Illuminate\\Pipeline\\Pipeline::carry():158}:159}(Object(Illuminate\\Http\\Request))
#14 C:\\Users\\Nathan\\Documents\\Cours\\BUT_2\\Photos\\vendor\\laravel\\framework\\src\\Illuminate\\Pipeline\\Pipeline.php(183): Illuminate\\View\\Middleware\\ShareErrorsFromSession->handle(Object(Illuminate\\Http\\Request), Object(Closure))
#15 C:\\Users\\Nathan\\Documents\\Cours\\BUT_2\\Photos\\vendor\\laravel\\framework\\src\\Illuminate\\Session\\Middleware\\StartSession.php(121): Illuminate\\Pipeline\\Pipeline->{closure:{closure:Illuminate\\Pipeline\\Pipeline::carry():158}:159}(Object(Illuminate\\Http\\Request))
#16 C:\\Users\\Nathan\\Documents\\Cours\\BUT_2\\Photos\\vendor\\laravel\\framework\\src\\Illuminate\\Session\\Middleware\\StartSession.php(64): Illuminate\\Session\\Middleware\\StartSession->handleStatefulRequest(Object(Illuminate\\Http\\Request), Object(Illuminate\\Session\\Store), Object(Closure))
#17 C:\\Users\\Nathan\\Documents\\Cours\\BUT_2\\Photos\\vendor\\laravel\\framework\\src\\Illuminate\\Pipeline\\Pipeline.php(183): Illuminate\\Session\\Middleware\\StartSession->handle(Object(Illuminate\\Http\\Request), Object(Closure))
#18 C:\\Users\\Nathan\\Documents\\Cours\\BUT_2\\Photos\\vendor\\laravel\\framework\\src\\Illuminate\\Cookie\\Middleware\\AddQueuedCookiesToResponse.php(37): Illuminate\\Pipeline\\Pipeline->{closure:{closure:Illuminate\\Pipeline\\Pipeline::carry():158}:159}(Object(Illuminate\\Http\\Request))
#19 C:\\Users\\Nathan\\Documents\\Cours\\BUT_2\\Photos\\vendor\\laravel\\framework\\src\\Illuminate\\Pipeline\\Pipeline.php(183): Illuminate\\Cookie\\Middleware\\AddQueuedCookiesToResponse->handle(Object(Illuminate\\Http\\Request), Object(Closure))
#20 C:\\Users\\Nathan\\Documents\\Cours\\BUT_2\\Photos\\vendor\\laravel\\framework\\src\\Illuminate\\Cookie\\Middleware\\EncryptCookies.php(67): Illuminate\\Pipeline\\Pipeline->{closure:{closure:Illuminate\\Pipeline\\Pipeline::carry():158}:159}(Object(Illuminate\\Http\\Request))
#21 C:\\Users\\Nathan\\Documents\\Cours\\BUT_2\\Photos\\vendor\\laravel\\framework\\src\\Illuminate\\Pipeline\\Pipeline.php(183): Illuminate\\Cookie\\Middleware\\EncryptCookies->handle(Object(Illuminate\\Http\\Request), Object(Closure))
#22 C:\\Users\\Nathan\\Documents\\Cours\\BUT_2\\Photos\\vendor\\laravel\\framework\\src\\Illuminate\\Pipeline\\Pipeline.php(119): Illuminate\\Pipeline\\Pipeline->{closure:{closure:Illuminate\\Pipeline\\Pipeline::carry():158}:159}(Object(Illuminate\\Http\\Request))
#23 C:\\Users\\Nathan\\Documents\\Cours\\BUT_2\\Photos\\vendor\\laravel\\framework\\src\\Illuminate\\Routing\\Router.php(805): Illuminate\\Pipeline\\Pipeline->then(Object(Closure))
#24 C:\\Users\\Nathan\\Documents\\Cours\\BUT_2\\Photos\\vendor\\laravel\\framework\\src\\Illuminate\\Routing\\Router.php(784): Illuminate\\Routing\\Router->runRouteWithinStack(Object(Illuminate\\Routing\\Route), Object(Illuminate\\Http\\Request))
#25 C:\\Users\\Nathan\\Documents\\Cours\\BUT_2\\Photos\\vendor\\laravel\\framework\\src\\Illuminate\\Routing\\Router.php(748): Illuminate\\Routing\\Router->runRoute(Object(Illuminate\\Http\\Request), Object(Illuminate\\Routing\\Route))
#26 C:\\Users\\Nathan\\Documents\\Cours\\BUT_2\\Photos\\vendor\\laravel\\framework\\src\\Illuminate\\Routing\\Router.php(737): Illuminate\\Routing\\Router->dispatchToRoute(Object(Illuminate\\Http\\Request))
#27 C:\\Users\\Nathan\\Documents\\Cours\\BUT_2\\Photos\\vendor\\laravel\\framework\\src\\Illuminate\\Foundation\\Http\\Kernel.php(200): Illuminate\\Routing\\Router->dispatch(Object(Illuminate\\Http\\Request))
#28 C:\\Users\\Nathan\\Documents\\Cours\\BUT_2\\Photos\\vendor\\laravel\\framework\\src\\Illuminate\\Pipeline\\Pipeline.php(144): Illuminate\\Foundation\\Http\\Kernel->{closure:Illuminate\\Foundation\\Http\\Kernel::dispatchToRouter():197}(Object(Illuminate\\Http\\Request))
#29 C:\\Users\\Nathan\\Documents\\Cours\\BUT_2\\Photos\\vendor\\laravel\\framework\\src\\Illuminate\\Foundation\\Http\\Middleware\\TransformsRequest.php(21): Illuminate\\Pipeline\\Pipeline->{closure:Illuminate\\Pipeline\\Pipeline::prepareDestination():142}(Object(Illuminate\\Http\\Request))
#30 C:\\Users\\Nathan\\Documents\\Cours\\BUT_2\\Photos\\vendor\\laravel\\framework\\src\\Illuminate\\Foundation\\Http\\Middleware\\ConvertEmptyStringsToNull.php(31): Illuminate\\Foundation\\Http\\Middleware\\TransformsRequest->handle(Object(Illuminate\\Http\\Request), Object(Closure))
#31 C:\\Users\\Nathan\\Documents\\Cours\\BUT_2\\Photos\\vendor\\laravel\\framework\\src\\Illuminate\\Pipeline\\Pipeline.php(183): Illuminate\\Foundation\\Http\\Middleware\\ConvertEmptyStringsToNull->handle(Object(Illuminate\\Http\\Request), Object(Closure))
#32 C:\\Users\\Nathan\\Documents\\Cours\\BUT_2\\Photos\\vendor\\laravel\\framework\\src\\Illuminate\\Foundation\\Http\\Middleware\\TransformsRequest.php(21): Illuminate\\Pipeline\\Pipeline->{closure:{closure:Illuminate\\Pipeline\\Pipeline::carry():158}:159}(Object(Illuminate\\Http\\Request))
#33 C:\\Users\\Nathan\\Documents\\Cours\\BUT_2\\Photos\\vendor\\laravel\\framework\\src\\Illuminate\\Foundation\\Http\\Middleware\\TrimStrings.php(40): Illuminate\\Foundation\\Http\\Middleware\\TransformsRequest->handle(Object(Illuminate\\Http\\Request), Object(Closure))
#34 C:\\Users\\Nathan\\Documents\\Cours\\BUT_2\\Photos\\vendor\\laravel\\framework\\src\\Illuminate\\Pipeline\\Pipeline.php(183): Illuminate\\Foundation\\Http\\Middleware\\TrimStrings->handle(Object(Illuminate\\Http\\Request), Object(Closure))
#35 C:\\Users\\Nathan\\Documents\\Cours\\BUT_2\\Photos\\vendor\\laravel\\framework\\src\\Illuminate\\Foundation\\Http\\Middleware\\ValidatePostSize.php(27): Illuminate\\Pipeline\\Pipeline->{closure:{closure:Illuminate\\Pipeline\\Pipeline::carry():158}:159}(Object(Illuminate\\Http\\Request))
#36 C:\\Users\\Nathan\\Documents\\Cours\\BUT_2\\Photos\\vendor\\laravel\\framework\\src\\Illuminate\\Pipeline\\Pipeline.php(183): Illuminate\\Foundation\\Http\\Middleware\\ValidatePostSize->handle(Object(Illuminate\\Http\\Request), Object(Closure))
#37 C:\\Users\\Nathan\\Documents\\Cours\\BUT_2\\Photos\\vendor\\laravel\\framework\\src\\Illuminate\\Foundation\\Http\\Middleware\\PreventRequestsDuringMaintenance.php(99): Illuminate\\Pipeline\\Pipeline->{closure:{closure:Illuminate\\Pipeline\\Pipeline::carry():158}:159}(Object(Illuminate\\Http\\Request))
#38 C:\\Users\\Nathan\\Documents\\Cours\\BUT_2\\Photos\\vendor\\laravel\\framework\\src\\Illuminate\\Pipeline\\Pipeline.php(183): Illuminate\\Foundation\\Http\\Middleware\\PreventRequestsDuringMaintenance->handle(Object(Illuminate\\Http\\Request), Object(Closure))
#39 C:\\Users\\Nathan\\Documents\\Cours\\BUT_2\\Photos\\vendor\\laravel\\framework\\src\\Illuminate\\Http\\Middleware\\HandleCors.php(49): Illuminate\\Pipeline\\Pipeline->{closure:{closure:Illuminate\\Pipeline\\Pipeline::carry():158}:159}(Object(Illuminate\\Http\\Request))
#40 C:\\Users\\Nathan\\Documents\\Cours\\BUT_2\\Photos\\vendor\\laravel\\framework\\src\\Illuminate\\Pipeline\\Pipeline.php(183): Illuminate\\Http\\Middleware\\HandleCors->handle(Object(Illuminate\\Http\\Request), Object(Closure))
#41 C:\\Users\\Nathan\\Documents\\Cours\\BUT_2\\Photos\\vendor\\laravel\\framework\\src\\Illuminate\\Http\\Middleware\\TrustProxies.php(39): Illuminate\\Pipeline\\Pipeline->{closure:{closure:Illuminate\\Pipeline\\Pipeline::carry():158}:159}(Object(Illuminate\\Http\\Request))
#42 C:\\Users\\Nathan\\Documents\\Cours\\BUT_2\\Photos\\vendor\\laravel\\framework\\src\\Illuminate\\Pipeline\\Pipeline.php(183): Illuminate\\Http\\Middleware\\TrustProxies->handle(Object(Illuminate\\Http\\Request), Object(Closure))
#43 C:\\Users\\Nathan\\Documents\\Cours\\BUT_2\\Photos\\vendor\\laravel\\framework\\src\\Illuminate\\Pipeline\\Pipeline.php(119): Illuminate\\Pipeline\\Pipeline->{closure:{closure:Illuminate\\Pipeline\\Pipeline::carry():158}:159}(Object(Illuminate\\Http\\Request))
#44 C:\\Users\\Nathan\\Documents\\Cours\\BUT_2\\Photos\\vendor\\laravel\\framework\\src\\Illuminate\\Foundation\\Http\\Kernel.php(175): Illuminate\\Pipeline\\Pipeline->then(Object(Closure))
#45 C:\\Users\\Nathan\\Documents\\Cours\\BUT_2\\Photos\\vendor\\laravel\\framework\\src\\Illuminate\\Foundation\\Http\\Kernel.php(144): Illuminate\\Foundation\\Http\\Kernel->sendRequestThroughRouter(Object(Illuminate\\Http\\Request))
#46 C:\\Users\\Nathan\\Documents\\Cours\\BUT_2\\Photos\\public\\index.php(51): Illuminate\\Foundation\\Http\\Kernel->handle(Object(Illuminate\\Http\\Request))
#47 C:\\Users\\Nathan\\Documents\\Cours\\BUT_2\\Photos\\vendor\\laravel\\framework\\src\\Illuminate\\Foundation\\resources\\server.php(16): require_once('C:\\\\Users\\\\Nathan...')
#48 {main}

[previous exception] [object] (ReflectionException(code: -1): Class \"FirstController\" does not exist at C:\\Users\\Nathan\\Documents\\Cours\\BUT_2\\Photos\\vendor\\laravel\\framework\\src\\Illuminate\\Container\\Container.php:912)
[stacktrace]
#0 C:\\Users\\Nathan\\Documents\\Cours\\BUT_2\\Photos\\vendor\\laravel\\framework\\src\\Illuminate\\Container\\Container.php(912): ReflectionClass->__construct('FirstController')
#1 C:\\Users\\Nathan\\Documents\\Cours\\BUT_2\\Photos\\vendor\\laravel\\framework\\src\\Illuminate\\Container\\Container.php(795): Illuminate\\Container\\Container->build('FirstController')
#2 C:\\Users\\Nathan\\Documents\\Cours\\BUT_2\\Photos\\vendor\\laravel\\framework\\src\\Illuminate\\Foundation\\Application.php(986): Illuminate\\Container\\Container->resolve('FirstController', Array, true)
#3 C:\\Users\\Nathan\\Documents\\Cours\\BUT_2\\Photos\\vendor\\laravel\\framework\\src\\Illuminate\\Container\\Container.php(731): Illuminate\\Foundation\\Application->resolve('FirstController', Array)
#4 C:\\Users\\Nathan\\Documents\\Cours\\BUT_2\\Photos\\vendor\\laravel\\framework\\src\\Illuminate\\Foundation\\Application.php(971): Illuminate\\Container\\Container->make('FirstController', Array)
#5 C:\\Users\\Nathan\\Documents\\Cours\\BUT_2\\Photos\\vendor\\laravel\\framework\\src\\Illuminate\\Routing\\Route.php(278): Illuminate\\Foundation\\Application->make('FirstController')
#6 C:\\Users\\Nathan\\Documents\\Cours\\BUT_2\\Photos\\vendor\\laravel\\framework\\src\\Illuminate\\Routing\\Route.php(260): Illuminate\\Routing\\Route->getController()
#7 C:\\Users\\Nathan\\Documents\\Cours\\BUT_2\\Photos\\vendor\\laravel\\framework\\src\\Illuminate\\Routing\\Route.php(205): Illuminate\\Routing\\Route->runController()
#8 C:\\Users\\Nathan\\Documents\\Cours\\BUT_2\\Photos\\vendor\\laravel\\framework\\src\\Illuminate\\Routing\\Router.php(806): Illuminate\\Routing\\Route->run()
#9 C:\\Users\\Nathan\\Documents\\Cours\\BUT_2\\Photos\\vendor\\laravel\\framework\\src\\Illuminate\\Pipeline\\Pipeline.php(144): Illuminate\\Routing\\Router->{closure:Illuminate\\Routing\\Router::runRouteWithinStack():805}(Object(Illuminate\\Http\\Request))
#10 C:\\Users\\Nathan\\Documents\\Cours\\BUT_2\\Photos\\vendor\\laravel\\framework\\src\\Illuminate\\Routing\\Middleware\\SubstituteBindings.php(50): Illuminate\\Pipeline\\Pipeline->{closure:Illuminate\\Pipeline\\Pipeline::prepareDestination():142}(Object(Illuminate\\Http\\Request))
#11 C:\\Users\\Nathan\\Documents\\Cours\\BUT_2\\Photos\\vendor\\laravel\\framework\\src\\Illuminate\\Pipeline\\Pipeline.php(183): Illuminate\\Routing\\Middleware\\SubstituteBindings->handle(Object(Illuminate\\Http\\Request), Object(Closure))
#12 C:\\Users\\Nathan\\Documents\\Cours\\BUT_2\\Photos\\vendor\\laravel\\framework\\src\\Illuminate\\Foundation\\Http\\Middleware\\VerifyCsrfToken.php(78): Illuminate\\Pipeline\\Pipeline->{closure:{closure:Illuminate\\Pipeline\\Pipeline::carry():158}:159}(Object(Illuminate\\Http\\Request))
#13 C:\\Users\\Nathan\\Documents\\Cours\\BUT_2\\Photos\\vendor\\laravel\\framework\\src\\Illuminate\\Pipeline\\Pipeline.php(183): Illuminate\\Foundation\\Http\\Middleware\\VerifyCsrfToken->handle(Object(Illuminate\\Http\\Request), Object(Closure))
#14 C:\\Users\\Nathan\\Documents\\Cours\\BUT_2\\Photos\\vendor\\laravel\\framework\\src\\Illuminate\\View\\Middleware\\ShareErrorsFromSession.php(49): Illuminate\\Pipeline\\Pipeline->{closure:{closure:Illuminate\\Pipeline\\Pipeline::carry():158}:159}(Object(Illuminate\\Http\\Request))
#15 C:\\Users\\Nathan\\Documents\\Cours\\BUT_2\\Photos\\vendor\\laravel\\framework\\src\\Illuminate\\Pipeline\\Pipeline.php(183): Illuminate\\View\\Middleware\\ShareErrorsFromSession->handle(Object(Illuminate\\Http\\Request), Object(Closure))
#16 C:\\Users\\Nathan\\Documents\\Cours\\BUT_2\\Photos\\vendor\\laravel\\framework\\src\\Illuminate\\Session\\Middleware\\StartSession.php(121): Illuminate\\Pipeline\\Pipeline->{closure:{closure:Illuminate\\Pipeline\\Pipeline::carry():158}:159}(Object(Illuminate\\Http\\Request))
#17 C:\\Users\\Nathan\\Documents\\Cours\\BUT_2\\Photos\\vendor\\laravel\\framework\\src\\Illuminate\\Session\\Middleware\\StartSession.php(64): Illuminate\\Session\\Middleware\\StartSession->handleStatefulRequest(Object(Illuminate\\Http\\Request), Object(Illuminate\\Session\\Store), Object(Closure))
#18 C:\\Users\\Nathan\\Documents\\Cours\\BUT_2\\Photos\\vendor\\laravel\\framework\\src\\Illuminate\\Pipeline\\Pipeline.php(183): Illuminate\\Session\\Middleware\\StartSession->handle(Object(Illuminate\\Http\\Request), Object(Closure))
#19 C:\\Users\\Nathan\\Documents\\Cours\\BUT_2\\Photos\\vendor\\laravel\\framework\\src\\Illuminate\\Cookie\\Middleware\\AddQueuedCookiesToResponse.php(37): Illuminate\\Pipeline\\Pipeline->{closure:{closure:Illuminate\\Pipeline\\Pipeline::carry():158}:159}(Object(Illuminate\\Http\\Request))
#20 C:\\Users\\Nathan\\Documents\\Cours\\BUT_2\\Photos\\vendor\\laravel\\framework\\src\\Illuminate\\Pipeline\\Pipeline.php(183): Illuminate\\Cookie\\Middleware\\AddQueuedCookiesToResponse->handle(Object(Illuminate\\Http\\Request), Object(Closure))
#21 C:\\Users\\Nathan\\Documents\\Cours\\BUT_2\\Photos\\vendor\\laravel\\framework\\src\\Illuminate\\Cookie\\Middleware\\EncryptCookies.php(67): Illuminate\\Pipeline\\Pipeline->{closure:{closure:Illuminate\\Pipeline\\Pipeline::carry():158}:159}(Object(Illuminate\\Http\\Request))
#22 C:\\Users\\Nathan\\Documents\\Cours\\BUT_2\\Photos\\vendor\\laravel\\framework\\src\\Illuminate\\Pipeline\\Pipeline.php(183): Illuminate\\Cookie\\Middleware\\EncryptCookies->handle(Object(Illuminate\\Http\\Request), Object(Closure))
#23 C:\\Users\\Nathan\\Documents\\Cours\\BUT_2\\Photos\\vendor\\laravel\\framework\\src\\Illuminate\\Pipeline\\Pipeline.php(119): Illuminate\\Pipeline\\Pipeline->{closure:{closure:Illuminate\\Pipeline\\Pipeline::carry():158}:159}(Object(Illuminate\\Http\\Request))
#24 C:\\Users\\Nathan\\Documents\\Cours\\BUT_2\\Photos\\vendor\\laravel\\framework\\src\\Illuminate\\Routing\\Router.php(805): Illuminate\\Pipeline\\Pipeline->then(Object(Closure))
#25 C:\\Users\\Nathan\\Documents\\Cours\\BUT_2\\Photos\\vendor\\laravel\\framework\\src\\Illuminate\\Routing\\Router.php(784): Illuminate\\Routing\\Router->runRouteWithinStack(Object(Illuminate\\Routing\\Route), Object(Illuminate\\Http\\Request))
#26 C:\\Users\\Nathan\\Documents\\Cours\\BUT_2\\Photos\\vendor\\laravel\\framework\\src\\Illuminate\\Routing\\Router.php(748): Illuminate\\Routing\\Router->runRoute(Object(Illuminate\\Http\\Request), Object(Illuminate\\Routing\\Route))
#27 C:\\Users\\Nathan\\Documents\\Cours\\BUT_2\\Photos\\vendor\\laravel\\framework\\src\\Illuminate\\Routing\\Router.php(737): Illuminate\\Routing\\Router->dispatchToRoute(Object(Illuminate\\Http\\Request))
#28 C:\\Users\\Nathan\\Documents\\Cours\\BUT_2\\Photos\\vendor\\laravel\\framework\\src\\Illuminate\\Foundation\\Http\\Kernel.php(200): Illuminate\\Routing\\Router->dispatch(Object(Illuminate\\Http\\Request))
#29 C:\\Users\\Nathan\\Documents\\Cours\\BUT_2\\Photos\\vendor\\laravel\\framework\\src\\Illuminate\\Pipeline\\Pipeline.php(144): Illuminate\\Foundation\\Http\\Kernel->{closure:Illuminate\\Foundation\\Http\\Kernel::dispatchToRouter():197}(Object(Illuminate\\Http\\Request))
#30 C:\\Users\\Nathan\\Documents\\Cours\\BUT_2\\Photos\\vendor\\laravel\\framework\\src\\Illuminate\\Foundation\\Http\\Middleware\\TransformsRequest.php(21): Illuminate\\Pipeline\\Pipeline->{closure:Illuminate\\Pipeline\\Pipeline::prepareDestination():142}(Object(Illuminate\\Http\\Request))
#31 C:\\Users\\Nathan\\Documents\\Cours\\BUT_2\\Photos\\vendor\\laravel\\framework\\src\\Illuminate\\Foundation\\Http\\Middleware\\ConvertEmptyStringsToNull.php(31): Illuminate\\Foundation\\Http\\Middleware\\TransformsRequest->handle(Object(Illuminate\\Http\\Request), Object(Closure))
#32 C:\\Users\\Nathan\\Documents\\Cours\\BUT_2\\Photos\\vendor\\laravel\\framework\\src\\Illuminate\\Pipeline\\Pipeline.php(183): Illuminate\\Foundation\\Http\\Middleware\\ConvertEmptyStringsToNull->handle(Object(Illuminate\\Http\\Request), Object(Closure))
#33 C:\\Users\\Nathan\\Documents\\Cours\\BUT_2\\Photos\\vendor\\laravel\\framework\\src\\Illuminate\\Foundation\\Http\\Middleware\\TransformsRequest.php(21): Illuminate\\Pipeline\\Pipeline->{closure:{closure:Illuminate\\Pipeline\\Pipeline::carry():158}:159}(Object(Illuminate\\Http\\Request))
#34 C:\\Users\\Nathan\\Documents\\Cours\\BUT_2\\Photos\\vendor\\laravel\\framework\\src\\Illuminate\\Foundation\\Http\\Middleware\\TrimStrings.php(40): Illuminate\\Foundation\\Http\\Middleware\\TransformsRequest->handle(Object(Illuminate\\Http\\Request), Object(Closure))
#35 C:\\Users\\Nathan\\Documents\\Cours\\BUT_2\\Photos\\vendor\\laravel\\framework\\src\\Illuminate\\Pipeline\\Pipeline.php(183): Illuminate\\Foundation\\Http\\Middleware\\TrimStrings->handle(Object(Illuminate\\Http\\Request), Object(Closure))
#36 C:\\Users\\Nathan\\Documents\\Cours\\BUT_2\\Photos\\vendor\\laravel\\framework\\src\\Illuminate\\Foundation\\Http\\Middleware\\ValidatePostSize.php(27): Illuminate\\Pipeline\\Pipeline->{closure:{closure:Illuminate\\Pipeline\\Pipeline::carry():158}:159}(Object(Illuminate\\Http\\Request))
#37 C:\\Users\\Nathan\\Documents\\Cours\\BUT_2\\Photos\\vendor\\laravel\\framework\\src\\Illuminate\\Pipeline\\Pipeline.php(183): Illuminate\\Foundation\\Http\\Middleware\\ValidatePostSize->handle(Object(Illuminate\\Http\\Request), Object(Closure))
#38 C:\\Users\\Nathan\\Documents\\Cours\\BUT_2\\Photos\\vendor\\laravel\\framework\\src\\Illuminate\\Foundation\\Http\\Middleware\\PreventRequestsDuringMaintenance.php(99): Illuminate\\Pipeline\\Pipeline->{closure:{closure:Illuminate\\Pipeline\\Pipeline::carry():158}:159}(Object(Illuminate\\Http\\Request))
#39 C:\\Users\\Nathan\\Documents\\Cours\\BUT_2\\Photos\\vendor\\laravel\\framework\\src\\Illuminate\\Pipeline\\Pipeline.php(183): Illuminate\\Foundation\\Http\\Middleware\\PreventRequestsDuringMaintenance->handle(Object(Illuminate\\Http\\Request), Object(Closure))
#40 C:\\Users\\Nathan\\Documents\\Cours\\BUT_2\\Photos\\vendor\\laravel\\framework\\src\\Illuminate\\Http\\Middleware\\HandleCors.php(49): Illuminate\\Pipeline\\Pipeline->{closure:{closure:Illuminate\\Pipeline\\Pipeline::carry():158}:159}(Object(Illuminate\\Http\\Request))
#41 C:\\Users\\Nathan\\Documents\\Cours\\BUT_2\\Photos\\vendor\\laravel\\framework\\src\\Illuminate\\Pipeline\\Pipeline.php(183): Illuminate\\Http\\Middleware\\HandleCors->handle(Object(Illuminate\\Http\\Request), Object(Closure))
#42 C:\\Users\\Nathan\\Documents\\Cours\\BUT_2\\Photos\\vendor\\laravel\\framework\\src\\Illuminate\\Http\\Middleware\\TrustProxies.php(39): Illuminate\\Pipeline\\Pipeline->{closure:{closure:Illuminate\\Pipeline\\Pipeline::carry():158}:159}(Object(Illuminate\\Http\\Request))
#43 C:\\Users\\Nathan\\Documents\\Cours\\BUT_2\\Photos\\vendor\\laravel\\framework\\src\\Illuminate\\Pipeline\\Pipeline.php(183): Illuminate\\Http\\Middleware\\TrustProxies->handle(Object(Illuminate\\Http\\Request), Object(Closure))
#44 C:\\Users\\Nathan\\Documents\\Cours\\BUT_2\\Photos\\vendor\\laravel\\framework\\src\\Illuminate\\Pipeline\\Pipeline.php(119): Illuminate\\Pipeline\\Pipeline->{closure:{closure:Illuminate\\Pipeline\\Pipeline::carry():158}:159}(Object(Illuminate\\Http\\Request))
#45 C:\\Users\\Nathan\\Documents\\Cours\\BUT_2\\Photos\\vendor\\laravel\\framework\\src\\Illuminate\\Foundation\\Http\\Kernel.php(175): Illuminate\\Pipeline\\Pipeline->then(Object(Closure))
#46 C:\\Users\\Nathan\\Documents\\Cours\\BUT_2\\Photos\\vendor\\laravel\\framework\\src\\Illuminate\\Foundation\\Http\\Kernel.php(144): Illuminate\\Foundation\\Http\\Kernel->sendRequestThroughRouter(Object(Illuminate\\Http\\Request))
#47 C:\\Users\\Nathan\\Documents\\Cours\\BUT_2\\Photos\\public\\index.php(51): Illuminate\\Foundation\\Http\\Kernel->handle(Object(Illuminate\\Http\\Request))
#48 C:\\Users\\Nathan\\Documents\\Cours\\BUT_2\\Photos\\vendor\\laravel\\framework\\src\\Illuminate\\Foundation\\resources\\server.php(16): require_once('C:\\\\Users\\\\Nathan...')
#49 {main}
"} 
[2025-11-18 09:44:52] local.ERROR: Target class [FirstController] does not exist. {"exception":"[object] (Illuminate\\Contracts\\Container\\BindingResolutionException(code: 0): Target class [FirstController] does not exist. at C:\\Users\\Nathan\\Documents\\Cours\\BUT_2\\Photos\\vendor\\laravel\\framework\\src\\Illuminate\\Container\\Container.php:914)
[stacktrace]
#0 C:\\Users\\Nathan\\Documents\\Cours\\BUT_2\\Photos\\vendor\\laravel\\framework\\src\\Illuminate\\Container\\Container.php(795): Illuminate\\Container\\Container->build('FirstController')
#1 C:\\Users\\Nathan\\Documents\\Cours\\BUT_2\\Photos\\vendor\\laravel\\framework\\src\\Illuminate\\Foundation\\Application.php(986): Illuminate\\Container\\Container->resolve('FirstController', Array, true)
#2 C:\\Users\\Nathan\\Documents\\Cours\\BUT_2\\Photos\\vendor\\laravel\\framework\\src\\Illuminate\\Container\\Container.php(731): Illuminate\\Foundation\\Application->resolve('FirstController', Array)
#3 C:\\Users\\Nathan\\Documents\\Cours\\BUT_2\\Photos\\vendor\\laravel\\framework\\src\\Illuminate\\Foundation\\Application.php(971): Illuminate\\Container\\Container->make('FirstController', Array)
#4 C:\\Users\\Nathan\\Documents\\Cours\\BUT_2\\Photos\\vendor\\laravel\\framework\\src\\Illuminate\\Routing\\Route.php(278): Illuminate\\Foundation\\Application->make('FirstController')
#5 C:\\Users\\Nathan\\Documents\\Cours\\BUT_2\\Photos\\vendor\\laravel\\framework\\src\\Illuminate\\Routing\\Route.php(260): Illuminate\\Routing\\Route->getController()
#6 C:\\Users\\Nathan\\Documents\\Cours\\BUT_2\\Photos\\vendor\\laravel\\framework\\src\\Illuminate\\Routing\\Route.php(205): Illuminate\\Routing\\Route->runController()
#7 C:\\Users\\Nathan\\Documents\\Cours\\BUT_2\\Photos\\vendor\\laravel\\framework\\src\\Illuminate\\Routing\\Router.php(806): Illuminate\\Routing\\Route->run()
#8 C:\\Users\\Nathan\\Documents\\Cours\\BUT_2\\Photos\\vendor\\laravel\\framework\\src\\Illuminate\\Pipeline\\Pipeline.php(144): Illuminate\\Routing\\Router->{closure:Illuminate\\Routing\\Router::runRouteWithinStack():805}(Object(Illuminate\\Http\\Request))
#9 C:\\Users\\Nathan\\Documents\\Cours\\BUT_2\\Photos\\vendor\\laravel\\framework\\src\\Illuminate\\Routing\\Middleware\\SubstituteBindings.php(50): Illuminate\\Pipeline\\Pipeline->{closure:Illuminate\\Pipeline\\Pipeline::prepareDestination():142}(Object(Illuminate\\Http\\Request))
#10 C:\\Users\\Nathan\\Documents\\Cours\\BUT_2\\Photos\\vendor\\laravel\\framework\\src\\Illuminate\\Pipeline\\Pipeline.php(183): Illuminate\\Routing\\Middleware\\SubstituteBindings->handle(Object(Illuminate\\Http\\Request), Object(Closure))
#11 C:\\Users\\Nathan\\Documents\\Cours\\BUT_2\\Photos\\vendor\\laravel\\framework\\src\\Illuminate\\Foundation\\Http\\Middleware\\VerifyCsrfToken.php(78): Illuminate\\Pipeline\\Pipeline->{closure:{closure:Illuminate\\Pipeline\\Pipeline::carry():158}:159}(Object(Illuminate\\Http\\Request))
#12 C:\\Users\\Nathan\\Documents\\Cours\\BUT_2\\Photos\\vendor\\laravel\\framework\\src\\Illuminate\\Pipeline\\Pipeline.php(183): Illuminate\\Foundation\\Http\\Middleware\\VerifyCsrfToken->handle(Object(Illuminate\\Http\\Request), Object(Closure))
#13 C:\\Users\\Nathan\\Documents\\Cours\\BUT_2\\Photos\\vendor\\laravel\\framework\\src\\Illuminate\\View\\Middleware\\ShareErrorsFromSession.php(49): Illuminate\\Pipeline\\Pipeline->{closure:{closure:Illuminate\\Pipeline\\Pipeline::carry():158}:159}(Object(Illuminate\\Http\\Request))
#14 C:\\Users\\Nathan\\Documents\\Cours\\BUT_2\\Photos\\vendor\\laravel\\framework\\src\\Illuminate\\Pipeline\\Pipeline.php(183): Illuminate\\View\\Middleware\\ShareErrorsFromSession->handle(Object(Illuminate\\Http\\Request), Object(Closure))
#15 C:\\Users\\Nathan\\Documents\\Cours\\BUT_2\\Photos\\vendor\\laravel\\framework\\src\\Illuminate\\Session\\Middleware\\StartSession.php(121): Illuminate\\Pipeline\\Pipeline->{closure:{closure:Illuminate\\Pipeline\\Pipeline::carry():158}:159}(Object(Illuminate\\Http\\Request))
#16 C:\\Users\\Nathan\\Documents\\Cours\\BUT_2\\Photos\\vendor\\laravel\\framework\\src\\Illuminate\\Session\\Middleware\\StartSession.php(64): Illuminate\\Session\\Middleware\\StartSession->handleStatefulRequest(Object(Illuminate\\Http\\Request), Object(Illuminate\\Session\\Store), Object(Closure))
#17 C:\\Users\\Nathan\\Documents\\Cours\\BUT_2\\Photos\\vendor\\laravel\\framework\\src\\Illuminate\\Pipeline\\Pipeline.php(183): Illuminate\\Session\\Middleware\\StartSession->handle(Object(Illuminate\\Http\\Request), Object(Closure))
#18 C:\\Users\\Nathan\\Documents\\Cours\\BUT_2\\Photos\\vendor\\laravel\\framework\\src\\Illuminate\\Cookie\\Middleware\\AddQueuedCookiesToResponse.php(37): Illuminate\\Pipeline\\Pipeline->{closure:{closure:Illuminate\\Pipeline\\Pipeline::carry():158}:159}(Object(Illuminate\\Http\\Request))
#19 C:\\Users\\Nathan\\Documents\\Cours\\BUT_2\\Photos\\vendor\\laravel\\framework\\src\\Illuminate\\Pipeline\\Pipeline.php(183): Illuminate\\Cookie\\Middleware\\AddQueuedCookiesToResponse->handle(Object(Illuminate\\Http\\Request), Object(Closure))
#20 C:\\Users\\Nathan\\Documents\\Cours\\BUT_2\\Photos\\vendor\\laravel\\framework\\src\\Illuminate\\Cookie\\Middleware\\EncryptCookies.php(67): Illuminate\\Pipeline\\Pipeline->{closure:{closure:Illuminate\\Pipeline\\Pipeline::carry():158}:159}(Object(Illuminate\\Http\\Request))
#21 C:\\Users\\Nathan\\Documents\\Cours\\BUT_2\\Photos\\vendor\\laravel\\framework\\src\\Illuminate\\Pipeline\\Pipeline.php(183): Illuminate\\Cookie\\Middleware\\EncryptCookies->handle(Object(Illuminate\\Http\\Request), Object(Closure))
#22 C:\\Users\\Nathan\\Documents\\Cours\\BUT_2\\Photos\\vendor\\laravel\\framework\\src\\Illuminate\\Pipeline\\Pipeline.php(119): Illuminate\\Pipeline\\Pipeline->{closure:{closure:Illuminate\\Pipeline\\Pipeline::carry():158}:159}(Object(Illuminate\\Http\\Request))
#23 C:\\Users\\Nathan\\Documents\\Cours\\BUT_2\\Photos\\vendor\\laravel\\framework\\src\\Illuminate\\Routing\\Router.php(805): Illuminate\\Pipeline\\Pipeline->then(Object(Closure))
#24 C:\\Users\\Nathan\\Documents\\Cours\\BUT_2\\Photos\\vendor\\laravel\\framework\\src\\Illuminate\\Routing\\Router.php(784): Illuminate\\Routing\\Router->runRouteWithinStack(Object(Illuminate\\Routing\\Route), Object(Illuminate\\Http\\Request))
#25 C:\\Users\\Nathan\\Documents\\Cours\\BUT_2\\Photos\\vendor\\laravel\\framework\\src\\Illuminate\\Routing\\Router.php(748): Illuminate\\Routing\\Router->runRoute(Object(Illuminate\\Http\\Request), Object(Illuminate\\Routing\\Route))
#26 C:\\Users\\Nathan\\Documents\\Cours\\BUT_2\\Photos\\vendor\\laravel\\framework\\src\\Illuminate\\Routing\\Router.php(737): Illuminate\\Routing\\Router->dispatchToRoute(Object(Illuminate\\Http\\Request))
#27 C:\\Users\\Nathan\\Documents\\Cours\\BUT_2\\Photos\\vendor\\laravel\\framework\\src\\Illuminate\\Foundation\\Http\\Kernel.php(200): Illuminate\\Routing\\Router->dispatch(Object(Illuminate\\Http\\Request))
#28 C:\\Users\\Nathan\\Documents\\Cours\\BUT_2\\Photos\\vendor\\laravel\\framework\\src\\Illuminate\\Pipeline\\Pipeline.php(144): Illuminate\\Foundation\\Http\\Kernel->{closure:Illuminate\\Foundation\\Http\\Kernel::dispatchToRouter():197}(Object(Illuminate\\Http\\Request))
#29 C:\\Users\\Nathan\\Documents\\Cours\\BUT_2\\Photos\\vendor\\laravel\\framework\\src\\Illuminate\\Foundation\\Http\\Middleware\\TransformsRequest.php(21): Illuminate\\Pipeline\\Pipeline->{closure:Illuminate\\Pipeline\\Pipeline::prepareDestination():142}(Object(Illuminate\\Http\\Request))
#30 C:\\Users\\Nathan\\Documents\\Cours\\BUT_2\\Photos\\vendor\\laravel\\framework\\src\\Illuminate\\Foundation\\Http\\Middleware\\ConvertEmptyStringsToNull.php(31): Illuminate\\Foundation\\Http\\Middleware\\TransformsRequest->handle(Object(Illuminate\\Http\\Request), Object(Closure))
#31 C:\\Users\\Nathan\\Documents\\Cours\\BUT_2\\Photos\\vendor\\laravel\\framework\\src\\Illuminate\\Pipeline\\Pipeline.php(183): Illuminate\\Foundation\\Http\\Middleware\\ConvertEmptyStringsToNull->handle(Object(Illuminate\\Http\\Request), Object(Closure))
#32 C:\\Users\\Nathan\\Documents\\Cours\\BUT_2\\Photos\\vendor\\laravel\\framework\\src\\Illuminate\\Foundation\\Http\\Middleware\\TransformsRequest.php(21): Illuminate\\Pipeline\\Pipeline->{closure:{closure:Illuminate\\Pipeline\\Pipeline::carry():158}:159}(Object(Illuminate\\Http\\Request))
#33 C:\\Users\\Nathan\\Documents\\Cours\\BUT_2\\Photos\\vendor\\laravel\\framework\\src\\Illuminate\\Foundation\\Http\\Middleware\\TrimStrings.php(40): Illuminate\\Foundation\\Http\\Middleware\\TransformsRequest->handle(Object(Illuminate\\Http\\Request), Object(Closure))
#34 C:\\Users\\Nathan\\Documents\\Cours\\BUT_2\\Photos\\vendor\\laravel\\framework\\src\\Illuminate\\Pipeline\\Pipeline.php(183): Illuminate\\Foundation\\Http\\Middleware\\TrimStrings->handle(Object(Illuminate\\Http\\Request), Object(Closure))
#35 C:\\Users\\Nathan\\Documents\\Cours\\BUT_2\\Photos\\vendor\\laravel\\framework\\src\\Illuminate\\Foundation\\Http\\Middleware\\ValidatePostSize.php(27): Illuminate\\Pipeline\\Pipeline->{closure:{closure:Illuminate\\Pipeline\\Pipeline::carry():158}:159}(Object(Illuminate\\Http\\Request))
#36 C:\\Users\\Nathan\\Documents\\Cours\\BUT_2\\Photos\\vendor\\laravel\\framework\\src\\Illuminate\\Pipeline\\Pipeline.php(183): Illuminate\\Foundation\\Http\\Middleware\\ValidatePostSize->handle(Object(Illuminate\\Http\\Request), Object(Closure))
#37 C:\\Users\\Nathan\\Documents\\Cours\\BUT_2\\Photos\\vendor\\laravel\\framework\\src\\Illuminate\\Foundation\\Http\\Middleware\\PreventRequestsDuringMaintenance.php(99): Illuminate\\Pipeline\\Pipeline->{closure:{closure:Illuminate\\Pipeline\\Pipeline::carry():158}:159}(Object(Illuminate\\Http\\Request))
#38 C:\\Users\\Nathan\\Documents\\Cours\\BUT_2\\Photos\\vendor\\laravel\\framework\\src\\Illuminate\\Pipeline\\Pipeline.php(183): Illuminate\\Foundation\\Http\\Middleware\\PreventRequestsDuringMaintenance->handle(Object(Illuminate\\Http\\Request), Object(Closure))
#39 C:\\Users\\Nathan\\Documents\\Cours\\BUT_2\\Photos\\vendor\\laravel\\framework\\src\\Illuminate\\Http\\Middleware\\HandleCors.php(49): Illuminate\\Pipeline\\Pipeline->{closure:{closure:Illuminate\\Pipeline\\Pipeline::carry():158}:159}(Object(Illuminate\\Http\\Request))
#40 C:\\Users\\Nathan\\Documents\\Cours\\BUT_2\\Photos\\vendor\\laravel\\framework\\src\\Illuminate\\Pipeline\\Pipeline.php(183): Illuminate\\Http\\Middleware\\HandleCors->handle(Object(Illuminate\\Http\\Request), Object(Closure))
#41 C:\\Users\\Nathan\\Documents\\Cours\\BUT_2\\Photos\\vendor\\laravel\\framework\\src\\Illuminate\\Http\\Middleware\\TrustProxies.php(39): Illuminate\\Pipeline\\Pipeline->{closure:{closure:Illuminate\\Pipeline\\Pipeline::carry():158}:159}(Object(Illuminate\\Http\\Request))
#42 C:\\Users\\Nathan\\Documents\\Cours\\BUT_2\\Photos\\vendor\\laravel\\framework\\src\\Illuminate\\Pipeline\\Pipeline.php(183): Illuminate\\Http\\Middleware\\TrustProxies->handle(Object(Illuminate\\Http\\Request), Object(Closure))
#43 C:\\Users\\Nathan\\Documents\\Cours\\BUT_2\\Photos\\vendor\\laravel\\framework\\src\\Illuminate\\Pipeline\\Pipeline.php(119): Illuminate\\Pipeline\\Pipeline->{closure:{closure:Illuminate\\Pipeline\\Pipeline::carry():158}:159}(Object(Illuminate\\Http\\Request))
#44 C:\\Users\\Nathan\\Documents\\Cours\\BUT_2\\Photos\\vendor\\laravel\\framework\\src\\Illuminate\\Foundation\\Http\\Kernel.php(175): Illuminate\\Pipeline\\Pipeline->then(Object(Closure))
#45 C:\\Users\\Nathan\\Documents\\Cours\\BUT_2\\Photos\\vendor\\laravel\\framework\\src\\Illuminate\\Foundation\\Http\\Kernel.php(144): Illuminate\\Foundation\\Http\\Kernel->sendRequestThroughRouter(Object(Illuminate\\Http\\Request))
#46 C:\\Users\\Nathan\\Documents\\Cours\\BUT_2\\Photos\\public\\index.php(51): Illuminate\\Foundation\\Http\\Kernel->handle(Object(Illuminate\\Http\\Request))
#47 C:\\Users\\Nathan\\Documents\\Cours\\BUT_2\\Photos\\vendor\\laravel\\framework\\src\\Illuminate\\Foundation\\resources\\server.php(16): require_once('C:\\\\Users\\\\Nathan...')
#48 {main}

[previous exception] [object] (ReflectionException(code: -1): Class \"FirstController\" does not exist at C:\\Users\\Nathan\\Documents\\Cours\\BUT_2\\Photos\\vendor\\laravel\\framework\\src\\Illuminate\\Container\\Container.php:912)
[stacktrace]
#0 C:\\Users\\Nathan\\Documents\\Cours\\BUT_2\\Photos\\vendor\\laravel\\framework\\src\\Illuminate\\Container\\Container.php(912): ReflectionClass->__construct('FirstController')
#1 C:\\Users\\Nathan\\Documents\\Cours\\BUT_2\\Photos\\vendor\\laravel\\framework\\src\\Illuminate\\Container\\Container.php(795): Illuminate\\Container\\Container->build('FirstController')
#2 C:\\Users\\Nathan\\Documents\\Cours\\BUT_2\\Photos\\vendor\\laravel\\framework\\src\\Illuminate\\Foundation\\Application.php(986): Illuminate\\Container\\Container->resolve('FirstController', Array, true)
#3 C:\\Users\\Nathan\\Documents\\Cours\\BUT_2\\Photos\\vendor\\laravel\\framework\\src\\Illuminate\\Container\\Container.php(731): Illuminate\\Foundation\\Application->resolve('FirstController', Array)
#4 C:\\Users\\Nathan\\Documents\\Cours\\BUT_2\\Photos\\vendor\\laravel\\framework\\src\\Illuminate\\Foundation\\Application.php(971): Illuminate\\Container\\Container->make('FirstController', Array)
#5 C:\\Users\\Nathan\\Documents\\Cours\\BUT_2\\Photos\\vendor\\laravel\\framework\\src\\Illuminate\\Routing\\Route.php(278): Illuminate\\Foundation\\Application->make('FirstController')
#6 C:\\Users\\Nathan\\Documents\\Cours\\BUT_2\\Photos\\vendor\\laravel\\framework\\src\\Illuminate\\Routing\\Route.php(260): Illuminate\\Routing\\Route->getController()
#7 C:\\Users\\Nathan\\Documents\\Cours\\BUT_2\\Photos\\vendor\\laravel\\framework\\src\\Illuminate\\Routing\\Route.php(205): Illuminate\\Routing\\Route->runController()
#8 C:\\Users\\Nathan\\Documents\\Cours\\BUT_2\\Photos\\vendor\\laravel\\framework\\src\\Illuminate\\Routing\\Router.php(806): Illuminate\\Routing\\Route->run()
#9 C:\\Users\\Nathan\\Documents\\Cours\\BUT_2\\Photos\\vendor\\laravel\\framework\\src\\Illuminate\\Pipeline\\Pipeline.php(144): Illuminate\\Routing\\Router->{closure:Illuminate\\Routing\\Router::runRouteWithinStack():805}(Object(Illuminate\\Http\\Request))
#10 C:\\Users\\Nathan\\Documents\\Cours\\BUT_2\\Photos\\vendor\\laravel\\framework\\src\\Illuminate\\Routing\\Middleware\\SubstituteBindings.php(50): Illuminate\\Pipeline\\Pipeline->{closure:Illuminate\\Pipeline\\Pipeline::prepareDestination():142}(Object(Illuminate\\Http\\Request))
#11 C:\\Users\\Nathan\\Documents\\Cours\\BUT_2\\Photos\\vendor\\laravel\\framework\\src\\Illuminate\\Pipeline\\Pipeline.php(183): Illuminate\\Routing\\Middleware\\SubstituteBindings->handle(Object(Illuminate\\Http\\Request), Object(Closure))
#12 C:\\Users\\Nathan\\Documents\\Cours\\BUT_2\\Photos\\vendor\\laravel\\framework\\src\\Illuminate\\Foundation\\Http\\Middleware\\VerifyCsrfToken.php(78): Illuminate\\Pipeline\\Pipeline->{closure:{closure:Illuminate\\Pipeline\\Pipeline::carry():158}:159}(Object(Illuminate\\Http\\Request))
#13 C:\\Users\\Nathan\\Documents\\Cours\\BUT_2\\Photos\\vendor\\laravel\\framework\\src\\Illuminate\\Pipeline\\Pipeline.php(183): Illuminate\\Foundation\\Http\\Middleware\\VerifyCsrfToken->handle(Object(Illuminate\\Http\\Request), Object(Closure))
#14 C:\\Users\\Nathan\\Documents\\Cours\\BUT_2\\Photos\\vendor\\laravel\\framework\\src\\Illuminate\\View\\Middleware\\ShareErrorsFromSession.php(49): Illuminate\\Pipeline\\Pipeline->{closure:{closure:Illuminate\\Pipeline\\Pipeline::carry():158}:159}(Object(Illuminate\\Http\\Request))
#15 C:\\Users\\Nathan\\Documents\\Cours\\BUT_2\\Photos\\vendor\\laravel\\framework\\src\\Illuminate\\Pipeline\\Pipeline.php(183): Illuminate\\View\\Middleware\\ShareErrorsFromSession->handle(Object(Illuminate\\Http\\Request), Object(Closure))
#16 C:\\Users\\Nathan\\Documents\\Cours\\BUT_2\\Photos\\vendor\\laravel\\framework\\src\\Illuminate\\Session\\Middleware\\StartSession.php(121): Illuminate\\Pipeline\\Pipeline->{closure:{closure:Illuminate\\Pipeline\\Pipeline::carry():158}:159}(Object(Illuminate\\Http\\Request))
#17 C:\\Users\\Nathan\\Documents\\Cours\\BUT_2\\Photos\\vendor\\laravel\\framework\\src\\Illuminate\\Session\\Middleware\\StartSession.php(64): Illuminate\\Session\\Middleware\\StartSession->handleStatefulRequest(Object(Illuminate\\Http\\Request), Object(Illuminate\\Session\\Store), Object(Closure))
#18 C:\\Users\\Nathan\\Documents\\Cours\\BUT_2\\Photos\\vendor\\laravel\\framework\\src\\Illuminate\\Pipeline\\Pipeline.php(183): Illuminate\\Session\\Middleware\\StartSession->handle(Object(Illuminate\\Http\\Request), Object(Closure))
#19 C:\\Users\\Nathan\\Documents\\Cours\\BUT_2\\Photos\\vendor\\laravel\\framework\\src\\Illuminate\\Cookie\\Middleware\\AddQueuedCookiesToResponse.php(37): Illuminate\\Pipeline\\Pipeline->{closure:{closure:Illuminate\\Pipeline\\Pipeline::carry():158}:159}(Object(Illuminate\\Http\\Request))
#20 C:\\Users\\Nathan\\Documents\\Cours\\BUT_2\\Photos\\vendor\\laravel\\framework\\src\\Illuminate\\Pipeline\\Pipeline.php(183): Illuminate\\Cookie\\Middleware\\AddQueuedCookiesToResponse->handle(Object(Illuminate\\Http\\Request), Object(Closure))
#21 C:\\Users\\Nathan\\Documents\\Cours\\BUT_2\\Photos\\vendor\\laravel\\framework\\src\\Illuminate\\Cookie\\Middleware\\EncryptCookies.php(67): Illuminate\\Pipeline\\Pipeline->{closure:{closure:Illuminate\\Pipeline\\Pipeline::carry():158}:159}(Object(Illuminate\\Http\\Request))
#22 C:\\Users\\Nathan\\Documents\\Cours\\BUT_2\\Photos\\vendor\\laravel\\framework\\src\\Illuminate\\Pipeline\\Pipeline.php(183): Illuminate\\Cookie\\Middleware\\EncryptCookies->handle(Object(Illuminate\\Http\\Request), Object(Closure))
#23 C:\\Users\\Nathan\\Documents\\Cours\\BUT_2\\Photos\\vendor\\laravel\\framework\\src\\Illuminate\\Pipeline\\Pipeline.php(119): Illuminate\\Pipeline\\Pipeline->{closure:{closure:Illuminate\\Pipeline\\Pipeline::carry():158}:159}(Object(Illuminate\\Http\\Request))
#24 C:\\Users\\Nathan\\Documents\\Cours\\BUT_2\\Photos\\vendor\\laravel\\framework\\src\\Illuminate\\Routing\\Router.php(805): Illuminate\\Pipeline\\Pipeline->then(Object(Closure))
#25 C:\\Users\\Nathan\\Documents\\Cours\\BUT_2\\Photos\\vendor\\laravel\\framework\\src\\Illuminate\\Routing\\Router.php(784): Illuminate\\Routing\\Router->runRouteWithinStack(Object(Illuminate\\Routing\\Route), Object(Illuminate\\Http\\Request))
#26 C:\\Users\\Nathan\\Documents\\Cours\\BUT_2\\Photos\\vendor\\laravel\\framework\\src\\Illuminate\\Routing\\Router.php(748): Illuminate\\Routing\\Router->runRoute(Object(Illuminate\\Http\\Request), Object(Illuminate\\Routing\\Route))
#27 C:\\Users\\Nathan\\Documents\\Cours\\BUT_2\\Photos\\vendor\\laravel\\framework\\src\\Illuminate\\Routing\\Router.php(737): Illuminate\\Routing\\Router->dispatchToRoute(Object(Illuminate\\Http\\Request))
#28 C:\\Users\\Nathan\\Documents\\Cours\\BUT_2\\Photos\\vendor\\laravel\\framework\\src\\Illuminate\\Foundation\\Http\\Kernel.php(200): Illuminate\\Routing\\Router->dispatch(Object(Illuminate\\Http\\Request))
#29 C:\\Users\\Nathan\\Documents\\Cours\\BUT_2\\Photos\\vendor\\laravel\\framework\\src\\Illuminate\\Pipeline\\Pipeline.php(144): Illuminate\\Foundation\\Http\\Kernel->{closure:Illuminate\\Foundation\\Http\\Kernel::dispatchToRouter():197}(Object(Illuminate\\Http\\Request))
#30 C:\\Users\\Nathan\\Documents\\Cours\\BUT_2\\Photos\\vendor\\laravel\\framework\\src\\Illuminate\\Foundation\\Http\\Middleware\\TransformsRequest.php(21): Illuminate\\Pipeline\\Pipeline->{closure:Illuminate\\Pipeline\\Pipeline::prepareDestination():142}(Object(Illuminate\\Http\\Request))
#31 C:\\Users\\Nathan\\Documents\\Cours\\BUT_2\\Photos\\vendor\\laravel\\framework\\src\\Illuminate\\Foundation\\Http\\Middleware\\ConvertEmptyStringsToNull.php(31): Illuminate\\Foundation\\Http\\Middleware\\TransformsRequest->handle(Object(Illuminate\\Http\\Request), Object(Closure))
#32 C:\\Users\\Nathan\\Documents\\Cours\\BUT_2\\Photos\\vendor\\laravel\\framework\\src\\Illuminate\\Pipeline\\Pipeline.php(183): Illuminate\\Foundation\\Http\\Middleware\\ConvertEmptyStringsToNull->handle(Object(Illuminate\\Http\\Request), Object(Closure))
#33 C:\\Users\\Nathan\\Documents\\Cours\\BUT_2\\Photos\\vendor\\laravel\\framework\\src\\Illuminate\\Foundation\\Http\\Middleware\\TransformsRequest.php(21): Illuminate\\Pipeline\\Pipeline->{closure:{closure:Illuminate\\Pipeline\\Pipeline::carry():158}:159}(Object(Illuminate\\Http\\Request))
#34 C:\\Users\\Nathan\\Documents\\Cours\\BUT_2\\Photos\\vendor\\laravel\\framework\\src\\Illuminate\\Foundation\\Http\\Middleware\\TrimStrings.php(40): Illuminate\\Foundation\\Http\\Middleware\\TransformsRequest->handle(Object(Illuminate\\Http\\Request), Object(Closure))
#35 C:\\Users\\Nathan\\Documents\\Cours\\BUT_2\\Photos\\vendor\\laravel\\framework\\src\\Illuminate\\Pipeline\\Pipeline.php(183): Illuminate\\Foundation\\Http\\Middleware\\TrimStrings->handle(Object(Illuminate\\Http\\Request), Object(Closure))
#36 C:\\Users\\Nathan\\Documents\\Cours\\BUT_2\\Photos\\vendor\\laravel\\framework\\src\\Illuminate\\Foundation\\Http\\Middleware\\ValidatePostSize.php(27): Illuminate\\Pipeline\\Pipeline->{closure:{closure:Illuminate\\Pipeline\\Pipeline::carry():158}:159}(Object(Illuminate\\Http\\Request))
#37 C:\\Users\\Nathan\\Documents\\Cours\\BUT_2\\Photos\\vendor\\laravel\\framework\\src\\Illuminate\\Pipeline\\Pipeline.php(183): Illuminate\\Foundation\\Http\\Middleware\\ValidatePostSize->handle(Object(Illuminate\\Http\\Request), Object(Closure))
#38 C:\\Users\\Nathan\\Documents\\Cours\\BUT_2\\Photos\\vendor\\laravel\\framework\\src\\Illuminate\\Foundation\\Http\\Middleware\\PreventRequestsDuringMaintenance.php(99): Illuminate\\Pipeline\\Pipeline->{closure:{closure:Illuminate\\Pipeline\\Pipeline::carry():158}:159}(Object(Illuminate\\Http\\Request))
#39 C:\\Users\\Nathan\\Documents\\Cours\\BUT_2\\Photos\\vendor\\laravel\\framework\\src\\Illuminate\\Pipeline\\Pipeline.php(183): Illuminate\\Foundation\\Http\\Middleware\\PreventRequestsDuringMaintenance->handle(Object(Illuminate\\Http\\Request), Object(Closure))
#40 C:\\Users\\Nathan\\Documents\\Cours\\BUT_2\\Photos\\vendor\\laravel\\framework\\src\\Illuminate\\Http\\Middleware\\HandleCors.php(49): Illuminate\\Pipeline\\Pipeline->{closure:{closure:Illuminate\\Pipeline\\Pipeline::carry():158}:159}(Object(Illuminate\\Http\\Request))
#41 C:\\Users\\Nathan\\Documents\\Cours\\BUT_2\\Photos\\vendor\\laravel\\framework\\src\\Illuminate\\Pipeline\\Pipeline.php(183): Illuminate\\Http\\Middleware\\HandleCors->handle(Object(Illuminate\\Http\\Request), Object(Closure))
#42 C:\\Users\\Nathan\\Documents\\Cours\\BUT_2\\Photos\\vendor\\laravel\\framework\\src\\Illuminate\\Http\\Middleware\\TrustProxies.php(39): Illuminate\\Pipeline\\Pipeline->{closure:{closure:Illuminate\\Pipeline\\Pipeline::carry():158}:159}(Object(Illuminate\\Http\\Request))
#43 C:\\Users\\Nathan\\Documents\\Cours\\BUT_2\\Photos\\vendor\\laravel\\framework\\src\\Illuminate\\Pipeline\\Pipeline.php(183): Illuminate\\Http\\Middleware\\TrustProxies->handle(Object(Illuminate\\Http\\Request), Object(Closure))
#44 C:\\Users\\Nathan\\Documents\\Cours\\BUT_2\\Photos\\vendor\\laravel\\framework\\src\\Illuminate\\Pipeline\\Pipeline.php(119): Illuminate\\Pipeline\\Pipeline->{closure:{closure:Illuminate\\Pipeline\\Pipeline::carry():158}:159}(Object(Illuminate\\Http\\Request))
#45 C:\\Users\\Nathan\\Documents\\Cours\\BUT_2\\Photos\\vendor\\laravel\\framework\\src\\Illuminate\\Foundation\\Http\\Kernel.php(175): Illuminate\\Pipeline\\Pipeline->then(Object(Closure))
#46 C:\\Users\\Nathan\\Documents\\Cours\\BUT_2\\Photos\\vendor\\laravel\\framework\\src\\Illuminate\\Foundation\\Http\\Kernel.php(144): Illuminate\\Foundation\\Http\\Kernel->sendRequestThroughRouter(Object(Illuminate\\Http\\Request))
#47 C:\\Users\\Nathan\\Documents\\Cours\\BUT_2\\Photos\\public\\index.php(51): Illuminate\\Foundation\\Http\\Kernel->handle(Object(Illuminate\\Http\\Request))
#48 C:\\Users\\Nathan\\Documents\\Cours\\BUT_2\\Photos\\vendor\\laravel\\framework\\src\\Illuminate\\Foundation\\resources\\server.php(16): require_once('C:\\\\Users\\\\Nathan...')
#49 {main}
"} 
[2025-11-18 09:45:12] local.ERROR: Target class [FirstController] does not exist. {"exception":"[object] (Illuminate\\Contracts\\Container\\BindingResolutionException(code: 0): Target class [FirstController] does not exist. at C:\\Users\\Nathan\\Documents\\Cours\\BUT_2\\Photos\\vendor\\laravel\\framework\\src\\Illuminate\\Container\\Container.php:914)
[stacktrace]
#0 C:\\Users\\Nathan\\Documents\\Cours\\BUT_2\\Photos\\vendor\\laravel\\framework\\src\\Illuminate\\Container\\Container.php(795): Illuminate\\Container\\Container->build('FirstController')
#1 C:\\Users\\Nathan\\Documents\\Cours\\BUT_2\\Photos\\vendor\\laravel\\framework\\src\\Illuminate\\Foundation\\Application.php(986): Illuminate\\Container\\Container->resolve('FirstController', Array, true)
#2 C:\\Users\\Nathan\\Documents\\Cours\\BUT_2\\Photos\\vendor\\laravel\\framework\\src\\Illuminate\\Container\\Container.php(731): Illuminate\\Foundation\\Application->resolve('FirstController', Array)
#3 C:\\Users\\Nathan\\Documents\\Cours\\BUT_2\\Photos\\vendor\\laravel\\framework\\src\\Illuminate\\Foundation\\Application.php(971): Illuminate\\Container\\Container->make('FirstController', Array)
#4 C:\\Users\\Nathan\\Documents\\Cours\\BUT_2\\Photos\\vendor\\laravel\\framework\\src\\Illuminate\\Routing\\Route.php(278): Illuminate\\Foundation\\Application->make('FirstController')
#5 C:\\Users\\Nathan\\Documents\\Cours\\BUT_2\\Photos\\vendor\\laravel\\framework\\src\\Illuminate\\Routing\\Route.php(260): Illuminate\\Routing\\Route->getController()
#6 C:\\Users\\Nathan\\Documents\\Cours\\BUT_2\\Photos\\vendor\\laravel\\framework\\src\\Illuminate\\Routing\\Route.php(205): Illuminate\\Routing\\Route->runController()
#7 C:\\Users\\Nathan\\Documents\\Cours\\BUT_2\\Photos\\vendor\\laravel\\framework\\src\\Illuminate\\Routing\\Router.php(806): Illuminate\\Routing\\Route->run()
#8 C:\\Users\\Nathan\\Documents\\Cours\\BUT_2\\Photos\\vendor\\laravel\\framework\\src\\Illuminate\\Pipeline\\Pipeline.php(144): Illuminate\\Routing\\Router->{closure:Illuminate\\Routing\\Router::runRouteWithinStack():805}(Object(Illuminate\\Http\\Request))
#9 C:\\Users\\Nathan\\Documents\\Cours\\BUT_2\\Photos\\vendor\\laravel\\framework\\src\\Illuminate\\Routing\\Middleware\\SubstituteBindings.php(50): Illuminate\\Pipeline\\Pipeline->{closure:Illuminate\\Pipeline\\Pipeline::prepareDestination():142}(Object(Illuminate\\Http\\Request))
#10 C:\\Users\\Nathan\\Documents\\Cours\\BUT_2\\Photos\\vendor\\laravel\\framework\\src\\Illuminate\\Pipeline\\Pipeline.php(183): Illuminate\\Routing\\Middleware\\SubstituteBindings->handle(Object(Illuminate\\Http\\Request), Object(Closure))
#11 C:\\Users\\Nathan\\Documents\\Cours\\BUT_2\\Photos\\vendor\\laravel\\framework\\src\\Illuminate\\Foundation\\Http\\Middleware\\VerifyCsrfToken.php(78): Illuminate\\Pipeline\\Pipeline->{closure:{closure:Illuminate\\Pipeline\\Pipeline::carry():158}:159}(Object(Illuminate\\Http\\Request))
#12 C:\\Users\\Nathan\\Documents\\Cours\\BUT_2\\Photos\\vendor\\laravel\\framework\\src\\Illuminate\\Pipeline\\Pipeline.php(183): Illuminate\\Foundation\\Http\\Middleware\\VerifyCsrfToken->handle(Object(Illuminate\\Http\\Request), Object(Closure))
#13 C:\\Users\\Nathan\\Documents\\Cours\\BUT_2\\Photos\\vendor\\laravel\\framework\\src\\Illuminate\\View\\Middleware\\ShareErrorsFromSession.php(49): Illuminate\\Pipeline\\Pipeline->{closure:{closure:Illuminate\\Pipeline\\Pipeline::carry():158}:159}(Object(Illuminate\\Http\\Request))
#14 C:\\Users\\Nathan\\Documents\\Cours\\BUT_2\\Photos\\vendor\\laravel\\framework\\src\\Illuminate\\Pipeline\\Pipeline.php(183): Illuminate\\View\\Middleware\\ShareErrorsFromSession->handle(Object(Illuminate\\Http\\Request), Object(Closure))
#15 C:\\Users\\Nathan\\Documents\\Cours\\BUT_2\\Photos\\vendor\\laravel\\framework\\src\\Illuminate\\Session\\Middleware\\StartSession.php(121): Illuminate\\Pipeline\\Pipeline->{closure:{closure:Illuminate\\Pipeline\\Pipeline::carry():158}:159}(Object(Illuminate\\Http\\Request))
#16 C:\\Users\\Nathan\\Documents\\Cours\\BUT_2\\Photos\\vendor\\laravel\\framework\\src\\Illuminate\\Session\\Middleware\\StartSession.php(64): Illuminate\\Session\\Middleware\\StartSession->handleStatefulRequest(Object(Illuminate\\Http\\Request), Object(Illuminate\\Session\\Store), Object(Closure))
#17 C:\\Users\\Nathan\\Documents\\Cours\\BUT_2\\Photos\\vendor\\laravel\\framework\\src\\Illuminate\\Pipeline\\Pipeline.php(183): Illuminate\\Session\\Middleware\\StartSession->handle(Object(Illuminate\\Http\\Request), Object(Closure))
#18 C:\\Users\\Nathan\\Documents\\Cours\\BUT_2\\Photos\\vendor\\laravel\\framework\\src\\Illuminate\\Cookie\\Middleware\\AddQueuedCookiesToResponse.php(37): Illuminate\\Pipeline\\Pipeline->{closure:{closure:Illuminate\\Pipeline\\Pipeline::carry():158}:159}(Object(Illuminate\\Http\\Request))
#19 C:\\Users\\Nathan\\Documents\\Cours\\BUT_2\\Photos\\vendor\\laravel\\framework\\src\\Illuminate\\Pipeline\\Pipeline.php(183): Illuminate\\Cookie\\Middleware\\AddQueuedCookiesToResponse->handle(Object(Illuminate\\Http\\Request), Object(Closure))
#20 C:\\Users\\Nathan\\Documents\\Cours\\BUT_2\\Photos\\vendor\\laravel\\framework\\src\\Illuminate\\Cookie\\Middleware\\EncryptCookies.php(67): Illuminate\\Pipeline\\Pipeline->{closure:{closure:Illuminate\\Pipeline\\Pipeline::carry():158}:159}(Object(Illuminate\\Http\\Request))
#21 C:\\Users\\Nathan\\Documents\\Cours\\BUT_2\\Photos\\vendor\\laravel\\framework\\src\\Illuminate\\Pipeline\\Pipeline.php(183): Illuminate\\Cookie\\Middleware\\EncryptCookies->handle(Object(Illuminate\\Http\\Request), Object(Closure))
#22 C:\\Users\\Nathan\\Documents\\Cours\\BUT_2\\Photos\\vendor\\laravel\\framework\\src\\Illuminate\\Pipeline\\Pipeline.php(119): Illuminate\\Pipeline\\Pipeline->{closure:{closure:Illuminate\\Pipeline\\Pipeline::carry():158}:159}(Object(Illuminate\\Http\\Request))
#23 C:\\Users\\Nathan\\Documents\\Cours\\BUT_2\\Photos\\vendor\\laravel\\framework\\src\\Illuminate\\Routing\\Router.php(805): Illuminate\\Pipeline\\Pipeline->then(Object(Closure))
#24 C:\\Users\\Nathan\\Documents\\Cours\\BUT_2\\Photos\\vendor\\laravel\\framework\\src\\Illuminate\\Routing\\Router.php(784): Illuminate\\Routing\\Router->runRouteWithinStack(Object(Illuminate\\Routing\\Route), Object(Illuminate\\Http\\Request))
#25 C:\\Users\\Nathan\\Documents\\Cours\\BUT_2\\Photos\\vendor\\laravel\\framework\\src\\Illuminate\\Routing\\Router.php(748): Illuminate\\Routing\\Router->runRoute(Object(Illuminate\\Http\\Request), Object(Illuminate\\Routing\\Route))
#26 C:\\Users\\Nathan\\Documents\\Cours\\BUT_2\\Photos\\vendor\\laravel\\framework\\src\\Illuminate\\Routing\\Router.php(737): Illuminate\\Routing\\Router->dispatchToRoute(Object(Illuminate\\Http\\Request))
#27 C:\\Users\\Nathan\\Documents\\Cours\\BUT_2\\Photos\\vendor\\laravel\\framework\\src\\Illuminate\\Foundation\\Http\\Kernel.php(200): Illuminate\\Routing\\Router->dispatch(Object(Illuminate\\Http\\Request))
#28 C:\\Users\\Nathan\\Documents\\Cours\\BUT_2\\Photos\\vendor\\laravel\\framework\\src\\Illuminate\\Pipeline\\Pipeline.php(144): Illuminate\\Foundation\\Http\\Kernel->{closure:Illuminate\\Foundation\\Http\\Kernel::dispatchToRouter():197}(Object(Illuminate\\Http\\Request))
#29 C:\\Users\\Nathan\\Documents\\Cours\\BUT_2\\Photos\\vendor\\laravel\\framework\\src\\Illuminate\\Foundation\\Http\\Middleware\\TransformsRequest.php(21): Illuminate\\Pipeline\\Pipeline->{closure:Illuminate\\Pipeline\\Pipeline::prepareDestination():142}(Object(Illuminate\\Http\\Request))
#30 C:\\Users\\Nathan\\Documents\\Cours\\BUT_2\\Photos\\vendor\\laravel\\framework\\src\\Illuminate\\Foundation\\Http\\Middleware\\ConvertEmptyStringsToNull.php(31): Illuminate\\Foundation\\Http\\Middleware\\TransformsRequest->handle(Object(Illuminate\\Http\\Request), Object(Closure))
#31 C:\\Users\\Nathan\\Documents\\Cours\\BUT_2\\Photos\\vendor\\laravel\\framework\\src\\Illuminate\\Pipeline\\Pipeline.php(183): Illuminate\\Foundation\\Http\\Middleware\\ConvertEmptyStringsToNull->handle(Object(Illuminate\\Http\\Request), Object(Closure))
#32 C:\\Users\\Nathan\\Documents\\Cours\\BUT_2\\Photos\\vendor\\laravel\\framework\\src\\Illuminate\\Foundation\\Http\\Middleware\\TransformsRequest.php(21): Illuminate\\Pipeline\\Pipeline->{closure:{closure:Illuminate\\Pipeline\\Pipeline::carry():158}:159}(Object(Illuminate\\Http\\Request))
#33 C:\\Users\\Nathan\\Documents\\Cours\\BUT_2\\Photos\\vendor\\laravel\\framework\\src\\Illuminate\\Foundation\\Http\\Middleware\\TrimStrings.php(40): Illuminate\\Foundation\\Http\\Middleware\\TransformsRequest->handle(Object(Illuminate\\Http\\Request), Object(Closure))
#34 C:\\Users\\Nathan\\Documents\\Cours\\BUT_2\\Photos\\vendor\\laravel\\framework\\src\\Illuminate\\Pipeline\\Pipeline.php(183): Illuminate\\Foundation\\Http\\Middleware\\TrimStrings->handle(Object(Illuminate\\Http\\Request), Object(Closure))
#35 C:\\Users\\Nathan\\Documents\\Cours\\BUT_2\\Photos\\vendor\\laravel\\framework\\src\\Illuminate\\Foundation\\Http\\Middleware\\ValidatePostSize.php(27): Illuminate\\Pipeline\\Pipeline->{closure:{closure:Illuminate\\Pipeline\\Pipeline::carry():158}:159}(Object(Illuminate\\Http\\Request))
#36 C:\\Users\\Nathan\\Documents\\Cours\\BUT_2\\Photos\\vendor\\laravel\\framework\\src\\Illuminate\\Pipeline\\Pipeline.php(183): Illuminate\\Foundation\\Http\\Middleware\\ValidatePostSize->handle(Object(Illuminate\\Http\\Request), Object(Closure))
#37 C:\\Users\\Nathan\\Documents\\Cours\\BUT_2\\Photos\\vendor\\laravel\\framework\\src\\Illuminate\\Foundation\\Http\\Middleware\\PreventRequestsDuringMaintenance.php(99): Illuminate\\Pipeline\\Pipeline->{closure:{closure:Illuminate\\Pipeline\\Pipeline::carry():158}:159}(Object(Illuminate\\Http\\Request))
#38 C:\\Users\\Nathan\\Documents\\Cours\\BUT_2\\Photos\\vendor\\laravel\\framework\\src\\Illuminate\\Pipeline\\Pipeline.php(183): Illuminate\\Foundation\\Http\\Middleware\\PreventRequestsDuringMaintenance->handle(Object(Illuminate\\Http\\Request), Object(Closure))
#39 C:\\Users\\Nathan\\Documents\\Cours\\BUT_2\\Photos\\vendor\\laravel\\framework\\src\\Illuminate\\Http\\Middleware\\HandleCors.php(49): Illuminate\\Pipeline\\Pipeline->{closure:{closure:Illuminate\\Pipeline\\Pipeline::carry():158}:159}(Object(Illuminate\\Http\\Request))
#40 C:\\Users\\Nathan\\Documents\\Cours\\BUT_2\\Photos\\vendor\\laravel\\framework\\src\\Illuminate\\Pipeline\\Pipeline.php(183): Illuminate\\Http\\Middleware\\HandleCors->handle(Object(Illuminate\\Http\\Request), Object(Closure))
#41 C:\\Users\\Nathan\\Documents\\Cours\\BUT_2\\Photos\\vendor\\laravel\\framework\\src\\Illuminate\\Http\\Middleware\\TrustProxies.php(39): Illuminate\\Pipeline\\Pipeline->{closure:{closure:Illuminate\\Pipeline\\Pipeline::carry():158}:159}(Object(Illuminate\\Http\\Request))
#42 C:\\Users\\Nathan\\Documents\\Cours\\BUT_2\\Photos\\vendor\\laravel\\framework\\src\\Illuminate\\Pipeline\\Pipeline.php(183): Illuminate\\Http\\Middleware\\TrustProxies->handle(Object(Illuminate\\Http\\Request), Object(Closure))
#43 C:\\Users\\Nathan\\Documents\\Cours\\BUT_2\\Photos\\vendor\\laravel\\framework\\src\\Illuminate\\Pipeline\\Pipeline.php(119): Illuminate\\Pipeline\\Pipeline->{closure:{closure:Illuminate\\Pipeline\\Pipeline::carry():158}:159}(Object(Illuminate\\Http\\Request))
#44 C:\\Users\\Nathan\\Documents\\Cours\\BUT_2\\Photos\\vendor\\laravel\\framework\\src\\Illuminate\\Foundation\\Http\\Kernel.php(175): Illuminate\\Pipeline\\Pipeline->then(Object(Closure))
#45 C:\\Users\\Nathan\\Documents\\Cours\\BUT_2\\Photos\\vendor\\laravel\\framework\\src\\Illuminate\\Foundation\\Http\\Kernel.php(144): Illuminate\\Foundation\\Http\\Kernel->sendRequestThroughRouter(Object(Illuminate\\Http\\Request))
#46 C:\\Users\\Nathan\\Documents\\Cours\\BUT_2\\Photos\\public\\index.php(51): Illuminate\\Foundation\\Http\\Kernel->handle(Object(Illuminate\\Http\\Request))
#47 C:\\Users\\Nathan\\Documents\\Cours\\BUT_2\\Photos\\vendor\\laravel\\framework\\src\\Illuminate\\Foundation\\resources\\server.php(16): require_once('C:\\\\Users\\\\Nathan...')
#48 {main}

[previous exception] [object] (ReflectionException(code: -1): Class \"FirstController\" does not exist at C:\\Users\\Nathan\\Documents\\Cours\\BUT_2\\Photos\\vendor\\laravel\\framework\\src\\Illuminate\\Container\\Container.php:912)
[stacktrace]
#0 C:\\Users\\Nathan\\Documents\\Cours\\BUT_2\\Photos\\vendor\\laravel\\framework\\src\\Illuminate\\Container\\Container.php(912): ReflectionClass->__construct('FirstController')
#1 C:\\Users\\Nathan\\Documents\\Cours\\BUT_2\\Photos\\vendor\\laravel\\framework\\src\\Illuminate\\Container\\Container.php(795): Illuminate\\Container\\Container->build('FirstController')
#2 C:\\Users\\Nathan\\Documents\\Cours\\BUT_2\\Photos\\vendor\\laravel\\framework\\src\\Illuminate\\Foundation\\Application.php(986): Illuminate\\Container\\Container->resolve('FirstController', Array, true)
#3 C:\\Users\\Nathan\\Documents\\Cours\\BUT_2\\Photos\\vendor\\laravel\\framework\\src\\Illuminate\\Container\\Container.php(731): Illuminate\\Foundation\\Application->resolve('FirstController', Array)
#4 C:\\Users\\Nathan\\Documents\\Cours\\BUT_2\\Photos\\vendor\\laravel\\framework\\src\\Illuminate\\Foundation\\Application.php(971): Illuminate\\Container\\Container->make('FirstController', Array)
#5 C:\\Users\\Nathan\\Documents\\Cours\\BUT_2\\Photos\\vendor\\laravel\\framework\\src\\Illuminate\\Routing\\Route.php(278): Illuminate\\Foundation\\Application->make('FirstController')
#6 C:\\Users\\Nathan\\Documents\\Cours\\BUT_2\\Photos\\vendor\\laravel\\framework\\src\\Illuminate\\Routing\\Route.php(260): Illuminate\\Routing\\Route->getController()
#7 C:\\Users\\Nathan\\Documents\\Cours\\BUT_2\\Photos\\vendor\\laravel\\framework\\src\\Illuminate\\Routing\\Route.php(205): Illuminate\\Routing\\Route->runController()
#8 C:\\Users\\Nathan\\Documents\\Cours\\BUT_2\\Photos\\vendor\\laravel\\framework\\src\\Illuminate\\Routing\\Router.php(806): Illuminate\\Routing\\Route->run()
#9 C:\\Users\\Nathan\\Documents\\Cours\\BUT_2\\Photos\\vendor\\laravel\\framework\\src\\Illuminate\\Pipeline\\Pipeline.php(144): Illuminate\\Routing\\Router->{closure:Illuminate\\Routing\\Router::runRouteWithinStack():805}(Object(Illuminate\\Http\\Request))
#10 C:\\Users\\Nathan\\Documents\\Cours\\BUT_2\\Photos\\vendor\\laravel\\framework\\src\\Illuminate\\Routing\\Middleware\\SubstituteBindings.php(50): Illuminate\\Pipeline\\Pipeline->{closure:Illuminate\\Pipeline\\Pipeline::prepareDestination():142}(Object(Illuminate\\Http\\Request))
#11 C:\\Users\\Nathan\\Documents\\Cours\\BUT_2\\Photos\\vendor\\laravel\\framework\\src\\Illuminate\\Pipeline\\Pipeline.php(183): Illuminate\\Routing\\Middleware\\SubstituteBindings->handle(Object(Illuminate\\Http\\Request), Object(Closure))
#12 C:\\Users\\Nathan\\Documents\\Cours\\BUT_2\\Photos\\vendor\\laravel\\framework\\src\\Illuminate\\Foundation\\Http\\Middleware\\VerifyCsrfToken.php(78): Illuminate\\Pipeline\\Pipeline->{closure:{closure:Illuminate\\Pipeline\\Pipeline::carry():158}:159}(Object(Illuminate\\Http\\Request))
#13 C:\\Users\\Nathan\\Documents\\Cours\\BUT_2\\Photos\\vendor\\laravel\\framework\\src\\Illuminate\\Pipeline\\Pipeline.php(183): Illuminate\\Foundation\\Http\\Middleware\\VerifyCsrfToken->handle(Object(Illuminate\\Http\\Request), Object(Closure))
#14 C:\\Users\\Nathan\\Documents\\Cours\\BUT_2\\Photos\\vendor\\laravel\\framework\\src\\Illuminate\\View\\Middleware\\ShareErrorsFromSession.php(49): Illuminate\\Pipeline\\Pipeline->{closure:{closure:Illuminate\\Pipeline\\Pipeline::carry():158}:159}(Object(Illuminate\\Http\\Request))
#15 C:\\Users\\Nathan\\Documents\\Cours\\BUT_2\\Photos\\vendor\\laravel\\framework\\src\\Illuminate\\Pipeline\\Pipeline.php(183): Illuminate\\View\\Middleware\\ShareErrorsFromSession->handle(Object(Illuminate\\Http\\Request), Object(Closure))
#16 C:\\Users\\Nathan\\Documents\\Cours\\BUT_2\\Photos\\vendor\\laravel\\framework\\src\\Illuminate\\Session\\Middleware\\StartSession.php(121): Illuminate\\Pipeline\\Pipeline->{closure:{closure:Illuminate\\Pipeline\\Pipeline::carry():158}:159}(Object(Illuminate\\Http\\Request))
#17 C:\\Users\\Nathan\\Documents\\Cours\\BUT_2\\Photos\\vendor\\laravel\\framework\\src\\Illuminate\\Session\\Middleware\\StartSession.php(64): Illuminate\\Session\\Middleware\\StartSession->handleStatefulRequest(Object(Illuminate\\Http\\Request), Object(Illuminate\\Session\\Store), Object(Closure))
#18 C:\\Users\\Nathan\\Documents\\Cours\\BUT_2\\Photos\\vendor\\laravel\\framework\\src\\Illuminate\\Pipeline\\Pipeline.php(183): Illuminate\\Session\\Middleware\\StartSession->handle(Object(Illuminate\\Http\\Request), Object(Closure))
#19 C:\\Users\\Nathan\\Documents\\Cours\\BUT_2\\Photos\\vendor\\laravel\\framework\\src\\Illuminate\\Cookie\\Middleware\\AddQueuedCookiesToResponse.php(37): Illuminate\\Pipeline\\Pipeline->{closure:{closure:Illuminate\\Pipeline\\Pipeline::carry():158}:159}(Object(Illuminate\\Http\\Request))
#20 C:\\Users\\Nathan\\Documents\\Cours\\BUT_2\\Photos\\vendor\\laravel\\framework\\src\\Illuminate\\Pipeline\\Pipeline.php(183): Illuminate\\Cookie\\Middleware\\AddQueuedCookiesToResponse->handle(Object(Illuminate\\Http\\Request), Object(Closure))
#21 C:\\Users\\Nathan\\Documents\\Cours\\BUT_2\\Photos\\vendor\\laravel\\framework\\src\\Illuminate\\Cookie\\Middleware\\EncryptCookies.php(67): Illuminate\\Pipeline\\Pipeline->{closure:{closure:Illuminate\\Pipeline\\Pipeline::carry():158}:159}(Object(Illuminate\\Http\\Request))
#22 C:\\Users\\Nathan\\Documents\\Cours\\BUT_2\\Photos\\vendor\\laravel\\framework\\src\\Illuminate\\Pipeline\\Pipeline.php(183): Illuminate\\Cookie\\Middleware\\EncryptCookies->handle(Object(Illuminate\\Http\\Request), Object(Closure))
#23 C:\\Users\\Nathan\\Documents\\Cours\\BUT_2\\Photos\\vendor\\laravel\\framework\\src\\Illuminate\\Pipeline\\Pipeline.php(119): Illuminate\\Pipeline\\Pipeline->{closure:{closure:Illuminate\\Pipeline\\Pipeline::carry():158}:159}(Object(Illuminate\\Http\\Request))
#24 C:\\Users\\Nathan\\Documents\\Cours\\BUT_2\\Photos\\vendor\\laravel\\framework\\src\\Illuminate\\Routing\\Router.php(805): Illuminate\\Pipeline\\Pipeline->then(Object(Closure))
#25 C:\\Users\\Nathan\\Documents\\Cours\\BUT_2\\Photos\\vendor\\laravel\\framework\\src\\Illuminate\\Routing\\Router.php(784): Illuminate\\Routing\\Router->runRouteWithinStack(Object(Illuminate\\Routing\\Route), Object(Illuminate\\Http\\Request))
#26 C:\\Users\\Nathan\\Documents\\Cours\\BUT_2\\Photos\\vendor\\laravel\\framework\\src\\Illuminate\\Routing\\Router.php(748): Illuminate\\Routing\\Router->runRoute(Object(Illuminate\\Http\\Request), Object(Illuminate\\Routing\\Route))
#27 C:\\Users\\Nathan\\Documents\\Cours\\BUT_2\\Photos\\vendor\\laravel\\framework\\src\\Illuminate\\Routing\\Router.php(737): Illuminate\\Routing\\Router->dispatchToRoute(Object(Illuminate\\Http\\Request))
#28 C:\\Users\\Nathan\\Documents\\Cours\\BUT_2\\Photos\\vendor\\laravel\\framework\\src\\Illuminate\\Foundation\\Http\\Kernel.php(200): Illuminate\\Routing\\Router->dispatch(Object(Illuminate\\Http\\Request))
#29 C:\\Users\\Nathan\\Documents\\Cours\\BUT_2\\Photos\\vendor\\laravel\\framework\\src\\Illuminate\\Pipeline\\Pipeline.php(144): Illuminate\\Foundation\\Http\\Kernel->{closure:Illuminate\\Foundation\\Http\\Kernel::dispatchToRouter():197}(Object(Illuminate\\Http\\Request))
#30 C:\\Users\\Nathan\\Documents\\Cours\\BUT_2\\Photos\\vendor\\laravel\\framework\\src\\Illuminate\\Foundation\\Http\\Middleware\\TransformsRequest.php(21): Illuminate\\Pipeline\\Pipeline->{closure:Illuminate\\Pipeline\\Pipeline::prepareDestination():142}(Object(Illuminate\\Http\\Request))
#31 C:\\Users\\Nathan\\Documents\\Cours\\BUT_2\\Photos\\vendor\\laravel\\framework\\src\\Illuminate\\Foundation\\Http\\Middleware\\ConvertEmptyStringsToNull.php(31): Illuminate\\Foundation\\Http\\Middleware\\TransformsRequest->handle(Object(Illuminate\\Http\\Request), Object(Closure))
#32 C:\\Users\\Nathan\\Documents\\Cours\\BUT_2\\Photos\\vendor\\laravel\\framework\\src\\Illuminate\\Pipeline\\Pipeline.php(183): Illuminate\\Foundation\\Http\\Middleware\\ConvertEmptyStringsToNull->handle(Object(Illuminate\\Http\\Request), Object(Closure))
#33 C:\\Users\\Nathan\\Documents\\Cours\\BUT_2\\Photos\\vendor\\laravel\\framework\\src\\Illuminate\\Foundation\\Http\\Middleware\\TransformsRequest.php(21): Illuminate\\Pipeline\\Pipeline->{closure:{closure:Illuminate\\Pipeline\\Pipeline::carry():158}:159}(Object(Illuminate\\Http\\Request))
#34 C:\\Users\\Nathan\\Documents\\Cours\\BUT_2\\Photos\\vendor\\laravel\\framework\\src\\Illuminate\\Foundation\\Http\\Middleware\\TrimStrings.php(40): Illuminate\\Foundation\\Http\\Middleware\\TransformsRequest->handle(Object(Illuminate\\Http\\Request), Object(Closure))
#35 C:\\Users\\Nathan\\Documents\\Cours\\BUT_2\\Photos\\vendor\\laravel\\framework\\src\\Illuminate\\Pipeline\\Pipeline.php(183): Illuminate\\Foundation\\Http\\Middleware\\TrimStrings->handle(Object(Illuminate\\Http\\Request), Object(Closure))
#36 C:\\Users\\Nathan\\Documents\\Cours\\BUT_2\\Photos\\vendor\\laravel\\framework\\src\\Illuminate\\Foundation\\Http\\Middleware\\ValidatePostSize.php(27): Illuminate\\Pipeline\\Pipeline->{closure:{closure:Illuminate\\Pipeline\\Pipeline::carry():158}:159}(Object(Illuminate\\Http\\Request))
#37 C:\\Users\\Nathan\\Documents\\Cours\\BUT_2\\Photos\\vendor\\laravel\\framework\\src\\Illuminate\\Pipeline\\Pipeline.php(183): Illuminate\\Foundation\\Http\\Middleware\\ValidatePostSize->handle(Object(Illuminate\\Http\\Request), Object(Closure))
#38 C:\\Users\\Nathan\\Documents\\Cours\\BUT_2\\Photos\\vendor\\laravel\\framework\\src\\Illuminate\\Foundation\\Http\\Middleware\\PreventRequestsDuringMaintenance.php(99): Illuminate\\Pipeline\\Pipeline->{closure:{closure:Illuminate\\Pipeline\\Pipeline::carry():158}:159}(Object(Illuminate\\Http\\Request))
#39 C:\\Users\\Nathan\\Documents\\Cours\\BUT_2\\Photos\\vendor\\laravel\\framework\\src\\Illuminate\\Pipeline\\Pipeline.php(183): Illuminate\\Foundation\\Http\\Middleware\\PreventRequestsDuringMaintenance->handle(Object(Illuminate\\Http\\Request), Object(Closure))
#40 C:\\Users\\Nathan\\Documents\\Cours\\BUT_2\\Photos\\vendor\\laravel\\framework\\src\\Illuminate\\Http\\Middleware\\HandleCors.php(49): Illuminate\\Pipeline\\Pipeline->{closure:{closure:Illuminate\\Pipeline\\Pipeline::carry():158}:159}(Object(Illuminate\\Http\\Request))
#41 C:\\Users\\Nathan\\Documents\\Cours\\BUT_2\\Photos\\vendor\\laravel\\framework\\src\\Illuminate\\Pipeline\\Pipeline.php(183): Illuminate\\Http\\Middleware\\HandleCors->handle(Object(Illuminate\\Http\\Request), Object(Closure))
#42 C:\\Users\\Nathan\\Documents\\Cours\\BUT_2\\Photos\\vendor\\laravel\\framework\\src\\Illuminate\\Http\\Middleware\\TrustProxies.php(39): Illuminate\\Pipeline\\Pipeline->{closure:{closure:Illuminate\\Pipeline\\Pipeline::carry():158}:159}(Object(Illuminate\\Http\\Request))
#43 C:\\Users\\Nathan\\Documents\\Cours\\BUT_2\\Photos\\vendor\\laravel\\framework\\src\\Illuminate\\Pipeline\\Pipeline.php(183): Illuminate\\Http\\Middleware\\TrustProxies->handle(Object(Illuminate\\Http\\Request), Object(Closure))
#44 C:\\Users\\Nathan\\Documents\\Cours\\BUT_2\\Photos\\vendor\\laravel\\framework\\src\\Illuminate\\Pipeline\\Pipeline.php(119): Illuminate\\Pipeline\\Pipeline->{closure:{closure:Illuminate\\Pipeline\\Pipeline::carry():158}:159}(Object(Illuminate\\Http\\Request))
#45 C:\\Users\\Nathan\\Documents\\Cours\\BUT_2\\Photos\\vendor\\laravel\\framework\\src\\Illuminate\\Foundation\\Http\\Kernel.php(175): Illuminate\\Pipeline\\Pipeline->then(Object(Closure))
#46 C:\\Users\\Nathan\\Documents\\Cours\\BUT_2\\Photos\\vendor\\laravel\\framework\\src\\Illuminate\\Foundation\\Http\\Kernel.php(144): Illuminate\\Foundation\\Http\\Kernel->sendRequestThroughRouter(Object(Illuminate\\Http\\Request))
#47 C:\\Users\\Nathan\\Documents\\Cours\\BUT_2\\Photos\\public\\index.php(51): Illuminate\\Foundation\\Http\\Kernel->handle(Object(Illuminate\\Http\\Request))
#48 C:\\Users\\Nathan\\Documents\\Cours\\BUT_2\\Photos\\vendor\\laravel\\framework\\src\\Illuminate\\Foundation\\resources\\server.php(16): require_once('C:\\\\Users\\\\Nathan...')
#49 {main}
"} 
[2025-11-18 09:45:49] local.ERROR: Target class [FirstController] does not exist. {"exception":"[object] (Illuminate\\Contracts\\Container\\BindingResolutionException(code: 0): Target class [FirstController] does not exist. at C:\\Users\\Nathan\\Documents\\Cours\\BUT_2\\Photos\\vendor\\laravel\\framework\\src\\Illuminate\\Container\\Container.php:914)
[stacktrace]
#0 C:\\Users\\Nathan\\Documents\\Cours\\BUT_2\\Photos\\vendor\\laravel\\framework\\src\\Illuminate\\Container\\Container.php(795): Illuminate\\Container\\Container->build('FirstController')
#1 C:\\Users\\Nathan\\Documents\\Cours\\BUT_2\\Photos\\vendor\\laravel\\framework\\src\\Illuminate\\Foundation\\Application.php(986): Illuminate\\Container\\Container->resolve('FirstController', Array, true)
#2 C:\\Users\\Nathan\\Documents\\Cours\\BUT_2\\Photos\\vendor\\laravel\\framework\\src\\Illuminate\\Container\\Container.php(731): Illuminate\\Foundation\\Application->resolve('FirstController', Array)
#3 C:\\Users\\Nathan\\Documents\\Cours\\BUT_2\\Photos\\vendor\\laravel\\framework\\src\\Illuminate\\Foundation\\Application.php(971): Illuminate\\Container\\Container->make('FirstController', Array)
#4 C:\\Users\\Nathan\\Documents\\Cours\\BUT_2\\Photos\\vendor\\laravel\\framework\\src\\Illuminate\\Routing\\Route.php(278): Illuminate\\Foundation\\Application->make('FirstController')
#5 C:\\Users\\Nathan\\Documents\\Cours\\BUT_2\\Photos\\vendor\\laravel\\framework\\src\\Illuminate\\Routing\\Route.php(260): Illuminate\\Routing\\Route->getController()
#6 C:\\Users\\Nathan\\Documents\\Cours\\BUT_2\\Photos\\vendor\\laravel\\framework\\src\\Illuminate\\Routing\\Route.php(205): Illuminate\\Routing\\Route->runController()
#7 C:\\Users\\Nathan\\Documents\\Cours\\BUT_2\\Photos\\vendor\\laravel\\framework\\src\\Illuminate\\Routing\\Router.php(806): Illuminate\\Routing\\Route->run()
#8 C:\\Users\\Nathan\\Documents\\Cours\\BUT_2\\Photos\\vendor\\laravel\\framework\\src\\Illuminate\\Pipeline\\Pipeline.php(144): Illuminate\\Routing\\Router->{closure:Illuminate\\Routing\\Router::runRouteWithinStack():805}(Object(Illuminate\\Http\\Request))
#9 C:\\Users\\Nathan\\Documents\\Cours\\BUT_2\\Photos\\vendor\\laravel\\framework\\src\\Illuminate\\Routing\\Middleware\\SubstituteBindings.php(50): Illuminate\\Pipeline\\Pipeline->{closure:Illuminate\\Pipeline\\Pipeline::prepareDestination():142}(Object(Illuminate\\Http\\Request))
#10 C:\\Users\\Nathan\\Documents\\Cours\\BUT_2\\Photos\\vendor\\laravel\\framework\\src\\Illuminate\\Pipeline\\Pipeline.php(183): Illuminate\\Routing\\Middleware\\SubstituteBindings->handle(Object(Illuminate\\Http\\Request), Object(Closure))
#11 C:\\Users\\Nathan\\Documents\\Cours\\BUT_2\\Photos\\vendor\\laravel\\framework\\src\\Illuminate\\Foundation\\Http\\Middleware\\VerifyCsrfToken.php(78): Illuminate\\Pipeline\\Pipeline->{closure:{closure:Illuminate\\Pipeline\\Pipeline::carry():158}:159}(Object(Illuminate\\Http\\Request))
#12 C:\\Users\\Nathan\\Documents\\Cours\\BUT_2\\Photos\\vendor\\laravel\\framework\\src\\Illuminate\\Pipeline\\Pipeline.php(183): Illuminate\\Foundation\\Http\\Middleware\\VerifyCsrfToken->handle(Object(Illuminate\\Http\\Request), Object(Closure))
#13 C:\\Users\\Nathan\\Documents\\Cours\\BUT_2\\Photos\\vendor\\laravel\\framework\\src\\Illuminate\\View\\Middleware\\ShareErrorsFromSession.php(49): Illuminate\\Pipeline\\Pipeline->{closure:{closure:Illuminate\\Pipeline\\Pipeline::carry():158}:159}(Object(Illuminate\\Http\\Request))
#14 C:\\Users\\Nathan\\Documents\\Cours\\BUT_2\\Photos\\vendor\\laravel\\framework\\src\\Illuminate\\Pipeline\\Pipeline.php(183): Illuminate\\View\\Middleware\\ShareErrorsFromSession->handle(Object(Illuminate\\Http\\Request), Object(Closure))
#15 C:\\Users\\Nathan\\Documents\\Cours\\BUT_2\\Photos\\vendor\\laravel\\framework\\src\\Illuminate\\Session\\Middleware\\StartSession.php(121): Illuminate\\Pipeline\\Pipeline->{closure:{closure:Illuminate\\Pipeline\\Pipeline::carry():158}:159}(Object(Illuminate\\Http\\Request))
#16 C:\\Users\\Nathan\\Documents\\Cours\\BUT_2\\Photos\\vendor\\laravel\\framework\\src\\Illuminate\\Session\\Middleware\\StartSession.php(64): Illuminate\\Session\\Middleware\\StartSession->handleStatefulRequest(Object(Illuminate\\Http\\Request), Object(Illuminate\\Session\\Store), Object(Closure))
#17 C:\\Users\\Nathan\\Documents\\Cours\\BUT_2\\Photos\\vendor\\laravel\\framework\\src\\Illuminate\\Pipeline\\Pipeline.php(183): Illuminate\\Session\\Middleware\\StartSession->handle(Object(Illuminate\\Http\\Request), Object(Closure))
#18 C:\\Users\\Nathan\\Documents\\Cours\\BUT_2\\Photos\\vendor\\laravel\\framework\\src\\Illuminate\\Cookie\\Middleware\\AddQueuedCookiesToResponse.php(37): Illuminate\\Pipeline\\Pipeline->{closure:{closure:Illuminate\\Pipeline\\Pipeline::carry():158}:159}(Object(Illuminate\\Http\\Request))
#19 C:\\Users\\Nathan\\Documents\\Cours\\BUT_2\\Photos\\vendor\\laravel\\framework\\src\\Illuminate\\Pipeline\\Pipeline.php(183): Illuminate\\Cookie\\Middleware\\AddQueuedCookiesToResponse->handle(Object(Illuminate\\Http\\Request), Object(Closure))
#20 C:\\Users\\Nathan\\Documents\\Cours\\BUT_2\\Photos\\vendor\\laravel\\framework\\src\\Illuminate\\Cookie\\Middleware\\EncryptCookies.php(67): Illuminate\\Pipeline\\Pipeline->{closure:{closure:Illuminate\\Pipeline\\Pipeline::carry():158}:159}(Object(Illuminate\\Http\\Request))
#21 C:\\Users\\Nathan\\Documents\\Cours\\BUT_2\\Photos\\vendor\\laravel\\framework\\src\\Illuminate\\Pipeline\\Pipeline.php(183): Illuminate\\Cookie\\Middleware\\EncryptCookies->handle(Object(Illuminate\\Http\\Request), Object(Closure))
#22 C:\\Users\\Nathan\\Documents\\Cours\\BUT_2\\Photos\\vendor\\laravel\\framework\\src\\Illuminate\\Pipeline\\Pipeline.php(119): Illuminate\\Pipeline\\Pipeline->{closure:{closure:Illuminate\\Pipeline\\Pipeline::carry():158}:159}(Object(Illuminate\\Http\\Request))
#23 C:\\Users\\Nathan\\Documents\\Cours\\BUT_2\\Photos\\vendor\\laravel\\framework\\src\\Illuminate\\Routing\\Router.php(805): Illuminate\\Pipeline\\Pipeline->then(Object(Closure))
#24 C:\\Users\\Nathan\\Documents\\Cours\\BUT_2\\Photos\\vendor\\laravel\\framework\\src\\Illuminate\\Routing\\Router.php(784): Illuminate\\Routing\\Router->runRouteWithinStack(Object(Illuminate\\Routing\\Route), Object(Illuminate\\Http\\Request))
#25 C:\\Users\\Nathan\\Documents\\Cours\\BUT_2\\Photos\\vendor\\laravel\\framework\\src\\Illuminate\\Routing\\Router.php(748): Illuminate\\Routing\\Router->runRoute(Object(Illuminate\\Http\\Request), Object(Illuminate\\Routing\\Route))
#26 C:\\Users\\Nathan\\Documents\\Cours\\BUT_2\\Photos\\vendor\\laravel\\framework\\src\\Illuminate\\Routing\\Router.php(737): Illuminate\\Routing\\Router->dispatchToRoute(Object(Illuminate\\Http\\Request))
#27 C:\\Users\\Nathan\\Documents\\Cours\\BUT_2\\Photos\\vendor\\laravel\\framework\\src\\Illuminate\\Foundation\\Http\\Kernel.php(200): Illuminate\\Routing\\Router->dispatch(Object(Illuminate\\Http\\Request))
#28 C:\\Users\\Nathan\\Documents\\Cours\\BUT_2\\Photos\\vendor\\laravel\\framework\\src\\Illuminate\\Pipeline\\Pipeline.php(144): Illuminate\\Foundation\\Http\\Kernel->{closure:Illuminate\\Foundation\\Http\\Kernel::dispatchToRouter():197}(Object(Illuminate\\Http\\Request))
#29 C:\\Users\\Nathan\\Documents\\Cours\\BUT_2\\Photos\\vendor\\laravel\\framework\\src\\Illuminate\\Foundation\\Http\\Middleware\\TransformsRequest.php(21): Illuminate\\Pipeline\\Pipeline->{closure:Illuminate\\Pipeline\\Pipeline::prepareDestination():142}(Object(Illuminate\\Http\\Request))
#30 C:\\Users\\Nathan\\Documents\\Cours\\BUT_2\\Photos\\vendor\\laravel\\framework\\src\\Illuminate\\Foundation\\Http\\Middleware\\ConvertEmptyStringsToNull.php(31): Illuminate\\Foundation\\Http\\Middleware\\TransformsRequest->handle(Object(Illuminate\\Http\\Request), Object(Closure))
#31 C:\\Users\\Nathan\\Documents\\Cours\\BUT_2\\Photos\\vendor\\laravel\\framework\\src\\Illuminate\\Pipeline\\Pipeline.php(183): Illuminate\\Foundation\\Http\\Middleware\\ConvertEmptyStringsToNull->handle(Object(Illuminate\\Http\\Request), Object(Closure))
#32 C:\\Users\\Nathan\\Documents\\Cours\\BUT_2\\Photos\\vendor\\laravel\\framework\\src\\Illuminate\\Foundation\\Http\\Middleware\\TransformsRequest.php(21): Illuminate\\Pipeline\\Pipeline->{closure:{closure:Illuminate\\Pipeline\\Pipeline::carry():158}:159}(Object(Illuminate\\Http\\Request))
#33 C:\\Users\\Nathan\\Documents\\Cours\\BUT_2\\Photos\\vendor\\laravel\\framework\\src\\Illuminate\\Foundation\\Http\\Middleware\\TrimStrings.php(40): Illuminate\\Foundation\\Http\\Middleware\\TransformsRequest->handle(Object(Illuminate\\Http\\Request), Object(Closure))
#34 C:\\Users\\Nathan\\Documents\\Cours\\BUT_2\\Photos\\vendor\\laravel\\framework\\src\\Illuminate\\Pipeline\\Pipeline.php(183): Illuminate\\Foundation\\Http\\Middleware\\TrimStrings->handle(Object(Illuminate\\Http\\Request), Object(Closure))
#35 C:\\Users\\Nathan\\Documents\\Cours\\BUT_2\\Photos\\vendor\\laravel\\framework\\src\\Illuminate\\Foundation\\Http\\Middleware\\ValidatePostSize.php(27): Illuminate\\Pipeline\\Pipeline->{closure:{closure:Illuminate\\Pipeline\\Pipeline::carry():158}:159}(Object(Illuminate\\Http\\Request))
#36 C:\\Users\\Nathan\\Documents\\Cours\\BUT_2\\Photos\\vendor\\laravel\\framework\\src\\Illuminate\\Pipeline\\Pipeline.php(183): Illuminate\\Foundation\\Http\\Middleware\\ValidatePostSize->handle(Object(Illuminate\\Http\\Request), Object(Closure))
#37 C:\\Users\\Nathan\\Documents\\Cours\\BUT_2\\Photos\\vendor\\laravel\\framework\\src\\Illuminate\\Foundation\\Http\\Middleware\\PreventRequestsDuringMaintenance.php(99): Illuminate\\Pipeline\\Pipeline->{closure:{closure:Illuminate\\Pipeline\\Pipeline::carry():158}:159}(Object(Illuminate\\Http\\Request))
#38 C:\\Users\\Nathan\\Documents\\Cours\\BUT_2\\Photos\\vendor\\laravel\\framework\\src\\Illuminate\\Pipeline\\Pipeline.php(183): Illuminate\\Foundation\\Http\\Middleware\\PreventRequestsDuringMaintenance->handle(Object(Illuminate\\Http\\Request), Object(Closure))
#39 C:\\Users\\Nathan\\Documents\\Cours\\BUT_2\\Photos\\vendor\\laravel\\framework\\src\\Illuminate\\Http\\Middleware\\HandleCors.php(49): Illuminate\\Pipeline\\Pipeline->{closure:{closure:Illuminate\\Pipeline\\Pipeline::carry():158}:159}(Object(Illuminate\\Http\\Request))
#40 C:\\Users\\Nathan\\Documents\\Cours\\BUT_2\\Photos\\vendor\\laravel\\framework\\src\\Illuminate\\Pipeline\\Pipeline.php(183): Illuminate\\Http\\Middleware\\HandleCors->handle(Object(Illuminate\\Http\\Request), Object(Closure))
#41 C:\\Users\\Nathan\\Documents\\Cours\\BUT_2\\Photos\\vendor\\laravel\\framework\\src\\Illuminate\\Http\\Middleware\\TrustProxies.php(39): Illuminate\\Pipeline\\Pipeline->{closure:{closure:Illuminate\\Pipeline\\Pipeline::carry():158}:159}(Object(Illuminate\\Http\\Request))
#42 C:\\Users\\Nathan\\Documents\\Cours\\BUT_2\\Photos\\vendor\\laravel\\framework\\src\\Illuminate\\Pipeline\\Pipeline.php(183): Illuminate\\Http\\Middleware\\TrustProxies->handle(Object(Illuminate\\Http\\Request), Object(Closure))
#43 C:\\Users\\Nathan\\Documents\\Cours\\BUT_2\\Photos\\vendor\\laravel\\framework\\src\\Illuminate\\Pipeline\\Pipeline.php(119): Illuminate\\Pipeline\\Pipeline->{closure:{closure:Illuminate\\Pipeline\\Pipeline::carry():158}:159}(Object(Illuminate\\Http\\Request))
#44 C:\\Users\\Nathan\\Documents\\Cours\\BUT_2\\Photos\\vendor\\laravel\\framework\\src\\Illuminate\\Foundation\\Http\\Kernel.php(175): Illuminate\\Pipeline\\Pipeline->then(Object(Closure))
#45 C:\\Users\\Nathan\\Documents\\Cours\\BUT_2\\Photos\\vendor\\laravel\\framework\\src\\Illuminate\\Foundation\\Http\\Kernel.php(144): Illuminate\\Foundation\\Http\\Kernel->sendRequestThroughRouter(Object(Illuminate\\Http\\Request))
#46 C:\\Users\\Nathan\\Documents\\Cours\\BUT_2\\Photos\\public\\index.php(51): Illuminate\\Foundation\\Http\\Kernel->handle(Object(Illuminate\\Http\\Request))
#47 C:\\Users\\Nathan\\Documents\\Cours\\BUT_2\\Photos\\vendor\\laravel\\framework\\src\\Illuminate\\Foundation\\resources\\server.php(16): require_once('C:\\\\Users\\\\Nathan...')
#48 {main}

[previous exception] [object] (ReflectionException(code: -1): Class \"FirstController\" does not exist at C:\\Users\\Nathan\\Documents\\Cours\\BUT_2\\Photos\\vendor\\laravel\\framework\\src\\Illuminate\\Container\\Container.php:912)
[stacktrace]
#0 C:\\Users\\Nathan\\Documents\\Cours\\BUT_2\\Photos\\vendor\\laravel\\framework\\src\\Illuminate\\Container\\Container.php(912): ReflectionClass->__construct('FirstController')
#1 C:\\Users\\Nathan\\Documents\\Cours\\BUT_2\\Photos\\vendor\\laravel\\framework\\src\\Illuminate\\Container\\Container.php(795): Illuminate\\Container\\Container->build('FirstController')
#2 C:\\Users\\Nathan\\Documents\\Cours\\BUT_2\\Photos\\vendor\\laravel\\framework\\src\\Illuminate\\Foundation\\Application.php(986): Illuminate\\Container\\Container->resolve('FirstController', Array, true)
#3 C:\\Users\\Nathan\\Documents\\Cours\\BUT_2\\Photos\\vendor\\laravel\\framework\\src\\Illuminate\\Container\\Container.php(731): Illuminate\\Foundation\\Application->resolve('FirstController', Array)
#4 C:\\Users\\Nathan\\Documents\\Cours\\BUT_2\\Photos\\vendor\\laravel\\framework\\src\\Illuminate\\Foundation\\Application.php(971): Illuminate\\Container\\Container->make('FirstController', Array)
#5 C:\\Users\\Nathan\\Documents\\Cours\\BUT_2\\Photos\\vendor\\laravel\\framework\\src\\Illuminate\\Routing\\Route.php(278): Illuminate\\Foundation\\Application->make('FirstController')
#6 C:\\Users\\Nathan\\Documents\\Cours\\BUT_2\\Photos\\vendor\\laravel\\framework\\src\\Illuminate\\Routing\\Route.php(260): Illuminate\\Routing\\Route->getController()
#7 C:\\Users\\Nathan\\Documents\\Cours\\BUT_2\\Photos\\vendor\\laravel\\framework\\src\\Illuminate\\Routing\\Route.php(205): Illuminate\\Routing\\Route->runController()
#8 C:\\Users\\Nathan\\Documents\\Cours\\BUT_2\\Photos\\vendor\\laravel\\framework\\src\\Illuminate\\Routing\\Router.php(806): Illuminate\\Routing\\Route->run()
#9 C:\\Users\\Nathan\\Documents\\Cours\\BUT_2\\Photos\\vendor\\laravel\\framework\\src\\Illuminate\\Pipeline\\Pipeline.php(144): Illuminate\\Routing\\Router->{closure:Illuminate\\Routing\\Router::runRouteWithinStack():805}(Object(Illuminate\\Http\\Request))
#10 C:\\Users\\Nathan\\Documents\\Cours\\BUT_2\\Photos\\vendor\\laravel\\framework\\src\\Illuminate\\Routing\\Middleware\\SubstituteBindings.php(50): Illuminate\\Pipeline\\Pipeline->{closure:Illuminate\\Pipeline\\Pipeline::prepareDestination():142}(Object(Illuminate\\Http\\Request))
#11 C:\\Users\\Nathan\\Documents\\Cours\\BUT_2\\Photos\\vendor\\laravel\\framework\\src\\Illuminate\\Pipeline\\Pipeline.php(183): Illuminate\\Routing\\Middleware\\SubstituteBindings->handle(Object(Illuminate\\Http\\Request), Object(Closure))
#12 C:\\Users\\Nathan\\Documents\\Cours\\BUT_2\\Photos\\vendor\\laravel\\framework\\src\\Illuminate\\Foundation\\Http\\Middleware\\VerifyCsrfToken.php(78): Illuminate\\Pipeline\\Pipeline->{closure:{closure:Illuminate\\Pipeline\\Pipeline::carry():158}:159}(Object(Illuminate\\Http\\Request))
#13 C:\\Users\\Nathan\\Documents\\Cours\\BUT_2\\Photos\\vendor\\laravel\\framework\\src\\Illuminate\\Pipeline\\Pipeline.php(183): Illuminate\\Foundation\\Http\\Middleware\\VerifyCsrfToken->handle(Object(Illuminate\\Http\\Request), Object(Closure))
#14 C:\\Users\\Nathan\\Documents\\Cours\\BUT_2\\Photos\\vendor\\laravel\\framework\\src\\Illuminate\\View\\Middleware\\ShareErrorsFromSession.php(49): Illuminate\\Pipeline\\Pipeline->{closure:{closure:Illuminate\\Pipeline\\Pipeline::carry():158}:159}(Object(Illuminate\\Http\\Request))
#15 C:\\Users\\Nathan\\Documents\\Cours\\BUT_2\\Photos\\vendor\\laravel\\framework\\src\\Illuminate\\Pipeline\\Pipeline.php(183): Illuminate\\View\\Middleware\\ShareErrorsFromSession->handle(Object(Illuminate\\Http\\Request), Object(Closure))
#16 C:\\Users\\Nathan\\Documents\\Cours\\BUT_2\\Photos\\vendor\\laravel\\framework\\src\\Illuminate\\Session\\Middleware\\StartSession.php(121): Illuminate\\Pipeline\\Pipeline->{closure:{closure:Illuminate\\Pipeline\\Pipeline::carry():158}:159}(Object(Illuminate\\Http\\Request))
#17 C:\\Users\\Nathan\\Documents\\Cours\\BUT_2\\Photos\\vendor\\laravel\\framework\\src\\Illuminate\\Session\\Middleware\\StartSession.php(64): Illuminate\\Session\\Middleware\\StartSession->handleStatefulRequest(Object(Illuminate\\Http\\Request), Object(Illuminate\\Session\\Store), Object(Closure))
#18 C:\\Users\\Nathan\\Documents\\Cours\\BUT_2\\Photos\\vendor\\laravel\\framework\\src\\Illuminate\\Pipeline\\Pipeline.php(183): Illuminate\\Session\\Middleware\\StartSession->handle(Object(Illuminate\\Http\\Request), Object(Closure))
#19 C:\\Users\\Nathan\\Documents\\Cours\\BUT_2\\Photos\\vendor\\laravel\\framework\\src\\Illuminate\\Cookie\\Middleware\\AddQueuedCookiesToResponse.php(37): Illuminate\\Pipeline\\Pipeline->{closure:{closure:Illuminate\\Pipeline\\Pipeline::carry():158}:159}(Object(Illuminate\\Http\\Request))
#20 C:\\Users\\Nathan\\Documents\\Cours\\BUT_2\\Photos\\vendor\\laravel\\framework\\src\\Illuminate\\Pipeline\\Pipeline.php(183): Illuminate\\Cookie\\Middleware\\AddQueuedCookiesToResponse->handle(Object(Illuminate\\Http\\Request), Object(Closure))
#21 C:\\Users\\Nathan\\Documents\\Cours\\BUT_2\\Photos\\vendor\\laravel\\framework\\src\\Illuminate\\Cookie\\Middleware\\EncryptCookies.php(67): Illuminate\\Pipeline\\Pipeline->{closure:{closure:Illuminate\\Pipeline\\Pipeline::carry():158}:159}(Object(Illuminate\\Http\\Request))
#22 C:\\Users\\Nathan\\Documents\\Cours\\BUT_2\\Photos\\vendor\\laravel\\framework\\src\\Illuminate\\Pipeline\\Pipeline.php(183): Illuminate\\Cookie\\Middleware\\EncryptCookies->handle(Object(Illuminate\\Http\\Request), Object(Closure))
#23 C:\\Users\\Nathan\\Documents\\Cours\\BUT_2\\Photos\\vendor\\laravel\\framework\\src\\Illuminate\\Pipeline\\Pipeline.php(119): Illuminate\\Pipeline\\Pipeline->{closure:{closure:Illuminate\\Pipeline\\Pipeline::carry():158}:159}(Object(Illuminate\\Http\\Request))
#24 C:\\Users\\Nathan\\Documents\\Cours\\BUT_2\\Photos\\vendor\\laravel\\framework\\src\\Illuminate\\Routing\\Router.php(805): Illuminate\\Pipeline\\Pipeline->then(Object(Closure))
#25 C:\\Users\\Nathan\\Documents\\Cours\\BUT_2\\Photos\\vendor\\laravel\\framework\\src\\Illuminate\\Routing\\Router.php(784): Illuminate\\Routing\\Router->runRouteWithinStack(Object(Illuminate\\Routing\\Route), Object(Illuminate\\Http\\Request))
#26 C:\\Users\\Nathan\\Documents\\Cours\\BUT_2\\Photos\\vendor\\laravel\\framework\\src\\Illuminate\\Routing\\Router.php(748): Illuminate\\Routing\\Router->runRoute(Object(Illuminate\\Http\\Request), Object(Illuminate\\Routing\\Route))
#27 C:\\Users\\Nathan\\Documents\\Cours\\BUT_2\\Photos\\vendor\\laravel\\framework\\src\\Illuminate\\Routing\\Router.php(737): Illuminate\\Routing\\Router->dispatchToRoute(Object(Illuminate\\Http\\Request))
#28 C:\\Users\\Nathan\\Documents\\Cours\\BUT_2\\Photos\\vendor\\laravel\\framework\\src\\Illuminate\\Foundation\\Http\\Kernel.php(200): Illuminate\\Routing\\Router->dispatch(Object(Illuminate\\Http\\Request))
#29 C:\\Users\\Nathan\\Documents\\Cours\\BUT_2\\Photos\\vendor\\laravel\\framework\\src\\Illuminate\\Pipeline\\Pipeline.php(144): Illuminate\\Foundation\\Http\\Kernel->{closure:Illuminate\\Foundation\\Http\\Kernel::dispatchToRouter():197}(Object(Illuminate\\Http\\Request))
#30 C:\\Users\\Nathan\\Documents\\Cours\\BUT_2\\Photos\\vendor\\laravel\\framework\\src\\Illuminate\\Foundation\\Http\\Middleware\\TransformsRequest.php(21): Illuminate\\Pipeline\\Pipeline->{closure:Illuminate\\Pipeline\\Pipeline::prepareDestination():142}(Object(Illuminate\\Http\\Request))
#31 C:\\Users\\Nathan\\Documents\\Cours\\BUT_2\\Photos\\vendor\\laravel\\framework\\src\\Illuminate\\Foundation\\Http\\Middleware\\ConvertEmptyStringsToNull.php(31): Illuminate\\Foundation\\Http\\Middleware\\TransformsRequest->handle(Object(Illuminate\\Http\\Request), Object(Closure))
#32 C:\\Users\\Nathan\\Documents\\Cours\\BUT_2\\Photos\\vendor\\laravel\\framework\\src\\Illuminate\\Pipeline\\Pipeline.php(183): Illuminate\\Foundation\\Http\\Middleware\\ConvertEmptyStringsToNull->handle(Object(Illuminate\\Http\\Request), Object(Closure))
#33 C:\\Users\\Nathan\\Documents\\Cours\\BUT_2\\Photos\\vendor\\laravel\\framework\\src\\Illuminate\\Foundation\\Http\\Middleware\\TransformsRequest.php(21): Illuminate\\Pipeline\\Pipeline->{closure:{closure:Illuminate\\Pipeline\\Pipeline::carry():158}:159}(Object(Illuminate\\Http\\Request))
#34 C:\\Users\\Nathan\\Documents\\Cours\\BUT_2\\Photos\\vendor\\laravel\\framework\\src\\Illuminate\\Foundation\\Http\\Middleware\\TrimStrings.php(40): Illuminate\\Foundation\\Http\\Middleware\\TransformsRequest->handle(Object(Illuminate\\Http\\Request), Object(Closure))
#35 C:\\Users\\Nathan\\Documents\\Cours\\BUT_2\\Photos\\vendor\\laravel\\framework\\src\\Illuminate\\Pipeline\\Pipeline.php(183): Illuminate\\Foundation\\Http\\Middleware\\TrimStrings->handle(Object(Illuminate\\Http\\Request), Object(Closure))
#36 C:\\Users\\Nathan\\Documents\\Cours\\BUT_2\\Photos\\vendor\\laravel\\framework\\src\\Illuminate\\Foundation\\Http\\Middleware\\ValidatePostSize.php(27): Illuminate\\Pipeline\\Pipeline->{closure:{closure:Illuminate\\Pipeline\\Pipeline::carry():158}:159}(Object(Illuminate\\Http\\Request))
#37 C:\\Users\\Nathan\\Documents\\Cours\\BUT_2\\Photos\\vendor\\laravel\\framework\\src\\Illuminate\\Pipeline\\Pipeline.php(183): Illuminate\\Foundation\\Http\\Middleware\\ValidatePostSize->handle(Object(Illuminate\\Http\\Request), Object(Closure))
#38 C:\\Users\\Nathan\\Documents\\Cours\\BUT_2\\Photos\\vendor\\laravel\\framework\\src\\Illuminate\\Foundation\\Http\\Middleware\\PreventRequestsDuringMaintenance.php(99): Illuminate\\Pipeline\\Pipeline->{closure:{closure:Illuminate\\Pipeline\\Pipeline::carry():158}:159}(Object(Illuminate\\Http\\Request))
#39 C:\\Users\\Nathan\\Documents\\Cours\\BUT_2\\Photos\\vendor\\laravel\\framework\\src\\Illuminate\\Pipeline\\Pipeline.php(183): Illuminate\\Foundation\\Http\\Middleware\\PreventRequestsDuringMaintenance->handle(Object(Illuminate\\Http\\Request), Object(Closure))
#40 C:\\Users\\Nathan\\Documents\\Cours\\BUT_2\\Photos\\vendor\\laravel\\framework\\src\\Illuminate\\Http\\Middleware\\HandleCors.php(49): Illuminate\\Pipeline\\Pipeline->{closure:{closure:Illuminate\\Pipeline\\Pipeline::carry():158}:159}(Object(Illuminate\\Http\\Request))
#41 C:\\Users\\Nathan\\Documents\\Cours\\BUT_2\\Photos\\vendor\\laravel\\framework\\src\\Illuminate\\Pipeline\\Pipeline.php(183): Illuminate\\Http\\Middleware\\HandleCors->handle(Object(Illuminate\\Http\\Request), Object(Closure))
#42 C:\\Users\\Nathan\\Documents\\Cours\\BUT_2\\Photos\\vendor\\laravel\\framework\\src\\Illuminate\\Http\\Middleware\\TrustProxies.php(39): Illuminate\\Pipeline\\Pipeline->{closure:{closure:Illuminate\\Pipeline\\Pipeline::carry():158}:159}(Object(Illuminate\\Http\\Request))
#43 C:\\Users\\Nathan\\Documents\\Cours\\BUT_2\\Photos\\vendor\\laravel\\framework\\src\\Illuminate\\Pipeline\\Pipeline.php(183): Illuminate\\Http\\Middleware\\TrustProxies->handle(Object(Illuminate\\Http\\Request), Object(Closure))
#44 C:\\Users\\Nathan\\Documents\\Cours\\BUT_2\\Photos\\vendor\\laravel\\framework\\src\\Illuminate\\Pipeline\\Pipeline.php(119): Illuminate\\Pipeline\\Pipeline->{closure:{closure:Illuminate\\Pipeline\\Pipeline::carry():158}:159}(Object(Illuminate\\Http\\Request))
#45 C:\\Users\\Nathan\\Documents\\Cours\\BUT_2\\Photos\\vendor\\laravel\\framework\\src\\Illuminate\\Foundation\\Http\\Kernel.php(175): Illuminate\\Pipeline\\Pipeline->then(Object(Closure))
#46 C:\\Users\\Nathan\\Documents\\Cours\\BUT_2\\Photos\\vendor\\laravel\\framework\\src\\Illuminate\\Foundation\\Http\\Kernel.php(144): Illuminate\\Foundation\\Http\\Kernel->sendRequestThroughRouter(Object(Illuminate\\Http\\Request))
#47 C:\\Users\\Nathan\\Documents\\Cours\\BUT_2\\Photos\\public\\index.php(51): Illuminate\\Foundation\\Http\\Kernel->handle(Object(Illuminate\\Http\\Request))
#48 C:\\Users\\Nathan\\Documents\\Cours\\BUT_2\\Photos\\vendor\\laravel\\framework\\src\\Illuminate\\Foundation\\resources\\server.php(16): require_once('C:\\\\Users\\\\Nathan...')
#49 {main}
"} 
[2025-11-18 09:45:52] local.ERROR: Target class [FirstController] does not exist. {"exception":"[object] (Illuminate\\Contracts\\Container\\BindingResolutionException(code: 0): Target class [FirstController] does not exist. at C:\\Users\\Nathan\\Documents\\Cours\\BUT_2\\Photos\\vendor\\laravel\\framework\\src\\Illuminate\\Container\\Container.php:914)
[stacktrace]
#0 C:\\Users\\Nathan\\Documents\\Cours\\BUT_2\\Photos\\vendor\\laravel\\framework\\src\\Illuminate\\Container\\Container.php(795): Illuminate\\Container\\Container->build('FirstController')
#1 C:\\Users\\Nathan\\Documents\\Cours\\BUT_2\\Photos\\vendor\\laravel\\framework\\src\\Illuminate\\Foundation\\Application.php(986): Illuminate\\Container\\Container->resolve('FirstController', Array, true)
#2 C:\\Users\\Nathan\\Documents\\Cours\\BUT_2\\Photos\\vendor\\laravel\\framework\\src\\Illuminate\\Container\\Container.php(731): Illuminate\\Foundation\\Application->resolve('FirstController', Array)
#3 C:\\Users\\Nathan\\Documents\\Cours\\BUT_2\\Photos\\vendor\\laravel\\framework\\src\\Illuminate\\Foundation\\Application.php(971): Illuminate\\Container\\Container->make('FirstController', Array)
#4 C:\\Users\\Nathan\\Documents\\Cours\\BUT_2\\Photos\\vendor\\laravel\\framework\\src\\Illuminate\\Routing\\Route.php(278): Illuminate\\Foundation\\Application->make('FirstController')
#5 C:\\Users\\Nathan\\Documents\\Cours\\BUT_2\\Photos\\vendor\\laravel\\framework\\src\\Illuminate\\Routing\\Route.php(260): Illuminate\\Routing\\Route->getController()
#6 C:\\Users\\Nathan\\Documents\\Cours\\BUT_2\\Photos\\vendor\\laravel\\framework\\src\\Illuminate\\Routing\\Route.php(205): Illuminate\\Routing\\Route->runController()
#7 C:\\Users\\Nathan\\Documents\\Cours\\BUT_2\\Photos\\vendor\\laravel\\framework\\src\\Illuminate\\Routing\\Router.php(806): Illuminate\\Routing\\Route->run()
#8 C:\\Users\\Nathan\\Documents\\Cours\\BUT_2\\Photos\\vendor\\laravel\\framework\\src\\Illuminate\\Pipeline\\Pipeline.php(144): Illuminate\\Routing\\Router->{closure:Illuminate\\Routing\\Router::runRouteWithinStack():805}(Object(Illuminate\\Http\\Request))
#9 C:\\Users\\Nathan\\Documents\\Cours\\BUT_2\\Photos\\vendor\\laravel\\framework\\src\\Illuminate\\Routing\\Middleware\\SubstituteBindings.php(50): Illuminate\\Pipeline\\Pipeline->{closure:Illuminate\\Pipeline\\Pipeline::prepareDestination():142}(Object(Illuminate\\Http\\Request))
#10 C:\\Users\\Nathan\\Documents\\Cours\\BUT_2\\Photos\\vendor\\laravel\\framework\\src\\Illuminate\\Pipeline\\Pipeline.php(183): Illuminate\\Routing\\Middleware\\SubstituteBindings->handle(Object(Illuminate\\Http\\Request), Object(Closure))
#11 C:\\Users\\Nathan\\Documents\\Cours\\BUT_2\\Photos\\vendor\\laravel\\framework\\src\\Illuminate\\Foundation\\Http\\Middleware\\VerifyCsrfToken.php(78): Illuminate\\Pipeline\\Pipeline->{closure:{closure:Illuminate\\Pipeline\\Pipeline::carry():158}:159}(Object(Illuminate\\Http\\Request))
#12 C:\\Users\\Nathan\\Documents\\Cours\\BUT_2\\Photos\\vendor\\laravel\\framework\\src\\Illuminate\\Pipeline\\Pipeline.php(183): Illuminate\\Foundation\\Http\\Middleware\\VerifyCsrfToken->handle(Object(Illuminate\\Http\\Request), Object(Closure))
#13 C:\\Users\\Nathan\\Documents\\Cours\\BUT_2\\Photos\\vendor\\laravel\\framework\\src\\Illuminate\\View\\Middleware\\ShareErrorsFromSession.php(49): Illuminate\\Pipeline\\Pipeline->{closure:{closure:Illuminate\\Pipeline\\Pipeline::carry():158}:159}(Object(Illuminate\\Http\\Request))
#14 C:\\Users\\Nathan\\Documents\\Cours\\BUT_2\\Photos\\vendor\\laravel\\framework\\src\\Illuminate\\Pipeline\\Pipeline.php(183): Illuminate\\View\\Middleware\\ShareErrorsFromSession->handle(Object(Illuminate\\Http\\Request), Object(Closure))
#15 C:\\Users\\Nathan\\Documents\\Cours\\BUT_2\\Photos\\vendor\\laravel\\framework\\src\\Illuminate\\Session\\Middleware\\StartSession.php(121): Illuminate\\Pipeline\\Pipeline->{closure:{closure:Illuminate\\Pipeline\\Pipeline::carry():158}:159}(Object(Illuminate\\Http\\Request))
#16 C:\\Users\\Nathan\\Documents\\Cours\\BUT_2\\Photos\\vendor\\laravel\\framework\\src\\Illuminate\\Session\\Middleware\\StartSession.php(64): Illuminate\\Session\\Middleware\\StartSession->handleStatefulRequest(Object(Illuminate\\Http\\Request), Object(Illuminate\\Session\\Store), Object(Closure))
#17 C:\\Users\\Nathan\\Documents\\Cours\\BUT_2\\Photos\\vendor\\laravel\\framework\\src\\Illuminate\\Pipeline\\Pipeline.php(183): Illuminate\\Session\\Middleware\\StartSession->handle(Object(Illuminate\\Http\\Request), Object(Closure))
#18 C:\\Users\\Nathan\\Documents\\Cours\\BUT_2\\Photos\\vendor\\laravel\\framework\\src\\Illuminate\\Cookie\\Middleware\\AddQueuedCookiesToResponse.php(37): Illuminate\\Pipeline\\Pipeline->{closure:{closure:Illuminate\\Pipeline\\Pipeline::carry():158}:159}(Object(Illuminate\\Http\\Request))
#19 C:\\Users\\Nathan\\Documents\\Cours\\BUT_2\\Photos\\vendor\\laravel\\framework\\src\\Illuminate\\Pipeline\\Pipeline.php(183): Illuminate\\Cookie\\Middleware\\AddQueuedCookiesToResponse->handle(Object(Illuminate\\Http\\Request), Object(Closure))
#20 C:\\Users\\Nathan\\Documents\\Cours\\BUT_2\\Photos\\vendor\\laravel\\framework\\src\\Illuminate\\Cookie\\Middleware\\EncryptCookies.php(67): Illuminate\\Pipeline\\Pipeline->{closure:{closure:Illuminate\\Pipeline\\Pipeline::carry():158}:159}(Object(Illuminate\\Http\\Request))
#21 C:\\Users\\Nathan\\Documents\\Cours\\BUT_2\\Photos\\vendor\\laravel\\framework\\src\\Illuminate\\Pipeline\\Pipeline.php(183): Illuminate\\Cookie\\Middleware\\EncryptCookies->handle(Object(Illuminate\\Http\\Request), Object(Closure))
#22 C:\\Users\\Nathan\\Documents\\Cours\\BUT_2\\Photos\\vendor\\laravel\\framework\\src\\Illuminate\\Pipeline\\Pipeline.php(119): Illuminate\\Pipeline\\Pipeline->{closure:{closure:Illuminate\\Pipeline\\Pipeline::carry():158}:159}(Object(Illuminate\\Http\\Request))
#23 C:\\Users\\Nathan\\Documents\\Cours\\BUT_2\\Photos\\vendor\\laravel\\framework\\src\\Illuminate\\Routing\\Router.php(805): Illuminate\\Pipeline\\Pipeline->then(Object(Closure))
#24 C:\\Users\\Nathan\\Documents\\Cours\\BUT_2\\Photos\\vendor\\laravel\\framework\\src\\Illuminate\\Routing\\Router.php(784): Illuminate\\Routing\\Router->runRouteWithinStack(Object(Illuminate\\Routing\\Route), Object(Illuminate\\Http\\Request))
#25 C:\\Users\\Nathan\\Documents\\Cours\\BUT_2\\Photos\\vendor\\laravel\\framework\\src\\Illuminate\\Routing\\Router.php(748): Illuminate\\Routing\\Router->runRoute(Object(Illuminate\\Http\\Request), Object(Illuminate\\Routing\\Route))
#26 C:\\Users\\Nathan\\Documents\\Cours\\BUT_2\\Photos\\vendor\\laravel\\framework\\src\\Illuminate\\Routing\\Router.php(737): Illuminate\\Routing\\Router->dispatchToRoute(Object(Illuminate\\Http\\Request))
#27 C:\\Users\\Nathan\\Documents\\Cours\\BUT_2\\Photos\\vendor\\laravel\\framework\\src\\Illuminate\\Foundation\\Http\\Kernel.php(200): Illuminate\\Routing\\Router->dispatch(Object(Illuminate\\Http\\Request))
#28 C:\\Users\\Nathan\\Documents\\Cours\\BUT_2\\Photos\\vendor\\laravel\\framework\\src\\Illuminate\\Pipeline\\Pipeline.php(144): Illuminate\\Foundation\\Http\\Kernel->{closure:Illuminate\\Foundation\\Http\\Kernel::dispatchToRouter():197}(Object(Illuminate\\Http\\Request))
#29 C:\\Users\\Nathan\\Documents\\Cours\\BUT_2\\Photos\\vendor\\laravel\\framework\\src\\Illuminate\\Foundation\\Http\\Middleware\\TransformsRequest.php(21): Illuminate\\Pipeline\\Pipeline->{closure:Illuminate\\Pipeline\\Pipeline::prepareDestination():142}(Object(Illuminate\\Http\\Request))
#30 C:\\Users\\Nathan\\Documents\\Cours\\BUT_2\\Photos\\vendor\\laravel\\framework\\src\\Illuminate\\Foundation\\Http\\Middleware\\ConvertEmptyStringsToNull.php(31): Illuminate\\Foundation\\Http\\Middleware\\TransformsRequest->handle(Object(Illuminate\\Http\\Request), Object(Closure))
#31 C:\\Users\\Nathan\\Documents\\Cours\\BUT_2\\Photos\\vendor\\laravel\\framework\\src\\Illuminate\\Pipeline\\Pipeline.php(183): Illuminate\\Foundation\\Http\\Middleware\\ConvertEmptyStringsToNull->handle(Object(Illuminate\\Http\\Request), Object(Closure))
#32 C:\\Users\\Nathan\\Documents\\Cours\\BUT_2\\Photos\\vendor\\laravel\\framework\\src\\Illuminate\\Foundation\\Http\\Middleware\\TransformsRequest.php(21): Illuminate\\Pipeline\\Pipeline->{closure:{closure:Illuminate\\Pipeline\\Pipeline::carry():158}:159}(Object(Illuminate\\Http\\Request))
#33 C:\\Users\\Nathan\\Documents\\Cours\\BUT_2\\Photos\\vendor\\laravel\\framework\\src\\Illuminate\\Foundation\\Http\\Middleware\\TrimStrings.php(40): Illuminate\\Foundation\\Http\\Middleware\\TransformsRequest->handle(Object(Illuminate\\Http\\Request), Object(Closure))
#34 C:\\Users\\Nathan\\Documents\\Cours\\BUT_2\\Photos\\vendor\\laravel\\framework\\src\\Illuminate\\Pipeline\\Pipeline.php(183): Illuminate\\Foundation\\Http\\Middleware\\TrimStrings->handle(Object(Illuminate\\Http\\Request), Object(Closure))
#35 C:\\Users\\Nathan\\Documents\\Cours\\BUT_2\\Photos\\vendor\\laravel\\framework\\src\\Illuminate\\Foundation\\Http\\Middleware\\ValidatePostSize.php(27): Illuminate\\Pipeline\\Pipeline->{closure:{closure:Illuminate\\Pipeline\\Pipeline::carry():158}:159}(Object(Illuminate\\Http\\Request))
#36 C:\\Users\\Nathan\\Documents\\Cours\\BUT_2\\Photos\\vendor\\laravel\\framework\\src\\Illuminate\\Pipeline\\Pipeline.php(183): Illuminate\\Foundation\\Http\\Middleware\\ValidatePostSize->handle(Object(Illuminate\\Http\\Request), Object(Closure))
#37 C:\\Users\\Nathan\\Documents\\Cours\\BUT_2\\Photos\\vendor\\laravel\\framework\\src\\Illuminate\\Foundation\\Http\\Middleware\\PreventRequestsDuringMaintenance.php(99): Illuminate\\Pipeline\\Pipeline->{closure:{closure:Illuminate\\Pipeline\\Pipeline::carry():158}:159}(Object(Illuminate\\Http\\Request))
#38 C:\\Users\\Nathan\\Documents\\Cours\\BUT_2\\Photos\\vendor\\laravel\\framework\\src\\Illuminate\\Pipeline\\Pipeline.php(183): Illuminate\\Foundation\\Http\\Middleware\\PreventRequestsDuringMaintenance->handle(Object(Illuminate\\Http\\Request), Object(Closure))
#39 C:\\Users\\Nathan\\Documents\\Cours\\BUT_2\\Photos\\vendor\\laravel\\framework\\src\\Illuminate\\Http\\Middleware\\HandleCors.php(49): Illuminate\\Pipeline\\Pipeline->{closure:{closure:Illuminate\\Pipeline\\Pipeline::carry():158}:159}(Object(Illuminate\\Http\\Request))
#40 C:\\Users\\Nathan\\Documents\\Cours\\BUT_2\\Photos\\vendor\\laravel\\framework\\src\\Illuminate\\Pipeline\\Pipeline.php(183): Illuminate\\Http\\Middleware\\HandleCors->handle(Object(Illuminate\\Http\\Request), Object(Closure))
#41 C:\\Users\\Nathan\\Documents\\Cours\\BUT_2\\Photos\\vendor\\laravel\\framework\\src\\Illuminate\\Http\\Middleware\\TrustProxies.php(39): Illuminate\\Pipeline\\Pipeline->{closure:{closure:Illuminate\\Pipeline\\Pipeline::carry():158}:159}(Object(Illuminate\\Http\\Request))
#42 C:\\Users\\Nathan\\Documents\\Cours\\BUT_2\\Photos\\vendor\\laravel\\framework\\src\\Illuminate\\Pipeline\\Pipeline.php(183): Illuminate\\Http\\Middleware\\TrustProxies->handle(Object(Illuminate\\Http\\Request), Object(Closure))
#43 C:\\Users\\Nathan\\Documents\\Cours\\BUT_2\\Photos\\vendor\\laravel\\framework\\src\\Illuminate\\Pipeline\\Pipeline.php(119): Illuminate\\Pipeline\\Pipeline->{closure:{closure:Illuminate\\Pipeline\\Pipeline::carry():158}:159}(Object(Illuminate\\Http\\Request))
#44 C:\\Users\\Nathan\\Documents\\Cours\\BUT_2\\Photos\\vendor\\laravel\\framework\\src\\Illuminate\\Foundation\\Http\\Kernel.php(175): Illuminate\\Pipeline\\Pipeline->then(Object(Closure))
#45 C:\\Users\\Nathan\\Documents\\Cours\\BUT_2\\Photos\\vendor\\laravel\\framework\\src\\Illuminate\\Foundation\\Http\\Kernel.php(144): Illuminate\\Foundation\\Http\\Kernel->sendRequestThroughRouter(Object(Illuminate\\Http\\Request))
#46 C:\\Users\\Nathan\\Documents\\Cours\\BUT_2\\Photos\\public\\index.php(51): Illuminate\\Foundation\\Http\\Kernel->handle(Object(Illuminate\\Http\\Request))
#47 C:\\Users\\Nathan\\Documents\\Cours\\BUT_2\\Photos\\vendor\\laravel\\framework\\src\\Illuminate\\Foundation\\resources\\server.php(16): require_once('C:\\\\Users\\\\Nathan...')
#48 {main}

[previous exception] [object] (ReflectionException(code: -1): Class \"FirstController\" does not exist at C:\\Users\\Nathan\\Documents\\Cours\\BUT_2\\Photos\\vendor\\laravel\\framework\\src\\Illuminate\\Container\\Container.php:912)
[stacktrace]
#0 C:\\Users\\Nathan\\Documents\\Cours\\BUT_2\\Photos\\vendor\\laravel\\framework\\src\\Illuminate\\Container\\Container.php(912): ReflectionClass->__construct('FirstController')
#1 C:\\Users\\Nathan\\Documents\\Cours\\BUT_2\\Photos\\vendor\\laravel\\framework\\src\\Illuminate\\Container\\Container.php(795): Illuminate\\Container\\Container->build('FirstController')
#2 C:\\Users\\Nathan\\Documents\\Cours\\BUT_2\\Photos\\vendor\\laravel\\framework\\src\\Illuminate\\Foundation\\Application.php(986): Illuminate\\Container\\Container->resolve('FirstController', Array, true)
#3 C:\\Users\\Nathan\\Documents\\Cours\\BUT_2\\Photos\\vendor\\laravel\\framework\\src\\Illuminate\\Container\\Container.php(731): Illuminate\\Foundation\\Application->resolve('FirstController', Array)
#4 C:\\Users\\Nathan\\Documents\\Cours\\BUT_2\\Photos\\vendor\\laravel\\framework\\src\\Illuminate\\Foundation\\Application.php(971): Illuminate\\Container\\Container->make('FirstController', Array)
#5 C:\\Users\\Nathan\\Documents\\Cours\\BUT_2\\Photos\\vendor\\laravel\\framework\\src\\Illuminate\\Routing\\Route.php(278): Illuminate\\Foundation\\Application->make('FirstController')
#6 C:\\Users\\Nathan\\Documents\\Cours\\BUT_2\\Photos\\vendor\\laravel\\framework\\src\\Illuminate\\Routing\\Route.php(260): Illuminate\\Routing\\Route->getController()
#7 C:\\Users\\Nathan\\Documents\\Cours\\BUT_2\\Photos\\vendor\\laravel\\framework\\src\\Illuminate\\Routing\\Route.php(205): Illuminate\\Routing\\Route->runController()
#8 C:\\Users\\Nathan\\Documents\\Cours\\BUT_2\\Photos\\vendor\\laravel\\framework\\src\\Illuminate\\Routing\\Router.php(806): Illuminate\\Routing\\Route->run()
#9 C:\\Users\\Nathan\\Documents\\Cours\\BUT_2\\Photos\\vendor\\laravel\\framework\\src\\Illuminate\\Pipeline\\Pipeline.php(144): Illuminate\\Routing\\Router->{closure:Illuminate\\Routing\\Router::runRouteWithinStack():805}(Object(Illuminate\\Http\\Request))
#10 C:\\Users\\Nathan\\Documents\\Cours\\BUT_2\\Photos\\vendor\\laravel\\framework\\src\\Illuminate\\Routing\\Middleware\\SubstituteBindings.php(50): Illuminate\\Pipeline\\Pipeline->{closure:Illuminate\\Pipeline\\Pipeline::prepareDestination():142}(Object(Illuminate\\Http\\Request))
#11 C:\\Users\\Nathan\\Documents\\Cours\\BUT_2\\Photos\\vendor\\laravel\\framework\\src\\Illuminate\\Pipeline\\Pipeline.php(183): Illuminate\\Routing\\Middleware\\SubstituteBindings->handle(Object(Illuminate\\Http\\Request), Object(Closure))
#12 C:\\Users\\Nathan\\Documents\\Cours\\BUT_2\\Photos\\vendor\\laravel\\framework\\src\\Illuminate\\Foundation\\Http\\Middleware\\VerifyCsrfToken.php(78): Illuminate\\Pipeline\\Pipeline->{closure:{closure:Illuminate\\Pipeline\\Pipeline::carry():158}:159}(Object(Illuminate\\Http\\Request))
#13 C:\\Users\\Nathan\\Documents\\Cours\\BUT_2\\Photos\\vendor\\laravel\\framework\\src\\Illuminate\\Pipeline\\Pipeline.php(183): Illuminate\\Foundation\\Http\\Middleware\\VerifyCsrfToken->handle(Object(Illuminate\\Http\\Request), Object(Closure))
#14 C:\\Users\\Nathan\\Documents\\Cours\\BUT_2\\Photos\\vendor\\laravel\\framework\\src\\Illuminate\\View\\Middleware\\ShareErrorsFromSession.php(49): Illuminate\\Pipeline\\Pipeline->{closure:{closure:Illuminate\\Pipeline\\Pipeline::carry():158}:159}(Object(Illuminate\\Http\\Request))
#15 C:\\Users\\Nathan\\Documents\\Cours\\BUT_2\\Photos\\vendor\\laravel\\framework\\src\\Illuminate\\Pipeline\\Pipeline.php(183): Illuminate\\View\\Middleware\\ShareErrorsFromSession->handle(Object(Illuminate\\Http\\Request), Object(Closure))
#16 C:\\Users\\Nathan\\Documents\\Cours\\BUT_2\\Photos\\vendor\\laravel\\framework\\src\\Illuminate\\Session\\Middleware\\StartSession.php(121): Illuminate\\Pipeline\\Pipeline->{closure:{closure:Illuminate\\Pipeline\\Pipeline::carry():158}:159}(Object(Illuminate\\Http\\Request))
#17 C:\\Users\\Nathan\\Documents\\Cours\\BUT_2\\Photos\\vendor\\laravel\\framework\\src\\Illuminate\\Session\\Middleware\\StartSession.php(64): Illuminate\\Session\\Middleware\\StartSession->handleStatefulRequest(Object(Illuminate\\Http\\Request), Object(Illuminate\\Session\\Store), Object(Closure))
#18 C:\\Users\\Nathan\\Documents\\Cours\\BUT_2\\Photos\\vendor\\laravel\\framework\\src\\Illuminate\\Pipeline\\Pipeline.php(183): Illuminate\\Session\\Middleware\\StartSession->handle(Object(Illuminate\\Http\\Request), Object(Closure))
#19 C:\\Users\\Nathan\\Documents\\Cours\\BUT_2\\Photos\\vendor\\laravel\\framework\\src\\Illuminate\\Cookie\\Middleware\\AddQueuedCookiesToResponse.php(37): Illuminate\\Pipeline\\Pipeline->{closure:{closure:Illuminate\\Pipeline\\Pipeline::carry():158}:159}(Object(Illuminate\\Http\\Request))
#20 C:\\Users\\Nathan\\Documents\\Cours\\BUT_2\\Photos\\vendor\\laravel\\framework\\src\\Illuminate\\Pipeline\\Pipeline.php(183): Illuminate\\Cookie\\Middleware\\AddQueuedCookiesToResponse->handle(Object(Illuminate\\Http\\Request), Object(Closure))
#21 C:\\Users\\Nathan\\Documents\\Cours\\BUT_2\\Photos\\vendor\\laravel\\framework\\src\\Illuminate\\Cookie\\Middleware\\EncryptCookies.php(67): Illuminate\\Pipeline\\Pipeline->{closure:{closure:Illuminate\\Pipeline\\Pipeline::carry():158}:159}(Object(Illuminate\\Http\\Request))
#22 C:\\Users\\Nathan\\Documents\\Cours\\BUT_2\\Photos\\vendor\\laravel\\framework\\src\\Illuminate\\Pipeline\\Pipeline.php(183): Illuminate\\Cookie\\Middleware\\EncryptCookies->handle(Object(Illuminate\\Http\\Request), Object(Closure))
#23 C:\\Users\\Nathan\\Documents\\Cours\\BUT_2\\Photos\\vendor\\laravel\\framework\\src\\Illuminate\\Pipeline\\Pipeline.php(119): Illuminate\\Pipeline\\Pipeline->{closure:{closure:Illuminate\\Pipeline\\Pipeline::carry():158}:159}(Object(Illuminate\\Http\\Request))
#24 C:\\Users\\Nathan\\Documents\\Cours\\BUT_2\\Photos\\vendor\\laravel\\framework\\src\\Illuminate\\Routing\\Router.php(805): Illuminate\\Pipeline\\Pipeline->then(Object(Closure))
#25 C:\\Users\\Nathan\\Documents\\Cours\\BUT_2\\Photos\\vendor\\laravel\\framework\\src\\Illuminate\\Routing\\Router.php(784): Illuminate\\Routing\\Router->runRouteWithinStack(Object(Illuminate\\Routing\\Route), Object(Illuminate\\Http\\Request))
#26 C:\\Users\\Nathan\\Documents\\Cours\\BUT_2\\Photos\\vendor\\laravel\\framework\\src\\Illuminate\\Routing\\Router.php(748): Illuminate\\Routing\\Router->runRoute(Object(Illuminate\\Http\\Request), Object(Illuminate\\Routing\\Route))
#27 C:\\Users\\Nathan\\Documents\\Cours\\BUT_2\\Photos\\vendor\\laravel\\framework\\src\\Illuminate\\Routing\\Router.php(737): Illuminate\\Routing\\Router->dispatchToRoute(Object(Illuminate\\Http\\Request))
#28 C:\\Users\\Nathan\\Documents\\Cours\\BUT_2\\Photos\\vendor\\laravel\\framework\\src\\Illuminate\\Foundation\\Http\\Kernel.php(200): Illuminate\\Routing\\Router->dispatch(Object(Illuminate\\Http\\Request))
#29 C:\\Users\\Nathan\\Documents\\Cours\\BUT_2\\Photos\\vendor\\laravel\\framework\\src\\Illuminate\\Pipeline\\Pipeline.php(144): Illuminate\\Foundation\\Http\\Kernel->{closure:Illuminate\\Foundation\\Http\\Kernel::dispatchToRouter():197}(Object(Illuminate\\Http\\Request))
#30 C:\\Users\\Nathan\\Documents\\Cours\\BUT_2\\Photos\\vendor\\laravel\\framework\\src\\Illuminate\\Foundation\\Http\\Middleware\\TransformsRequest.php(21): Illuminate\\Pipeline\\Pipeline->{closure:Illuminate\\Pipeline\\Pipeline::prepareDestination():142}(Object(Illuminate\\Http\\Request))
#31 C:\\Users\\Nathan\\Documents\\Cours\\BUT_2\\Photos\\vendor\\laravel\\framework\\src\\Illuminate\\Foundation\\Http\\Middleware\\ConvertEmptyStringsToNull.php(31): Illuminate\\Foundation\\Http\\Middleware\\TransformsRequest->handle(Object(Illuminate\\Http\\Request), Object(Closure))
#32 C:\\Users\\Nathan\\Documents\\Cours\\BUT_2\\Photos\\vendor\\laravel\\framework\\src\\Illuminate\\Pipeline\\Pipeline.php(183): Illuminate\\Foundation\\Http\\Middleware\\ConvertEmptyStringsToNull->handle(Object(Illuminate\\Http\\Request), Object(Closure))
#33 C:\\Users\\Nathan\\Documents\\Cours\\BUT_2\\Photos\\vendor\\laravel\\framework\\src\\Illuminate\\Foundation\\Http\\Middleware\\TransformsRequest.php(21): Illuminate\\Pipeline\\Pipeline->{closure:{closure:Illuminate\\Pipeline\\Pipeline::carry():158}:159}(Object(Illuminate\\Http\\Request))
#34 C:\\Users\\Nathan\\Documents\\Cours\\BUT_2\\Photos\\vendor\\laravel\\framework\\src\\Illuminate\\Foundation\\Http\\Middleware\\TrimStrings.php(40): Illuminate\\Foundation\\Http\\Middleware\\TransformsRequest->handle(Object(Illuminate\\Http\\Request), Object(Closure))
#35 C:\\Users\\Nathan\\Documents\\Cours\\BUT_2\\Photos\\vendor\\laravel\\framework\\src\\Illuminate\\Pipeline\\Pipeline.php(183): Illuminate\\Foundation\\Http\\Middleware\\TrimStrings->handle(Object(Illuminate\\Http\\Request), Object(Closure))
#36 C:\\Users\\Nathan\\Documents\\Cours\\BUT_2\\Photos\\vendor\\laravel\\framework\\src\\Illuminate\\Foundation\\Http\\Middleware\\ValidatePostSize.php(27): Illuminate\\Pipeline\\Pipeline->{closure:{closure:Illuminate\\Pipeline\\Pipeline::carry():158}:159}(Object(Illuminate\\Http\\Request))
#37 C:\\Users\\Nathan\\Documents\\Cours\\BUT_2\\Photos\\vendor\\laravel\\framework\\src\\Illuminate\\Pipeline\\Pipeline.php(183): Illuminate\\Foundation\\Http\\Middleware\\ValidatePostSize->handle(Object(Illuminate\\Http\\Request), Object(Closure))
#38 C:\\Users\\Nathan\\Documents\\Cours\\BUT_2\\Photos\\vendor\\laravel\\framework\\src\\Illuminate\\Foundation\\Http\\Middleware\\PreventRequestsDuringMaintenance.php(99): Illuminate\\Pipeline\\Pipeline->{closure:{closure:Illuminate\\Pipeline\\Pipeline::carry():158}:159}(Object(Illuminate\\Http\\Request))
#39 C:\\Users\\Nathan\\Documents\\Cours\\BUT_2\\Photos\\vendor\\laravel\\framework\\src\\Illuminate\\Pipeline\\Pipeline.php(183): Illuminate\\Foundation\\Http\\Middleware\\PreventRequestsDuringMaintenance->handle(Object(Illuminate\\Http\\Request), Object(Closure))
#40 C:\\Users\\Nathan\\Documents\\Cours\\BUT_2\\Photos\\vendor\\laravel\\framework\\src\\Illuminate\\Http\\Middleware\\HandleCors.php(49): Illuminate\\Pipeline\\Pipeline->{closure:{closure:Illuminate\\Pipeline\\Pipeline::carry():158}:159}(Object(Illuminate\\Http\\Request))
#41 C:\\Users\\Nathan\\Documents\\Cours\\BUT_2\\Photos\\vendor\\laravel\\framework\\src\\Illuminate\\Pipeline\\Pipeline.php(183): Illuminate\\Http\\Middleware\\HandleCors->handle(Object(Illuminate\\Http\\Request), Object(Closure))
#42 C:\\Users\\Nathan\\Documents\\Cours\\BUT_2\\Photos\\vendor\\laravel\\framework\\src\\Illuminate\\Http\\Middleware\\TrustProxies.php(39): Illuminate\\Pipeline\\Pipeline->{closure:{closure:Illuminate\\Pipeline\\Pipeline::carry():158}:159}(Object(Illuminate\\Http\\Request))
#43 C:\\Users\\Nathan\\Documents\\Cours\\BUT_2\\Photos\\vendor\\laravel\\framework\\src\\Illuminate\\Pipeline\\Pipeline.php(183): Illuminate\\Http\\Middleware\\TrustProxies->handle(Object(Illuminate\\Http\\Request), Object(Closure))
#44 C:\\Users\\Nathan\\Documents\\Cours\\BUT_2\\Photos\\vendor\\laravel\\framework\\src\\Illuminate\\Pipeline\\Pipeline.php(119): Illuminate\\Pipeline\\Pipeline->{closure:{closure:Illuminate\\Pipeline\\Pipeline::carry():158}:159}(Object(Illuminate\\Http\\Request))
#45 C:\\Users\\Nathan\\Documents\\Cours\\BUT_2\\Photos\\vendor\\laravel\\framework\\src\\Illuminate\\Foundation\\Http\\Kernel.php(175): Illuminate\\Pipeline\\Pipeline->then(Object(Closure))
#46 C:\\Users\\Nathan\\Documents\\Cours\\BUT_2\\Photos\\vendor\\laravel\\framework\\src\\Illuminate\\Foundation\\Http\\Kernel.php(144): Illuminate\\Foundation\\Http\\Kernel->sendRequestThroughRouter(Object(Illuminate\\Http\\Request))
#47 C:\\Users\\Nathan\\Documents\\Cours\\BUT_2\\Photos\\public\\index.php(51): Illuminate\\Foundation\\Http\\Kernel->handle(Object(Illuminate\\Http\\Request))
#48 C:\\Users\\Nathan\\Documents\\Cours\\BUT_2\\Photos\\vendor\\laravel\\framework\\src\\Illuminate\\Foundation\\resources\\server.php(16): require_once('C:\\\\Users\\\\Nathan...')
#49 {main}
=======
[2025-11-18 09:44:24] local.ERROR: View [index] not found. {"exception":"[object] (InvalidArgumentException(code: 0): View [index] not found. at /Users/Manon/Photos/vendor/laravel/framework/src/Illuminate/View/FileViewFinder.php:137)
[stacktrace]
#0 /Users/Manon/Photos/vendor/laravel/framework/src/Illuminate/View/FileViewFinder.php(79): Illuminate\\View\\FileViewFinder->findInPaths('index', Array)
#1 /Users/Manon/Photos/vendor/laravel/framework/src/Illuminate/View/Factory.php(137): Illuminate\\View\\FileViewFinder->find('index')
#2 /Users/Manon/Photos/vendor/laravel/framework/src/Illuminate/Foundation/helpers.php(1020): Illuminate\\View\\Factory->make('index', Array, Array)
#3 /Users/Manon/Photos/routes/web.php(18): view('index')
#4 /Users/Manon/Photos/vendor/laravel/framework/src/Illuminate/Routing/CallableDispatcher.php(40): Illuminate\\Routing\\RouteFileRegistrar->{closure}()
#5 /Users/Manon/Photos/vendor/laravel/framework/src/Illuminate/Routing/Route.php(237): Illuminate\\Routing\\CallableDispatcher->dispatch(Object(Illuminate\\Routing\\Route), Object(Closure))
#6 /Users/Manon/Photos/vendor/laravel/framework/src/Illuminate/Routing/Route.php(208): Illuminate\\Routing\\Route->runCallable()
#7 /Users/Manon/Photos/vendor/laravel/framework/src/Illuminate/Routing/Router.php(806): Illuminate\\Routing\\Route->run()
#8 /Users/Manon/Photos/vendor/laravel/framework/src/Illuminate/Pipeline/Pipeline.php(144): Illuminate\\Routing\\Router->Illuminate\\Routing\\{closure}(Object(Illuminate\\Http\\Request))
#9 /Users/Manon/Photos/vendor/laravel/framework/src/Illuminate/Routing/Middleware/SubstituteBindings.php(50): Illuminate\\Pipeline\\Pipeline->Illuminate\\Pipeline\\{closure}(Object(Illuminate\\Http\\Request))
#10 /Users/Manon/Photos/vendor/laravel/framework/src/Illuminate/Pipeline/Pipeline.php(183): Illuminate\\Routing\\Middleware\\SubstituteBindings->handle(Object(Illuminate\\Http\\Request), Object(Closure))
#11 /Users/Manon/Photos/vendor/laravel/framework/src/Illuminate/Foundation/Http/Middleware/VerifyCsrfToken.php(78): Illuminate\\Pipeline\\Pipeline->Illuminate\\Pipeline\\{closure}(Object(Illuminate\\Http\\Request))
#12 /Users/Manon/Photos/vendor/laravel/framework/src/Illuminate/Pipeline/Pipeline.php(183): Illuminate\\Foundation\\Http\\Middleware\\VerifyCsrfToken->handle(Object(Illuminate\\Http\\Request), Object(Closure))
#13 /Users/Manon/Photos/vendor/laravel/framework/src/Illuminate/View/Middleware/ShareErrorsFromSession.php(49): Illuminate\\Pipeline\\Pipeline->Illuminate\\Pipeline\\{closure}(Object(Illuminate\\Http\\Request))
#14 /Users/Manon/Photos/vendor/laravel/framework/src/Illuminate/Pipeline/Pipeline.php(183): Illuminate\\View\\Middleware\\ShareErrorsFromSession->handle(Object(Illuminate\\Http\\Request), Object(Closure))
#15 /Users/Manon/Photos/vendor/laravel/framework/src/Illuminate/Session/Middleware/StartSession.php(121): Illuminate\\Pipeline\\Pipeline->Illuminate\\Pipeline\\{closure}(Object(Illuminate\\Http\\Request))
#16 /Users/Manon/Photos/vendor/laravel/framework/src/Illuminate/Session/Middleware/StartSession.php(64): Illuminate\\Session\\Middleware\\StartSession->handleStatefulRequest(Object(Illuminate\\Http\\Request), Object(Illuminate\\Session\\Store), Object(Closure))
#17 /Users/Manon/Photos/vendor/laravel/framework/src/Illuminate/Pipeline/Pipeline.php(183): Illuminate\\Session\\Middleware\\StartSession->handle(Object(Illuminate\\Http\\Request), Object(Closure))
#18 /Users/Manon/Photos/vendor/laravel/framework/src/Illuminate/Cookie/Middleware/AddQueuedCookiesToResponse.php(37): Illuminate\\Pipeline\\Pipeline->Illuminate\\Pipeline\\{closure}(Object(Illuminate\\Http\\Request))
#19 /Users/Manon/Photos/vendor/laravel/framework/src/Illuminate/Pipeline/Pipeline.php(183): Illuminate\\Cookie\\Middleware\\AddQueuedCookiesToResponse->handle(Object(Illuminate\\Http\\Request), Object(Closure))
#20 /Users/Manon/Photos/vendor/laravel/framework/src/Illuminate/Cookie/Middleware/EncryptCookies.php(67): Illuminate\\Pipeline\\Pipeline->Illuminate\\Pipeline\\{closure}(Object(Illuminate\\Http\\Request))
#21 /Users/Manon/Photos/vendor/laravel/framework/src/Illuminate/Pipeline/Pipeline.php(183): Illuminate\\Cookie\\Middleware\\EncryptCookies->handle(Object(Illuminate\\Http\\Request), Object(Closure))
#22 /Users/Manon/Photos/vendor/laravel/framework/src/Illuminate/Pipeline/Pipeline.php(119): Illuminate\\Pipeline\\Pipeline->Illuminate\\Pipeline\\{closure}(Object(Illuminate\\Http\\Request))
#23 /Users/Manon/Photos/vendor/laravel/framework/src/Illuminate/Routing/Router.php(805): Illuminate\\Pipeline\\Pipeline->then(Object(Closure))
#24 /Users/Manon/Photos/vendor/laravel/framework/src/Illuminate/Routing/Router.php(784): Illuminate\\Routing\\Router->runRouteWithinStack(Object(Illuminate\\Routing\\Route), Object(Illuminate\\Http\\Request))
#25 /Users/Manon/Photos/vendor/laravel/framework/src/Illuminate/Routing/Router.php(748): Illuminate\\Routing\\Router->runRoute(Object(Illuminate\\Http\\Request), Object(Illuminate\\Routing\\Route))
#26 /Users/Manon/Photos/vendor/laravel/framework/src/Illuminate/Routing/Router.php(737): Illuminate\\Routing\\Router->dispatchToRoute(Object(Illuminate\\Http\\Request))
#27 /Users/Manon/Photos/vendor/laravel/framework/src/Illuminate/Foundation/Http/Kernel.php(200): Illuminate\\Routing\\Router->dispatch(Object(Illuminate\\Http\\Request))
#28 /Users/Manon/Photos/vendor/laravel/framework/src/Illuminate/Pipeline/Pipeline.php(144): Illuminate\\Foundation\\Http\\Kernel->Illuminate\\Foundation\\Http\\{closure}(Object(Illuminate\\Http\\Request))
#29 /Users/Manon/Photos/vendor/laravel/framework/src/Illuminate/Foundation/Http/Middleware/TransformsRequest.php(21): Illuminate\\Pipeline\\Pipeline->Illuminate\\Pipeline\\{closure}(Object(Illuminate\\Http\\Request))
#30 /Users/Manon/Photos/vendor/laravel/framework/src/Illuminate/Foundation/Http/Middleware/ConvertEmptyStringsToNull.php(31): Illuminate\\Foundation\\Http\\Middleware\\TransformsRequest->handle(Object(Illuminate\\Http\\Request), Object(Closure))
#31 /Users/Manon/Photos/vendor/laravel/framework/src/Illuminate/Pipeline/Pipeline.php(183): Illuminate\\Foundation\\Http\\Middleware\\ConvertEmptyStringsToNull->handle(Object(Illuminate\\Http\\Request), Object(Closure))
#32 /Users/Manon/Photos/vendor/laravel/framework/src/Illuminate/Foundation/Http/Middleware/TransformsRequest.php(21): Illuminate\\Pipeline\\Pipeline->Illuminate\\Pipeline\\{closure}(Object(Illuminate\\Http\\Request))
#33 /Users/Manon/Photos/vendor/laravel/framework/src/Illuminate/Foundation/Http/Middleware/TrimStrings.php(40): Illuminate\\Foundation\\Http\\Middleware\\TransformsRequest->handle(Object(Illuminate\\Http\\Request), Object(Closure))
#34 /Users/Manon/Photos/vendor/laravel/framework/src/Illuminate/Pipeline/Pipeline.php(183): Illuminate\\Foundation\\Http\\Middleware\\TrimStrings->handle(Object(Illuminate\\Http\\Request), Object(Closure))
#35 /Users/Manon/Photos/vendor/laravel/framework/src/Illuminate/Foundation/Http/Middleware/ValidatePostSize.php(27): Illuminate\\Pipeline\\Pipeline->Illuminate\\Pipeline\\{closure}(Object(Illuminate\\Http\\Request))
#36 /Users/Manon/Photos/vendor/laravel/framework/src/Illuminate/Pipeline/Pipeline.php(183): Illuminate\\Foundation\\Http\\Middleware\\ValidatePostSize->handle(Object(Illuminate\\Http\\Request), Object(Closure))
#37 /Users/Manon/Photos/vendor/laravel/framework/src/Illuminate/Foundation/Http/Middleware/PreventRequestsDuringMaintenance.php(99): Illuminate\\Pipeline\\Pipeline->Illuminate\\Pipeline\\{closure}(Object(Illuminate\\Http\\Request))
#38 /Users/Manon/Photos/vendor/laravel/framework/src/Illuminate/Pipeline/Pipeline.php(183): Illuminate\\Foundation\\Http\\Middleware\\PreventRequestsDuringMaintenance->handle(Object(Illuminate\\Http\\Request), Object(Closure))
#39 /Users/Manon/Photos/vendor/laravel/framework/src/Illuminate/Http/Middleware/HandleCors.php(49): Illuminate\\Pipeline\\Pipeline->Illuminate\\Pipeline\\{closure}(Object(Illuminate\\Http\\Request))
#40 /Users/Manon/Photos/vendor/laravel/framework/src/Illuminate/Pipeline/Pipeline.php(183): Illuminate\\Http\\Middleware\\HandleCors->handle(Object(Illuminate\\Http\\Request), Object(Closure))
#41 /Users/Manon/Photos/vendor/laravel/framework/src/Illuminate/Http/Middleware/TrustProxies.php(39): Illuminate\\Pipeline\\Pipeline->Illuminate\\Pipeline\\{closure}(Object(Illuminate\\Http\\Request))
#42 /Users/Manon/Photos/vendor/laravel/framework/src/Illuminate/Pipeline/Pipeline.php(183): Illuminate\\Http\\Middleware\\TrustProxies->handle(Object(Illuminate\\Http\\Request), Object(Closure))
#43 /Users/Manon/Photos/vendor/laravel/framework/src/Illuminate/Pipeline/Pipeline.php(119): Illuminate\\Pipeline\\Pipeline->Illuminate\\Pipeline\\{closure}(Object(Illuminate\\Http\\Request))
#44 /Users/Manon/Photos/vendor/laravel/framework/src/Illuminate/Foundation/Http/Kernel.php(175): Illuminate\\Pipeline\\Pipeline->then(Object(Closure))
#45 /Users/Manon/Photos/vendor/laravel/framework/src/Illuminate/Foundation/Http/Kernel.php(144): Illuminate\\Foundation\\Http\\Kernel->sendRequestThroughRouter(Object(Illuminate\\Http\\Request))
#46 /Users/Manon/Photos/public/index.php(51): Illuminate\\Foundation\\Http\\Kernel->handle(Object(Illuminate\\Http\\Request))
#47 /Users/Manon/Photos/vendor/laravel/framework/src/Illuminate/Foundation/resources/server.php(16): require_once('/Users/Manon/Ph...')
#48 {main}
>>>>>>> 527d8f05723c05e398e3eccbb1d391e6edb7f003
"} 
[2025-11-18 09:48:03] local.ERROR: Target class [FirstController] does not exist. {"exception":"[object] (Illuminate\\Contracts\\Container\\BindingResolutionException(code: 0): Target class [FirstController] does not exist. at C:\\Users\\Nathan\\Documents\\Cours\\BUT_2\\Photos\\vendor\\laravel\\framework\\src\\Illuminate\\Container\\Container.php:914)
[stacktrace]
#0 C:\\Users\\Nathan\\Documents\\Cours\\BUT_2\\Photos\\vendor\\laravel\\framework\\src\\Illuminate\\Container\\Container.php(795): Illuminate\\Container\\Container->build('FirstController')
#1 C:\\Users\\Nathan\\Documents\\Cours\\BUT_2\\Photos\\vendor\\laravel\\framework\\src\\Illuminate\\Foundation\\Application.php(986): Illuminate\\Container\\Container->resolve('FirstController', Array, true)
#2 C:\\Users\\Nathan\\Documents\\Cours\\BUT_2\\Photos\\vendor\\laravel\\framework\\src\\Illuminate\\Container\\Container.php(731): Illuminate\\Foundation\\Application->resolve('FirstController', Array)
#3 C:\\Users\\Nathan\\Documents\\Cours\\BUT_2\\Photos\\vendor\\laravel\\framework\\src\\Illuminate\\Foundation\\Application.php(971): Illuminate\\Container\\Container->make('FirstController', Array)
#4 C:\\Users\\Nathan\\Documents\\Cours\\BUT_2\\Photos\\vendor\\laravel\\framework\\src\\Illuminate\\Routing\\Route.php(278): Illuminate\\Foundation\\Application->make('FirstController')
#5 C:\\Users\\Nathan\\Documents\\Cours\\BUT_2\\Photos\\vendor\\laravel\\framework\\src\\Illuminate\\Routing\\Route.php(260): Illuminate\\Routing\\Route->getController()
#6 C:\\Users\\Nathan\\Documents\\Cours\\BUT_2\\Photos\\vendor\\laravel\\framework\\src\\Illuminate\\Routing\\Route.php(205): Illuminate\\Routing\\Route->runController()
#7 C:\\Users\\Nathan\\Documents\\Cours\\BUT_2\\Photos\\vendor\\laravel\\framework\\src\\Illuminate\\Routing\\Router.php(806): Illuminate\\Routing\\Route->run()
#8 C:\\Users\\Nathan\\Documents\\Cours\\BUT_2\\Photos\\vendor\\laravel\\framework\\src\\Illuminate\\Pipeline\\Pipeline.php(144): Illuminate\\Routing\\Router->{closure:Illuminate\\Routing\\Router::runRouteWithinStack():805}(Object(Illuminate\\Http\\Request))
#9 C:\\Users\\Nathan\\Documents\\Cours\\BUT_2\\Photos\\vendor\\laravel\\framework\\src\\Illuminate\\Routing\\Middleware\\SubstituteBindings.php(50): Illuminate\\Pipeline\\Pipeline->{closure:Illuminate\\Pipeline\\Pipeline::prepareDestination():142}(Object(Illuminate\\Http\\Request))
#10 C:\\Users\\Nathan\\Documents\\Cours\\BUT_2\\Photos\\vendor\\laravel\\framework\\src\\Illuminate\\Pipeline\\Pipeline.php(183): Illuminate\\Routing\\Middleware\\SubstituteBindings->handle(Object(Illuminate\\Http\\Request), Object(Closure))
#11 C:\\Users\\Nathan\\Documents\\Cours\\BUT_2\\Photos\\vendor\\laravel\\framework\\src\\Illuminate\\Foundation\\Http\\Middleware\\VerifyCsrfToken.php(78): Illuminate\\Pipeline\\Pipeline->{closure:{closure:Illuminate\\Pipeline\\Pipeline::carry():158}:159}(Object(Illuminate\\Http\\Request))
#12 C:\\Users\\Nathan\\Documents\\Cours\\BUT_2\\Photos\\vendor\\laravel\\framework\\src\\Illuminate\\Pipeline\\Pipeline.php(183): Illuminate\\Foundation\\Http\\Middleware\\VerifyCsrfToken->handle(Object(Illuminate\\Http\\Request), Object(Closure))
#13 C:\\Users\\Nathan\\Documents\\Cours\\BUT_2\\Photos\\vendor\\laravel\\framework\\src\\Illuminate\\View\\Middleware\\ShareErrorsFromSession.php(49): Illuminate\\Pipeline\\Pipeline->{closure:{closure:Illuminate\\Pipeline\\Pipeline::carry():158}:159}(Object(Illuminate\\Http\\Request))
#14 C:\\Users\\Nathan\\Documents\\Cours\\BUT_2\\Photos\\vendor\\laravel\\framework\\src\\Illuminate\\Pipeline\\Pipeline.php(183): Illuminate\\View\\Middleware\\ShareErrorsFromSession->handle(Object(Illuminate\\Http\\Request), Object(Closure))
#15 C:\\Users\\Nathan\\Documents\\Cours\\BUT_2\\Photos\\vendor\\laravel\\framework\\src\\Illuminate\\Session\\Middleware\\StartSession.php(121): Illuminate\\Pipeline\\Pipeline->{closure:{closure:Illuminate\\Pipeline\\Pipeline::carry():158}:159}(Object(Illuminate\\Http\\Request))
#16 C:\\Users\\Nathan\\Documents\\Cours\\BUT_2\\Photos\\vendor\\laravel\\framework\\src\\Illuminate\\Session\\Middleware\\StartSession.php(64): Illuminate\\Session\\Middleware\\StartSession->handleStatefulRequest(Object(Illuminate\\Http\\Request), Object(Illuminate\\Session\\Store), Object(Closure))
#17 C:\\Users\\Nathan\\Documents\\Cours\\BUT_2\\Photos\\vendor\\laravel\\framework\\src\\Illuminate\\Pipeline\\Pipeline.php(183): Illuminate\\Session\\Middleware\\StartSession->handle(Object(Illuminate\\Http\\Request), Object(Closure))
#18 C:\\Users\\Nathan\\Documents\\Cours\\BUT_2\\Photos\\vendor\\laravel\\framework\\src\\Illuminate\\Cookie\\Middleware\\AddQueuedCookiesToResponse.php(37): Illuminate\\Pipeline\\Pipeline->{closure:{closure:Illuminate\\Pipeline\\Pipeline::carry():158}:159}(Object(Illuminate\\Http\\Request))
#19 C:\\Users\\Nathan\\Documents\\Cours\\BUT_2\\Photos\\vendor\\laravel\\framework\\src\\Illuminate\\Pipeline\\Pipeline.php(183): Illuminate\\Cookie\\Middleware\\AddQueuedCookiesToResponse->handle(Object(Illuminate\\Http\\Request), Object(Closure))
#20 C:\\Users\\Nathan\\Documents\\Cours\\BUT_2\\Photos\\vendor\\laravel\\framework\\src\\Illuminate\\Cookie\\Middleware\\EncryptCookies.php(67): Illuminate\\Pipeline\\Pipeline->{closure:{closure:Illuminate\\Pipeline\\Pipeline::carry():158}:159}(Object(Illuminate\\Http\\Request))
#21 C:\\Users\\Nathan\\Documents\\Cours\\BUT_2\\Photos\\vendor\\laravel\\framework\\src\\Illuminate\\Pipeline\\Pipeline.php(183): Illuminate\\Cookie\\Middleware\\EncryptCookies->handle(Object(Illuminate\\Http\\Request), Object(Closure))
#22 C:\\Users\\Nathan\\Documents\\Cours\\BUT_2\\Photos\\vendor\\laravel\\framework\\src\\Illuminate\\Pipeline\\Pipeline.php(119): Illuminate\\Pipeline\\Pipeline->{closure:{closure:Illuminate\\Pipeline\\Pipeline::carry():158}:159}(Object(Illuminate\\Http\\Request))
#23 C:\\Users\\Nathan\\Documents\\Cours\\BUT_2\\Photos\\vendor\\laravel\\framework\\src\\Illuminate\\Routing\\Router.php(805): Illuminate\\Pipeline\\Pipeline->then(Object(Closure))
#24 C:\\Users\\Nathan\\Documents\\Cours\\BUT_2\\Photos\\vendor\\laravel\\framework\\src\\Illuminate\\Routing\\Router.php(784): Illuminate\\Routing\\Router->runRouteWithinStack(Object(Illuminate\\Routing\\Route), Object(Illuminate\\Http\\Request))
#25 C:\\Users\\Nathan\\Documents\\Cours\\BUT_2\\Photos\\vendor\\laravel\\framework\\src\\Illuminate\\Routing\\Router.php(748): Illuminate\\Routing\\Router->runRoute(Object(Illuminate\\Http\\Request), Object(Illuminate\\Routing\\Route))
#26 C:\\Users\\Nathan\\Documents\\Cours\\BUT_2\\Photos\\vendor\\laravel\\framework\\src\\Illuminate\\Routing\\Router.php(737): Illuminate\\Routing\\Router->dispatchToRoute(Object(Illuminate\\Http\\Request))
#27 C:\\Users\\Nathan\\Documents\\Cours\\BUT_2\\Photos\\vendor\\laravel\\framework\\src\\Illuminate\\Foundation\\Http\\Kernel.php(200): Illuminate\\Routing\\Router->dispatch(Object(Illuminate\\Http\\Request))
#28 C:\\Users\\Nathan\\Documents\\Cours\\BUT_2\\Photos\\vendor\\laravel\\framework\\src\\Illuminate\\Pipeline\\Pipeline.php(144): Illuminate\\Foundation\\Http\\Kernel->{closure:Illuminate\\Foundation\\Http\\Kernel::dispatchToRouter():197}(Object(Illuminate\\Http\\Request))
#29 C:\\Users\\Nathan\\Documents\\Cours\\BUT_2\\Photos\\vendor\\laravel\\framework\\src\\Illuminate\\Foundation\\Http\\Middleware\\TransformsRequest.php(21): Illuminate\\Pipeline\\Pipeline->{closure:Illuminate\\Pipeline\\Pipeline::prepareDestination():142}(Object(Illuminate\\Http\\Request))
#30 C:\\Users\\Nathan\\Documents\\Cours\\BUT_2\\Photos\\vendor\\laravel\\framework\\src\\Illuminate\\Foundation\\Http\\Middleware\\ConvertEmptyStringsToNull.php(31): Illuminate\\Foundation\\Http\\Middleware\\TransformsRequest->handle(Object(Illuminate\\Http\\Request), Object(Closure))
#31 C:\\Users\\Nathan\\Documents\\Cours\\BUT_2\\Photos\\vendor\\laravel\\framework\\src\\Illuminate\\Pipeline\\Pipeline.php(183): Illuminate\\Foundation\\Http\\Middleware\\ConvertEmptyStringsToNull->handle(Object(Illuminate\\Http\\Request), Object(Closure))
#32 C:\\Users\\Nathan\\Documents\\Cours\\BUT_2\\Photos\\vendor\\laravel\\framework\\src\\Illuminate\\Foundation\\Http\\Middleware\\TransformsRequest.php(21): Illuminate\\Pipeline\\Pipeline->{closure:{closure:Illuminate\\Pipeline\\Pipeline::carry():158}:159}(Object(Illuminate\\Http\\Request))
#33 C:\\Users\\Nathan\\Documents\\Cours\\BUT_2\\Photos\\vendor\\laravel\\framework\\src\\Illuminate\\Foundation\\Http\\Middleware\\TrimStrings.php(40): Illuminate\\Foundation\\Http\\Middleware\\TransformsRequest->handle(Object(Illuminate\\Http\\Request), Object(Closure))
#34 C:\\Users\\Nathan\\Documents\\Cours\\BUT_2\\Photos\\vendor\\laravel\\framework\\src\\Illuminate\\Pipeline\\Pipeline.php(183): Illuminate\\Foundation\\Http\\Middleware\\TrimStrings->handle(Object(Illuminate\\Http\\Request), Object(Closure))
#35 C:\\Users\\Nathan\\Documents\\Cours\\BUT_2\\Photos\\vendor\\laravel\\framework\\src\\Illuminate\\Foundation\\Http\\Middleware\\ValidatePostSize.php(27): Illuminate\\Pipeline\\Pipeline->{closure:{closure:Illuminate\\Pipeline\\Pipeline::carry():158}:159}(Object(Illuminate\\Http\\Request))
#36 C:\\Users\\Nathan\\Documents\\Cours\\BUT_2\\Photos\\vendor\\laravel\\framework\\src\\Illuminate\\Pipeline\\Pipeline.php(183): Illuminate\\Foundation\\Http\\Middleware\\ValidatePostSize->handle(Object(Illuminate\\Http\\Request), Object(Closure))
#37 C:\\Users\\Nathan\\Documents\\Cours\\BUT_2\\Photos\\vendor\\laravel\\framework\\src\\Illuminate\\Foundation\\Http\\Middleware\\PreventRequestsDuringMaintenance.php(99): Illuminate\\Pipeline\\Pipeline->{closure:{closure:Illuminate\\Pipeline\\Pipeline::carry():158}:159}(Object(Illuminate\\Http\\Request))
#38 C:\\Users\\Nathan\\Documents\\Cours\\BUT_2\\Photos\\vendor\\laravel\\framework\\src\\Illuminate\\Pipeline\\Pipeline.php(183): Illuminate\\Foundation\\Http\\Middleware\\PreventRequestsDuringMaintenance->handle(Object(Illuminate\\Http\\Request), Object(Closure))
#39 C:\\Users\\Nathan\\Documents\\Cours\\BUT_2\\Photos\\vendor\\laravel\\framework\\src\\Illuminate\\Http\\Middleware\\HandleCors.php(49): Illuminate\\Pipeline\\Pipeline->{closure:{closure:Illuminate\\Pipeline\\Pipeline::carry():158}:159}(Object(Illuminate\\Http\\Request))
#40 C:\\Users\\Nathan\\Documents\\Cours\\BUT_2\\Photos\\vendor\\laravel\\framework\\src\\Illuminate\\Pipeline\\Pipeline.php(183): Illuminate\\Http\\Middleware\\HandleCors->handle(Object(Illuminate\\Http\\Request), Object(Closure))
#41 C:\\Users\\Nathan\\Documents\\Cours\\BUT_2\\Photos\\vendor\\laravel\\framework\\src\\Illuminate\\Http\\Middleware\\TrustProxies.php(39): Illuminate\\Pipeline\\Pipeline->{closure:{closure:Illuminate\\Pipeline\\Pipeline::carry():158}:159}(Object(Illuminate\\Http\\Request))
#42 C:\\Users\\Nathan\\Documents\\Cours\\BUT_2\\Photos\\vendor\\laravel\\framework\\src\\Illuminate\\Pipeline\\Pipeline.php(183): Illuminate\\Http\\Middleware\\TrustProxies->handle(Object(Illuminate\\Http\\Request), Object(Closure))
#43 C:\\Users\\Nathan\\Documents\\Cours\\BUT_2\\Photos\\vendor\\laravel\\framework\\src\\Illuminate\\Pipeline\\Pipeline.php(119): Illuminate\\Pipeline\\Pipeline->{closure:{closure:Illuminate\\Pipeline\\Pipeline::carry():158}:159}(Object(Illuminate\\Http\\Request))
#44 C:\\Users\\Nathan\\Documents\\Cours\\BUT_2\\Photos\\vendor\\laravel\\framework\\src\\Illuminate\\Foundation\\Http\\Kernel.php(175): Illuminate\\Pipeline\\Pipeline->then(Object(Closure))
#45 C:\\Users\\Nathan\\Documents\\Cours\\BUT_2\\Photos\\vendor\\laravel\\framework\\src\\Illuminate\\Foundation\\Http\\Kernel.php(144): Illuminate\\Foundation\\Http\\Kernel->sendRequestThroughRouter(Object(Illuminate\\Http\\Request))
#46 C:\\Users\\Nathan\\Documents\\Cours\\BUT_2\\Photos\\public\\index.php(51): Illuminate\\Foundation\\Http\\Kernel->handle(Object(Illuminate\\Http\\Request))
#47 C:\\Users\\Nathan\\Documents\\Cours\\BUT_2\\Photos\\vendor\\laravel\\framework\\src\\Illuminate\\Foundation\\resources\\server.php(16): require_once('C:\\\\Users\\\\Nathan...')
#48 {main}

[previous exception] [object] (ReflectionException(code: -1): Class \"FirstController\" does not exist at C:\\Users\\Nathan\\Documents\\Cours\\BUT_2\\Photos\\vendor\\laravel\\framework\\src\\Illuminate\\Container\\Container.php:912)
[stacktrace]
#0 C:\\Users\\Nathan\\Documents\\Cours\\BUT_2\\Photos\\vendor\\laravel\\framework\\src\\Illuminate\\Container\\Container.php(912): ReflectionClass->__construct('FirstController')
#1 C:\\Users\\Nathan\\Documents\\Cours\\BUT_2\\Photos\\vendor\\laravel\\framework\\src\\Illuminate\\Container\\Container.php(795): Illuminate\\Container\\Container->build('FirstController')
#2 C:\\Users\\Nathan\\Documents\\Cours\\BUT_2\\Photos\\vendor\\laravel\\framework\\src\\Illuminate\\Foundation\\Application.php(986): Illuminate\\Container\\Container->resolve('FirstController', Array, true)
#3 C:\\Users\\Nathan\\Documents\\Cours\\BUT_2\\Photos\\vendor\\laravel\\framework\\src\\Illuminate\\Container\\Container.php(731): Illuminate\\Foundation\\Application->resolve('FirstController', Array)
#4 C:\\Users\\Nathan\\Documents\\Cours\\BUT_2\\Photos\\vendor\\laravel\\framework\\src\\Illuminate\\Foundation\\Application.php(971): Illuminate\\Container\\Container->make('FirstController', Array)
#5 C:\\Users\\Nathan\\Documents\\Cours\\BUT_2\\Photos\\vendor\\laravel\\framework\\src\\Illuminate\\Routing\\Route.php(278): Illuminate\\Foundation\\Application->make('FirstController')
#6 C:\\Users\\Nathan\\Documents\\Cours\\BUT_2\\Photos\\vendor\\laravel\\framework\\src\\Illuminate\\Routing\\Route.php(260): Illuminate\\Routing\\Route->getController()
#7 C:\\Users\\Nathan\\Documents\\Cours\\BUT_2\\Photos\\vendor\\laravel\\framework\\src\\Illuminate\\Routing\\Route.php(205): Illuminate\\Routing\\Route->runController()
#8 C:\\Users\\Nathan\\Documents\\Cours\\BUT_2\\Photos\\vendor\\laravel\\framework\\src\\Illuminate\\Routing\\Router.php(806): Illuminate\\Routing\\Route->run()
#9 C:\\Users\\Nathan\\Documents\\Cours\\BUT_2\\Photos\\vendor\\laravel\\framework\\src\\Illuminate\\Pipeline\\Pipeline.php(144): Illuminate\\Routing\\Router->{closure:Illuminate\\Routing\\Router::runRouteWithinStack():805}(Object(Illuminate\\Http\\Request))
#10 C:\\Users\\Nathan\\Documents\\Cours\\BUT_2\\Photos\\vendor\\laravel\\framework\\src\\Illuminate\\Routing\\Middleware\\SubstituteBindings.php(50): Illuminate\\Pipeline\\Pipeline->{closure:Illuminate\\Pipeline\\Pipeline::prepareDestination():142}(Object(Illuminate\\Http\\Request))
#11 C:\\Users\\Nathan\\Documents\\Cours\\BUT_2\\Photos\\vendor\\laravel\\framework\\src\\Illuminate\\Pipeline\\Pipeline.php(183): Illuminate\\Routing\\Middleware\\SubstituteBindings->handle(Object(Illuminate\\Http\\Request), Object(Closure))
#12 C:\\Users\\Nathan\\Documents\\Cours\\BUT_2\\Photos\\vendor\\laravel\\framework\\src\\Illuminate\\Foundation\\Http\\Middleware\\VerifyCsrfToken.php(78): Illuminate\\Pipeline\\Pipeline->{closure:{closure:Illuminate\\Pipeline\\Pipeline::carry():158}:159}(Object(Illuminate\\Http\\Request))
#13 C:\\Users\\Nathan\\Documents\\Cours\\BUT_2\\Photos\\vendor\\laravel\\framework\\src\\Illuminate\\Pipeline\\Pipeline.php(183): Illuminate\\Foundation\\Http\\Middleware\\VerifyCsrfToken->handle(Object(Illuminate\\Http\\Request), Object(Closure))
#14 C:\\Users\\Nathan\\Documents\\Cours\\BUT_2\\Photos\\vendor\\laravel\\framework\\src\\Illuminate\\View\\Middleware\\ShareErrorsFromSession.php(49): Illuminate\\Pipeline\\Pipeline->{closure:{closure:Illuminate\\Pipeline\\Pipeline::carry():158}:159}(Object(Illuminate\\Http\\Request))
#15 C:\\Users\\Nathan\\Documents\\Cours\\BUT_2\\Photos\\vendor\\laravel\\framework\\src\\Illuminate\\Pipeline\\Pipeline.php(183): Illuminate\\View\\Middleware\\ShareErrorsFromSession->handle(Object(Illuminate\\Http\\Request), Object(Closure))
#16 C:\\Users\\Nathan\\Documents\\Cours\\BUT_2\\Photos\\vendor\\laravel\\framework\\src\\Illuminate\\Session\\Middleware\\StartSession.php(121): Illuminate\\Pipeline\\Pipeline->{closure:{closure:Illuminate\\Pipeline\\Pipeline::carry():158}:159}(Object(Illuminate\\Http\\Request))
#17 C:\\Users\\Nathan\\Documents\\Cours\\BUT_2\\Photos\\vendor\\laravel\\framework\\src\\Illuminate\\Session\\Middleware\\StartSession.php(64): Illuminate\\Session\\Middleware\\StartSession->handleStatefulRequest(Object(Illuminate\\Http\\Request), Object(Illuminate\\Session\\Store), Object(Closure))
#18 C:\\Users\\Nathan\\Documents\\Cours\\BUT_2\\Photos\\vendor\\laravel\\framework\\src\\Illuminate\\Pipeline\\Pipeline.php(183): Illuminate\\Session\\Middleware\\StartSession->handle(Object(Illuminate\\Http\\Request), Object(Closure))
#19 C:\\Users\\Nathan\\Documents\\Cours\\BUT_2\\Photos\\vendor\\laravel\\framework\\src\\Illuminate\\Cookie\\Middleware\\AddQueuedCookiesToResponse.php(37): Illuminate\\Pipeline\\Pipeline->{closure:{closure:Illuminate\\Pipeline\\Pipeline::carry():158}:159}(Object(Illuminate\\Http\\Request))
#20 C:\\Users\\Nathan\\Documents\\Cours\\BUT_2\\Photos\\vendor\\laravel\\framework\\src\\Illuminate\\Pipeline\\Pipeline.php(183): Illuminate\\Cookie\\Middleware\\AddQueuedCookiesToResponse->handle(Object(Illuminate\\Http\\Request), Object(Closure))
#21 C:\\Users\\Nathan\\Documents\\Cours\\BUT_2\\Photos\\vendor\\laravel\\framework\\src\\Illuminate\\Cookie\\Middleware\\EncryptCookies.php(67): Illuminate\\Pipeline\\Pipeline->{closure:{closure:Illuminate\\Pipeline\\Pipeline::carry():158}:159}(Object(Illuminate\\Http\\Request))
#22 C:\\Users\\Nathan\\Documents\\Cours\\BUT_2\\Photos\\vendor\\laravel\\framework\\src\\Illuminate\\Pipeline\\Pipeline.php(183): Illuminate\\Cookie\\Middleware\\EncryptCookies->handle(Object(Illuminate\\Http\\Request), Object(Closure))
#23 C:\\Users\\Nathan\\Documents\\Cours\\BUT_2\\Photos\\vendor\\laravel\\framework\\src\\Illuminate\\Pipeline\\Pipeline.php(119): Illuminate\\Pipeline\\Pipeline->{closure:{closure:Illuminate\\Pipeline\\Pipeline::carry():158}:159}(Object(Illuminate\\Http\\Request))
#24 C:\\Users\\Nathan\\Documents\\Cours\\BUT_2\\Photos\\vendor\\laravel\\framework\\src\\Illuminate\\Routing\\Router.php(805): Illuminate\\Pipeline\\Pipeline->then(Object(Closure))
#25 C:\\Users\\Nathan\\Documents\\Cours\\BUT_2\\Photos\\vendor\\laravel\\framework\\src\\Illuminate\\Routing\\Router.php(784): Illuminate\\Routing\\Router->runRouteWithinStack(Object(Illuminate\\Routing\\Route), Object(Illuminate\\Http\\Request))
#26 C:\\Users\\Nathan\\Documents\\Cours\\BUT_2\\Photos\\vendor\\laravel\\framework\\src\\Illuminate\\Routing\\Router.php(748): Illuminate\\Routing\\Router->runRoute(Object(Illuminate\\Http\\Request), Object(Illuminate\\Routing\\Route))
#27 C:\\Users\\Nathan\\Documents\\Cours\\BUT_2\\Photos\\vendor\\laravel\\framework\\src\\Illuminate\\Routing\\Router.php(737): Illuminate\\Routing\\Router->dispatchToRoute(Object(Illuminate\\Http\\Request))
#28 C:\\Users\\Nathan\\Documents\\Cours\\BUT_2\\Photos\\vendor\\laravel\\framework\\src\\Illuminate\\Foundation\\Http\\Kernel.php(200): Illuminate\\Routing\\Router->dispatch(Object(Illuminate\\Http\\Request))
#29 C:\\Users\\Nathan\\Documents\\Cours\\BUT_2\\Photos\\vendor\\laravel\\framework\\src\\Illuminate\\Pipeline\\Pipeline.php(144): Illuminate\\Foundation\\Http\\Kernel->{closure:Illuminate\\Foundation\\Http\\Kernel::dispatchToRouter():197}(Object(Illuminate\\Http\\Request))
#30 C:\\Users\\Nathan\\Documents\\Cours\\BUT_2\\Photos\\vendor\\laravel\\framework\\src\\Illuminate\\Foundation\\Http\\Middleware\\TransformsRequest.php(21): Illuminate\\Pipeline\\Pipeline->{closure:Illuminate\\Pipeline\\Pipeline::prepareDestination():142}(Object(Illuminate\\Http\\Request))
#31 C:\\Users\\Nathan\\Documents\\Cours\\BUT_2\\Photos\\vendor\\laravel\\framework\\src\\Illuminate\\Foundation\\Http\\Middleware\\ConvertEmptyStringsToNull.php(31): Illuminate\\Foundation\\Http\\Middleware\\TransformsRequest->handle(Object(Illuminate\\Http\\Request), Object(Closure))
#32 C:\\Users\\Nathan\\Documents\\Cours\\BUT_2\\Photos\\vendor\\laravel\\framework\\src\\Illuminate\\Pipeline\\Pipeline.php(183): Illuminate\\Foundation\\Http\\Middleware\\ConvertEmptyStringsToNull->handle(Object(Illuminate\\Http\\Request), Object(Closure))
#33 C:\\Users\\Nathan\\Documents\\Cours\\BUT_2\\Photos\\vendor\\laravel\\framework\\src\\Illuminate\\Foundation\\Http\\Middleware\\TransformsRequest.php(21): Illuminate\\Pipeline\\Pipeline->{closure:{closure:Illuminate\\Pipeline\\Pipeline::carry():158}:159}(Object(Illuminate\\Http\\Request))
#34 C:\\Users\\Nathan\\Documents\\Cours\\BUT_2\\Photos\\vendor\\laravel\\framework\\src\\Illuminate\\Foundation\\Http\\Middleware\\TrimStrings.php(40): Illuminate\\Foundation\\Http\\Middleware\\TransformsRequest->handle(Object(Illuminate\\Http\\Request), Object(Closure))
#35 C:\\Users\\Nathan\\Documents\\Cours\\BUT_2\\Photos\\vendor\\laravel\\framework\\src\\Illuminate\\Pipeline\\Pipeline.php(183): Illuminate\\Foundation\\Http\\Middleware\\TrimStrings->handle(Object(Illuminate\\Http\\Request), Object(Closure))
#36 C:\\Users\\Nathan\\Documents\\Cours\\BUT_2\\Photos\\vendor\\laravel\\framework\\src\\Illuminate\\Foundation\\Http\\Middleware\\ValidatePostSize.php(27): Illuminate\\Pipeline\\Pipeline->{closure:{closure:Illuminate\\Pipeline\\Pipeline::carry():158}:159}(Object(Illuminate\\Http\\Request))
#37 C:\\Users\\Nathan\\Documents\\Cours\\BUT_2\\Photos\\vendor\\laravel\\framework\\src\\Illuminate\\Pipeline\\Pipeline.php(183): Illuminate\\Foundation\\Http\\Middleware\\ValidatePostSize->handle(Object(Illuminate\\Http\\Request), Object(Closure))
#38 C:\\Users\\Nathan\\Documents\\Cours\\BUT_2\\Photos\\vendor\\laravel\\framework\\src\\Illuminate\\Foundation\\Http\\Middleware\\PreventRequestsDuringMaintenance.php(99): Illuminate\\Pipeline\\Pipeline->{closure:{closure:Illuminate\\Pipeline\\Pipeline::carry():158}:159}(Object(Illuminate\\Http\\Request))
#39 C:\\Users\\Nathan\\Documents\\Cours\\BUT_2\\Photos\\vendor\\laravel\\framework\\src\\Illuminate\\Pipeline\\Pipeline.php(183): Illuminate\\Foundation\\Http\\Middleware\\PreventRequestsDuringMaintenance->handle(Object(Illuminate\\Http\\Request), Object(Closure))
#40 C:\\Users\\Nathan\\Documents\\Cours\\BUT_2\\Photos\\vendor\\laravel\\framework\\src\\Illuminate\\Http\\Middleware\\HandleCors.php(49): Illuminate\\Pipeline\\Pipeline->{closure:{closure:Illuminate\\Pipeline\\Pipeline::carry():158}:159}(Object(Illuminate\\Http\\Request))
#41 C:\\Users\\Nathan\\Documents\\Cours\\BUT_2\\Photos\\vendor\\laravel\\framework\\src\\Illuminate\\Pipeline\\Pipeline.php(183): Illuminate\\Http\\Middleware\\HandleCors->handle(Object(Illuminate\\Http\\Request), Object(Closure))
#42 C:\\Users\\Nathan\\Documents\\Cours\\BUT_2\\Photos\\vendor\\laravel\\framework\\src\\Illuminate\\Http\\Middleware\\TrustProxies.php(39): Illuminate\\Pipeline\\Pipeline->{closure:{closure:Illuminate\\Pipeline\\Pipeline::carry():158}:159}(Object(Illuminate\\Http\\Request))
#43 C:\\Users\\Nathan\\Documents\\Cours\\BUT_2\\Photos\\vendor\\laravel\\framework\\src\\Illuminate\\Pipeline\\Pipeline.php(183): Illuminate\\Http\\Middleware\\TrustProxies->handle(Object(Illuminate\\Http\\Request), Object(Closure))
#44 C:\\Users\\Nathan\\Documents\\Cours\\BUT_2\\Photos\\vendor\\laravel\\framework\\src\\Illuminate\\Pipeline\\Pipeline.php(119): Illuminate\\Pipeline\\Pipeline->{closure:{closure:Illuminate\\Pipeline\\Pipeline::carry():158}:159}(Object(Illuminate\\Http\\Request))
#45 C:\\Users\\Nathan\\Documents\\Cours\\BUT_2\\Photos\\vendor\\laravel\\framework\\src\\Illuminate\\Foundation\\Http\\Kernel.php(175): Illuminate\\Pipeline\\Pipeline->then(Object(Closure))
#46 C:\\Users\\Nathan\\Documents\\Cours\\BUT_2\\Photos\\vendor\\laravel\\framework\\src\\Illuminate\\Foundation\\Http\\Kernel.php(144): Illuminate\\Foundation\\Http\\Kernel->sendRequestThroughRouter(Object(Illuminate\\Http\\Request))
#47 C:\\Users\\Nathan\\Documents\\Cours\\BUT_2\\Photos\\public\\index.php(51): Illuminate\\Foundation\\Http\\Kernel->handle(Object(Illuminate\\Http\\Request))
#48 C:\\Users\\Nathan\\Documents\\Cours\\BUT_2\\Photos\\vendor\\laravel\\framework\\src\\Illuminate\\Foundation\\resources\\server.php(16): require_once('C:\\\\Users\\\\Nathan...')
#49 {main}
>>>>>>> d1721839a92f334ebf89d825f7d260bf2bc50385
"} 
[2025-11-18 09:58:04] local.ERROR: syntax error, unexpected end of file {"view":{"view":"C:\\Users\\Nathan\\Documents\\Cours\\BUT_2\\Photos\\resources\\views\\index.blade.php","data":{"errors":"<pre class=sf-dump id=sf-dump-974070007 data-indent-pad=\"  \"><span class=sf-dump-note>Illuminate\\Support\\ViewErrorBag</span> {<a class=sf-dump-ref>#286</a><samp data-depth=1 class=sf-dump-expanded>
  #<span class=sf-dump-protected title=\"Protected property\">bags</span>: []
</samp>}
</pre><script>Sfdump(\"sf-dump-974070007\", {\"maxDepth\":3,\"maxStringLength\":160})</script>
"}},"exception":"[object] (Spatie\\LaravelIgnition\\Exceptions\\ViewException(code: 0): syntax error, unexpected end of file at C:\\Users\\Nathan\\Documents\\Cours\\BUT_2\\Photos\\resources\\views\\index.blade.php:55)
[stacktrace]
#0 C:\\Users\\Nathan\\Documents\\Cours\\BUT_2\\Photos\\vendor\\laravel\\framework\\src\\Illuminate\\Filesystem\\Filesystem.php(124): Illuminate\\Filesystem\\Filesystem::{closure:Illuminate\\Filesystem\\Filesystem::getRequire():120}()
#1 C:\\Users\\Nathan\\Documents\\Cours\\BUT_2\\Photos\\vendor\\laravel\\framework\\src\\Illuminate\\View\\Engines\\PhpEngine.php(58): Illuminate\\Filesystem\\Filesystem->getRequire('C:\\\\Users\\\\Nathan...', Array)
#2 C:\\Users\\Nathan\\Documents\\Cours\\BUT_2\\Photos\\vendor\\laravel\\framework\\src\\Illuminate\\View\\Engines\\CompilerEngine.php(72): Illuminate\\View\\Engines\\PhpEngine->evaluatePath('C:\\\\Users\\\\Nathan...', Array)
#3 C:\\Users\\Nathan\\Documents\\Cours\\BUT_2\\Photos\\vendor\\laravel\\framework\\src\\Illuminate\\View\\View.php(207): Illuminate\\View\\Engines\\CompilerEngine->get('C:\\\\Users\\\\Nathan...', Array)
#4 C:\\Users\\Nathan\\Documents\\Cours\\BUT_2\\Photos\\vendor\\laravel\\framework\\src\\Illuminate\\View\\View.php(190): Illuminate\\View\\View->getContents()
#5 C:\\Users\\Nathan\\Documents\\Cours\\BUT_2\\Photos\\vendor\\laravel\\framework\\src\\Illuminate\\View\\View.php(159): Illuminate\\View\\View->renderContents()
#6 C:\\Users\\Nathan\\Documents\\Cours\\BUT_2\\Photos\\vendor\\laravel\\framework\\src\\Illuminate\\Http\\Response.php(69): Illuminate\\View\\View->render()
#7 C:\\Users\\Nathan\\Documents\\Cours\\BUT_2\\Photos\\vendor\\laravel\\framework\\src\\Illuminate\\Http\\Response.php(35): Illuminate\\Http\\Response->setContent(Object(Illuminate\\View\\View))
#8 C:\\Users\\Nathan\\Documents\\Cours\\BUT_2\\Photos\\vendor\\laravel\\framework\\src\\Illuminate\\Routing\\Router.php(918): Illuminate\\Http\\Response->__construct(Object(Illuminate\\View\\View), 200, Array)
#9 C:\\Users\\Nathan\\Documents\\Cours\\BUT_2\\Photos\\vendor\\laravel\\framework\\src\\Illuminate\\Routing\\Router.php(885): Illuminate\\Routing\\Router::toResponse(Object(Illuminate\\Http\\Request), Object(Illuminate\\View\\View))
#10 C:\\Users\\Nathan\\Documents\\Cours\\BUT_2\\Photos\\vendor\\laravel\\framework\\src\\Illuminate\\Routing\\Router.php(805): Illuminate\\Routing\\Router->prepareResponse(Object(Illuminate\\Http\\Request), Object(Illuminate\\View\\View))
#11 C:\\Users\\Nathan\\Documents\\Cours\\BUT_2\\Photos\\vendor\\laravel\\framework\\src\\Illuminate\\Pipeline\\Pipeline.php(144): Illuminate\\Routing\\Router->{closure:Illuminate\\Routing\\Router::runRouteWithinStack():805}(Object(Illuminate\\Http\\Request))
#12 C:\\Users\\Nathan\\Documents\\Cours\\BUT_2\\Photos\\vendor\\laravel\\framework\\src\\Illuminate\\Routing\\Middleware\\SubstituteBindings.php(50): Illuminate\\Pipeline\\Pipeline->{closure:Illuminate\\Pipeline\\Pipeline::prepareDestination():142}(Object(Illuminate\\Http\\Request))
#13 C:\\Users\\Nathan\\Documents\\Cours\\BUT_2\\Photos\\vendor\\laravel\\framework\\src\\Illuminate\\Pipeline\\Pipeline.php(183): Illuminate\\Routing\\Middleware\\SubstituteBindings->handle(Object(Illuminate\\Http\\Request), Object(Closure))
#14 C:\\Users\\Nathan\\Documents\\Cours\\BUT_2\\Photos\\vendor\\laravel\\framework\\src\\Illuminate\\Foundation\\Http\\Middleware\\VerifyCsrfToken.php(78): Illuminate\\Pipeline\\Pipeline->{closure:{closure:Illuminate\\Pipeline\\Pipeline::carry():158}:159}(Object(Illuminate\\Http\\Request))
#15 C:\\Users\\Nathan\\Documents\\Cours\\BUT_2\\Photos\\vendor\\laravel\\framework\\src\\Illuminate\\Pipeline\\Pipeline.php(183): Illuminate\\Foundation\\Http\\Middleware\\VerifyCsrfToken->handle(Object(Illuminate\\Http\\Request), Object(Closure))
#16 C:\\Users\\Nathan\\Documents\\Cours\\BUT_2\\Photos\\vendor\\laravel\\framework\\src\\Illuminate\\View\\Middleware\\ShareErrorsFromSession.php(49): Illuminate\\Pipeline\\Pipeline->{closure:{closure:Illuminate\\Pipeline\\Pipeline::carry():158}:159}(Object(Illuminate\\Http\\Request))
#17 C:\\Users\\Nathan\\Documents\\Cours\\BUT_2\\Photos\\vendor\\laravel\\framework\\src\\Illuminate\\Pipeline\\Pipeline.php(183): Illuminate\\View\\Middleware\\ShareErrorsFromSession->handle(Object(Illuminate\\Http\\Request), Object(Closure))
#18 C:\\Users\\Nathan\\Documents\\Cours\\BUT_2\\Photos\\vendor\\laravel\\framework\\src\\Illuminate\\Session\\Middleware\\StartSession.php(121): Illuminate\\Pipeline\\Pipeline->{closure:{closure:Illuminate\\Pipeline\\Pipeline::carry():158}:159}(Object(Illuminate\\Http\\Request))
#19 C:\\Users\\Nathan\\Documents\\Cours\\BUT_2\\Photos\\vendor\\laravel\\framework\\src\\Illuminate\\Session\\Middleware\\StartSession.php(64): Illuminate\\Session\\Middleware\\StartSession->handleStatefulRequest(Object(Illuminate\\Http\\Request), Object(Illuminate\\Session\\Store), Object(Closure))
#20 C:\\Users\\Nathan\\Documents\\Cours\\BUT_2\\Photos\\vendor\\laravel\\framework\\src\\Illuminate\\Pipeline\\Pipeline.php(183): Illuminate\\Session\\Middleware\\StartSession->handle(Object(Illuminate\\Http\\Request), Object(Closure))
#21 C:\\Users\\Nathan\\Documents\\Cours\\BUT_2\\Photos\\vendor\\laravel\\framework\\src\\Illuminate\\Cookie\\Middleware\\AddQueuedCookiesToResponse.php(37): Illuminate\\Pipeline\\Pipeline->{closure:{closure:Illuminate\\Pipeline\\Pipeline::carry():158}:159}(Object(Illuminate\\Http\\Request))
#22 C:\\Users\\Nathan\\Documents\\Cours\\BUT_2\\Photos\\vendor\\laravel\\framework\\src\\Illuminate\\Pipeline\\Pipeline.php(183): Illuminate\\Cookie\\Middleware\\AddQueuedCookiesToResponse->handle(Object(Illuminate\\Http\\Request), Object(Closure))
#23 C:\\Users\\Nathan\\Documents\\Cours\\BUT_2\\Photos\\vendor\\laravel\\framework\\src\\Illuminate\\Cookie\\Middleware\\EncryptCookies.php(67): Illuminate\\Pipeline\\Pipeline->{closure:{closure:Illuminate\\Pipeline\\Pipeline::carry():158}:159}(Object(Illuminate\\Http\\Request))
#24 C:\\Users\\Nathan\\Documents\\Cours\\BUT_2\\Photos\\vendor\\laravel\\framework\\src\\Illuminate\\Pipeline\\Pipeline.php(183): Illuminate\\Cookie\\Middleware\\EncryptCookies->handle(Object(Illuminate\\Http\\Request), Object(Closure))
#25 C:\\Users\\Nathan\\Documents\\Cours\\BUT_2\\Photos\\vendor\\laravel\\framework\\src\\Illuminate\\Pipeline\\Pipeline.php(119): Illuminate\\Pipeline\\Pipeline->{closure:{closure:Illuminate\\Pipeline\\Pipeline::carry():158}:159}(Object(Illuminate\\Http\\Request))
#26 C:\\Users\\Nathan\\Documents\\Cours\\BUT_2\\Photos\\vendor\\laravel\\framework\\src\\Illuminate\\Routing\\Router.php(805): Illuminate\\Pipeline\\Pipeline->then(Object(Closure))
#27 C:\\Users\\Nathan\\Documents\\Cours\\BUT_2\\Photos\\vendor\\laravel\\framework\\src\\Illuminate\\Routing\\Router.php(784): Illuminate\\Routing\\Router->runRouteWithinStack(Object(Illuminate\\Routing\\Route), Object(Illuminate\\Http\\Request))
#28 C:\\Users\\Nathan\\Documents\\Cours\\BUT_2\\Photos\\vendor\\laravel\\framework\\src\\Illuminate\\Routing\\Router.php(748): Illuminate\\Routing\\Router->runRoute(Object(Illuminate\\Http\\Request), Object(Illuminate\\Routing\\Route))
#29 C:\\Users\\Nathan\\Documents\\Cours\\BUT_2\\Photos\\vendor\\laravel\\framework\\src\\Illuminate\\Routing\\Router.php(737): Illuminate\\Routing\\Router->dispatchToRoute(Object(Illuminate\\Http\\Request))
#30 C:\\Users\\Nathan\\Documents\\Cours\\BUT_2\\Photos\\vendor\\laravel\\framework\\src\\Illuminate\\Foundation\\Http\\Kernel.php(200): Illuminate\\Routing\\Router->dispatch(Object(Illuminate\\Http\\Request))
#31 C:\\Users\\Nathan\\Documents\\Cours\\BUT_2\\Photos\\vendor\\laravel\\framework\\src\\Illuminate\\Pipeline\\Pipeline.php(144): Illuminate\\Foundation\\Http\\Kernel->{closure:Illuminate\\Foundation\\Http\\Kernel::dispatchToRouter():197}(Object(Illuminate\\Http\\Request))
#32 C:\\Users\\Nathan\\Documents\\Cours\\BUT_2\\Photos\\vendor\\laravel\\framework\\src\\Illuminate\\Foundation\\Http\\Middleware\\TransformsRequest.php(21): Illuminate\\Pipeline\\Pipeline->{closure:Illuminate\\Pipeline\\Pipeline::prepareDestination():142}(Object(Illuminate\\Http\\Request))
#33 C:\\Users\\Nathan\\Documents\\Cours\\BUT_2\\Photos\\vendor\\laravel\\framework\\src\\Illuminate\\Foundation\\Http\\Middleware\\ConvertEmptyStringsToNull.php(31): Illuminate\\Foundation\\Http\\Middleware\\TransformsRequest->handle(Object(Illuminate\\Http\\Request), Object(Closure))
#34 C:\\Users\\Nathan\\Documents\\Cours\\BUT_2\\Photos\\vendor\\laravel\\framework\\src\\Illuminate\\Pipeline\\Pipeline.php(183): Illuminate\\Foundation\\Http\\Middleware\\ConvertEmptyStringsToNull->handle(Object(Illuminate\\Http\\Request), Object(Closure))
#35 C:\\Users\\Nathan\\Documents\\Cours\\BUT_2\\Photos\\vendor\\laravel\\framework\\src\\Illuminate\\Foundation\\Http\\Middleware\\TransformsRequest.php(21): Illuminate\\Pipeline\\Pipeline->{closure:{closure:Illuminate\\Pipeline\\Pipeline::carry():158}:159}(Object(Illuminate\\Http\\Request))
#36 C:\\Users\\Nathan\\Documents\\Cours\\BUT_2\\Photos\\vendor\\laravel\\framework\\src\\Illuminate\\Foundation\\Http\\Middleware\\TrimStrings.php(40): Illuminate\\Foundation\\Http\\Middleware\\TransformsRequest->handle(Object(Illuminate\\Http\\Request), Object(Closure))
#37 C:\\Users\\Nathan\\Documents\\Cours\\BUT_2\\Photos\\vendor\\laravel\\framework\\src\\Illuminate\\Pipeline\\Pipeline.php(183): Illuminate\\Foundation\\Http\\Middleware\\TrimStrings->handle(Object(Illuminate\\Http\\Request), Object(Closure))
#38 C:\\Users\\Nathan\\Documents\\Cours\\BUT_2\\Photos\\vendor\\laravel\\framework\\src\\Illuminate\\Foundation\\Http\\Middleware\\ValidatePostSize.php(27): Illuminate\\Pipeline\\Pipeline->{closure:{closure:Illuminate\\Pipeline\\Pipeline::carry():158}:159}(Object(Illuminate\\Http\\Request))
#39 C:\\Users\\Nathan\\Documents\\Cours\\BUT_2\\Photos\\vendor\\laravel\\framework\\src\\Illuminate\\Pipeline\\Pipeline.php(183): Illuminate\\Foundation\\Http\\Middleware\\ValidatePostSize->handle(Object(Illuminate\\Http\\Request), Object(Closure))
#40 C:\\Users\\Nathan\\Documents\\Cours\\BUT_2\\Photos\\vendor\\laravel\\framework\\src\\Illuminate\\Foundation\\Http\\Middleware\\PreventRequestsDuringMaintenance.php(99): Illuminate\\Pipeline\\Pipeline->{closure:{closure:Illuminate\\Pipeline\\Pipeline::carry():158}:159}(Object(Illuminate\\Http\\Request))
#41 C:\\Users\\Nathan\\Documents\\Cours\\BUT_2\\Photos\\vendor\\laravel\\framework\\src\\Illuminate\\Pipeline\\Pipeline.php(183): Illuminate\\Foundation\\Http\\Middleware\\PreventRequestsDuringMaintenance->handle(Object(Illuminate\\Http\\Request), Object(Closure))
#42 C:\\Users\\Nathan\\Documents\\Cours\\BUT_2\\Photos\\vendor\\laravel\\framework\\src\\Illuminate\\Http\\Middleware\\HandleCors.php(49): Illuminate\\Pipeline\\Pipeline->{closure:{closure:Illuminate\\Pipeline\\Pipeline::carry():158}:159}(Object(Illuminate\\Http\\Request))
#43 C:\\Users\\Nathan\\Documents\\Cours\\BUT_2\\Photos\\vendor\\laravel\\framework\\src\\Illuminate\\Pipeline\\Pipeline.php(183): Illuminate\\Http\\Middleware\\HandleCors->handle(Object(Illuminate\\Http\\Request), Object(Closure))
#44 C:\\Users\\Nathan\\Documents\\Cours\\BUT_2\\Photos\\vendor\\laravel\\framework\\src\\Illuminate\\Http\\Middleware\\TrustProxies.php(39): Illuminate\\Pipeline\\Pipeline->{closure:{closure:Illuminate\\Pipeline\\Pipeline::carry():158}:159}(Object(Illuminate\\Http\\Request))
#45 C:\\Users\\Nathan\\Documents\\Cours\\BUT_2\\Photos\\vendor\\laravel\\framework\\src\\Illuminate\\Pipeline\\Pipeline.php(183): Illuminate\\Http\\Middleware\\TrustProxies->handle(Object(Illuminate\\Http\\Request), Object(Closure))
#46 C:\\Users\\Nathan\\Documents\\Cours\\BUT_2\\Photos\\vendor\\laravel\\framework\\src\\Illuminate\\Pipeline\\Pipeline.php(119): Illuminate\\Pipeline\\Pipeline->{closure:{closure:Illuminate\\Pipeline\\Pipeline::carry():158}:159}(Object(Illuminate\\Http\\Request))
#47 C:\\Users\\Nathan\\Documents\\Cours\\BUT_2\\Photos\\vendor\\laravel\\framework\\src\\Illuminate\\Foundation\\Http\\Kernel.php(175): Illuminate\\Pipeline\\Pipeline->then(Object(Closure))
#48 C:\\Users\\Nathan\\Documents\\Cours\\BUT_2\\Photos\\vendor\\laravel\\framework\\src\\Illuminate\\Foundation\\Http\\Kernel.php(144): Illuminate\\Foundation\\Http\\Kernel->sendRequestThroughRouter(Object(Illuminate\\Http\\Request))
#49 C:\\Users\\Nathan\\Documents\\Cours\\BUT_2\\Photos\\public\\index.php(51): Illuminate\\Foundation\\Http\\Kernel->handle(Object(Illuminate\\Http\\Request))
#50 C:\\Users\\Nathan\\Documents\\Cours\\BUT_2\\Photos\\vendor\\laravel\\framework\\src\\Illuminate\\Foundation\\resources\\server.php(16): require_once('C:\\\\Users\\\\Nathan...')
#51 {main}

[previous exception] [object] (ParseError(code: 0): syntax error, unexpected end of file at C:\\Users\\Nathan\\Documents\\Cours\\BUT_2\\Photos\\storage\\framework\\views\\f3054471110d2aa2b454e2c594988bb3.php:57)
[stacktrace]
#0 C:\\Users\\Nathan\\Documents\\Cours\\BUT_2\\Photos\\vendor\\laravel\\framework\\src\\Illuminate\\Filesystem\\Filesystem.php(124): Illuminate\\Filesystem\\Filesystem::{closure:Illuminate\\Filesystem\\Filesystem::getRequire():120}()
#1 C:\\Users\\Nathan\\Documents\\Cours\\BUT_2\\Photos\\vendor\\laravel\\framework\\src\\Illuminate\\View\\Engines\\PhpEngine.php(58): Illuminate\\Filesystem\\Filesystem->getRequire('C:\\\\Users\\\\Nathan...', Array)
#2 C:\\Users\\Nathan\\Documents\\Cours\\BUT_2\\Photos\\vendor\\laravel\\framework\\src\\Illuminate\\View\\Engines\\CompilerEngine.php(72): Illuminate\\View\\Engines\\PhpEngine->evaluatePath('C:\\\\Users\\\\Nathan...', Array)
#3 C:\\Users\\Nathan\\Documents\\Cours\\BUT_2\\Photos\\vendor\\laravel\\framework\\src\\Illuminate\\View\\View.php(207): Illuminate\\View\\Engines\\CompilerEngine->get('C:\\\\Users\\\\Nathan...', Array)
#4 C:\\Users\\Nathan\\Documents\\Cours\\BUT_2\\Photos\\vendor\\laravel\\framework\\src\\Illuminate\\View\\View.php(190): Illuminate\\View\\View->getContents()
#5 C:\\Users\\Nathan\\Documents\\Cours\\BUT_2\\Photos\\vendor\\laravel\\framework\\src\\Illuminate\\View\\View.php(159): Illuminate\\View\\View->renderContents()
#6 C:\\Users\\Nathan\\Documents\\Cours\\BUT_2\\Photos\\vendor\\laravel\\framework\\src\\Illuminate\\Http\\Response.php(69): Illuminate\\View\\View->render()
#7 C:\\Users\\Nathan\\Documents\\Cours\\BUT_2\\Photos\\vendor\\laravel\\framework\\src\\Illuminate\\Http\\Response.php(35): Illuminate\\Http\\Response->setContent(Object(Illuminate\\View\\View))
#8 C:\\Users\\Nathan\\Documents\\Cours\\BUT_2\\Photos\\vendor\\laravel\\framework\\src\\Illuminate\\Routing\\Router.php(918): Illuminate\\Http\\Response->__construct(Object(Illuminate\\View\\View), 200, Array)
#9 C:\\Users\\Nathan\\Documents\\Cours\\BUT_2\\Photos\\vendor\\laravel\\framework\\src\\Illuminate\\Routing\\Router.php(885): Illuminate\\Routing\\Router::toResponse(Object(Illuminate\\Http\\Request), Object(Illuminate\\View\\View))
#10 C:\\Users\\Nathan\\Documents\\Cours\\BUT_2\\Photos\\vendor\\laravel\\framework\\src\\Illuminate\\Routing\\Router.php(805): Illuminate\\Routing\\Router->prepareResponse(Object(Illuminate\\Http\\Request), Object(Illuminate\\View\\View))
#11 C:\\Users\\Nathan\\Documents\\Cours\\BUT_2\\Photos\\vendor\\laravel\\framework\\src\\Illuminate\\Pipeline\\Pipeline.php(144): Illuminate\\Routing\\Router->{closure:Illuminate\\Routing\\Router::runRouteWithinStack():805}(Object(Illuminate\\Http\\Request))
#12 C:\\Users\\Nathan\\Documents\\Cours\\BUT_2\\Photos\\vendor\\laravel\\framework\\src\\Illuminate\\Routing\\Middleware\\SubstituteBindings.php(50): Illuminate\\Pipeline\\Pipeline->{closure:Illuminate\\Pipeline\\Pipeline::prepareDestination():142}(Object(Illuminate\\Http\\Request))
#13 C:\\Users\\Nathan\\Documents\\Cours\\BUT_2\\Photos\\vendor\\laravel\\framework\\src\\Illuminate\\Pipeline\\Pipeline.php(183): Illuminate\\Routing\\Middleware\\SubstituteBindings->handle(Object(Illuminate\\Http\\Request), Object(Closure))
#14 C:\\Users\\Nathan\\Documents\\Cours\\BUT_2\\Photos\\vendor\\laravel\\framework\\src\\Illuminate\\Foundation\\Http\\Middleware\\VerifyCsrfToken.php(78): Illuminate\\Pipeline\\Pipeline->{closure:{closure:Illuminate\\Pipeline\\Pipeline::carry():158}:159}(Object(Illuminate\\Http\\Request))
#15 C:\\Users\\Nathan\\Documents\\Cours\\BUT_2\\Photos\\vendor\\laravel\\framework\\src\\Illuminate\\Pipeline\\Pipeline.php(183): Illuminate\\Foundation\\Http\\Middleware\\VerifyCsrfToken->handle(Object(Illuminate\\Http\\Request), Object(Closure))
#16 C:\\Users\\Nathan\\Documents\\Cours\\BUT_2\\Photos\\vendor\\laravel\\framework\\src\\Illuminate\\View\\Middleware\\ShareErrorsFromSession.php(49): Illuminate\\Pipeline\\Pipeline->{closure:{closure:Illuminate\\Pipeline\\Pipeline::carry():158}:159}(Object(Illuminate\\Http\\Request))
#17 C:\\Users\\Nathan\\Documents\\Cours\\BUT_2\\Photos\\vendor\\laravel\\framework\\src\\Illuminate\\Pipeline\\Pipeline.php(183): Illuminate\\View\\Middleware\\ShareErrorsFromSession->handle(Object(Illuminate\\Http\\Request), Object(Closure))
#18 C:\\Users\\Nathan\\Documents\\Cours\\BUT_2\\Photos\\vendor\\laravel\\framework\\src\\Illuminate\\Session\\Middleware\\StartSession.php(121): Illuminate\\Pipeline\\Pipeline->{closure:{closure:Illuminate\\Pipeline\\Pipeline::carry():158}:159}(Object(Illuminate\\Http\\Request))
#19 C:\\Users\\Nathan\\Documents\\Cours\\BUT_2\\Photos\\vendor\\laravel\\framework\\src\\Illuminate\\Session\\Middleware\\StartSession.php(64): Illuminate\\Session\\Middleware\\StartSession->handleStatefulRequest(Object(Illuminate\\Http\\Request), Object(Illuminate\\Session\\Store), Object(Closure))
#20 C:\\Users\\Nathan\\Documents\\Cours\\BUT_2\\Photos\\vendor\\laravel\\framework\\src\\Illuminate\\Pipeline\\Pipeline.php(183): Illuminate\\Session\\Middleware\\StartSession->handle(Object(Illuminate\\Http\\Request), Object(Closure))
#21 C:\\Users\\Nathan\\Documents\\Cours\\BUT_2\\Photos\\vendor\\laravel\\framework\\src\\Illuminate\\Cookie\\Middleware\\AddQueuedCookiesToResponse.php(37): Illuminate\\Pipeline\\Pipeline->{closure:{closure:Illuminate\\Pipeline\\Pipeline::carry():158}:159}(Object(Illuminate\\Http\\Request))
#22 C:\\Users\\Nathan\\Documents\\Cours\\BUT_2\\Photos\\vendor\\laravel\\framework\\src\\Illuminate\\Pipeline\\Pipeline.php(183): Illuminate\\Cookie\\Middleware\\AddQueuedCookiesToResponse->handle(Object(Illuminate\\Http\\Request), Object(Closure))
#23 C:\\Users\\Nathan\\Documents\\Cours\\BUT_2\\Photos\\vendor\\laravel\\framework\\src\\Illuminate\\Cookie\\Middleware\\EncryptCookies.php(67): Illuminate\\Pipeline\\Pipeline->{closure:{closure:Illuminate\\Pipeline\\Pipeline::carry():158}:159}(Object(Illuminate\\Http\\Request))
#24 C:\\Users\\Nathan\\Documents\\Cours\\BUT_2\\Photos\\vendor\\laravel\\framework\\src\\Illuminate\\Pipeline\\Pipeline.php(183): Illuminate\\Cookie\\Middleware\\EncryptCookies->handle(Object(Illuminate\\Http\\Request), Object(Closure))
#25 C:\\Users\\Nathan\\Documents\\Cours\\BUT_2\\Photos\\vendor\\laravel\\framework\\src\\Illuminate\\Pipeline\\Pipeline.php(119): Illuminate\\Pipeline\\Pipeline->{closure:{closure:Illuminate\\Pipeline\\Pipeline::carry():158}:159}(Object(Illuminate\\Http\\Request))
#26 C:\\Users\\Nathan\\Documents\\Cours\\BUT_2\\Photos\\vendor\\laravel\\framework\\src\\Illuminate\\Routing\\Router.php(805): Illuminate\\Pipeline\\Pipeline->then(Object(Closure))
#27 C:\\Users\\Nathan\\Documents\\Cours\\BUT_2\\Photos\\vendor\\laravel\\framework\\src\\Illuminate\\Routing\\Router.php(784): Illuminate\\Routing\\Router->runRouteWithinStack(Object(Illuminate\\Routing\\Route), Object(Illuminate\\Http\\Request))
#28 C:\\Users\\Nathan\\Documents\\Cours\\BUT_2\\Photos\\vendor\\laravel\\framework\\src\\Illuminate\\Routing\\Router.php(748): Illuminate\\Routing\\Router->runRoute(Object(Illuminate\\Http\\Request), Object(Illuminate\\Routing\\Route))
#29 C:\\Users\\Nathan\\Documents\\Cours\\BUT_2\\Photos\\vendor\\laravel\\framework\\src\\Illuminate\\Routing\\Router.php(737): Illuminate\\Routing\\Router->dispatchToRoute(Object(Illuminate\\Http\\Request))
#30 C:\\Users\\Nathan\\Documents\\Cours\\BUT_2\\Photos\\vendor\\laravel\\framework\\src\\Illuminate\\Foundation\\Http\\Kernel.php(200): Illuminate\\Routing\\Router->dispatch(Object(Illuminate\\Http\\Request))
#31 C:\\Users\\Nathan\\Documents\\Cours\\BUT_2\\Photos\\vendor\\laravel\\framework\\src\\Illuminate\\Pipeline\\Pipeline.php(144): Illuminate\\Foundation\\Http\\Kernel->{closure:Illuminate\\Foundation\\Http\\Kernel::dispatchToRouter():197}(Object(Illuminate\\Http\\Request))
#32 C:\\Users\\Nathan\\Documents\\Cours\\BUT_2\\Photos\\vendor\\laravel\\framework\\src\\Illuminate\\Foundation\\Http\\Middleware\\TransformsRequest.php(21): Illuminate\\Pipeline\\Pipeline->{closure:Illuminate\\Pipeline\\Pipeline::prepareDestination():142}(Object(Illuminate\\Http\\Request))
#33 C:\\Users\\Nathan\\Documents\\Cours\\BUT_2\\Photos\\vendor\\laravel\\framework\\src\\Illuminate\\Foundation\\Http\\Middleware\\ConvertEmptyStringsToNull.php(31): Illuminate\\Foundation\\Http\\Middleware\\TransformsRequest->handle(Object(Illuminate\\Http\\Request), Object(Closure))
#34 C:\\Users\\Nathan\\Documents\\Cours\\BUT_2\\Photos\\vendor\\laravel\\framework\\src\\Illuminate\\Pipeline\\Pipeline.php(183): Illuminate\\Foundation\\Http\\Middleware\\ConvertEmptyStringsToNull->handle(Object(Illuminate\\Http\\Request), Object(Closure))
#35 C:\\Users\\Nathan\\Documents\\Cours\\BUT_2\\Photos\\vendor\\laravel\\framework\\src\\Illuminate\\Foundation\\Http\\Middleware\\TransformsRequest.php(21): Illuminate\\Pipeline\\Pipeline->{closure:{closure:Illuminate\\Pipeline\\Pipeline::carry():158}:159}(Object(Illuminate\\Http\\Request))
#36 C:\\Users\\Nathan\\Documents\\Cours\\BUT_2\\Photos\\vendor\\laravel\\framework\\src\\Illuminate\\Foundation\\Http\\Middleware\\TrimStrings.php(40): Illuminate\\Foundation\\Http\\Middleware\\TransformsRequest->handle(Object(Illuminate\\Http\\Request), Object(Closure))
#37 C:\\Users\\Nathan\\Documents\\Cours\\BUT_2\\Photos\\vendor\\laravel\\framework\\src\\Illuminate\\Pipeline\\Pipeline.php(183): Illuminate\\Foundation\\Http\\Middleware\\TrimStrings->handle(Object(Illuminate\\Http\\Request), Object(Closure))
#38 C:\\Users\\Nathan\\Documents\\Cours\\BUT_2\\Photos\\vendor\\laravel\\framework\\src\\Illuminate\\Foundation\\Http\\Middleware\\ValidatePostSize.php(27): Illuminate\\Pipeline\\Pipeline->{closure:{closure:Illuminate\\Pipeline\\Pipeline::carry():158}:159}(Object(Illuminate\\Http\\Request))
#39 C:\\Users\\Nathan\\Documents\\Cours\\BUT_2\\Photos\\vendor\\laravel\\framework\\src\\Illuminate\\Pipeline\\Pipeline.php(183): Illuminate\\Foundation\\Http\\Middleware\\ValidatePostSize->handle(Object(Illuminate\\Http\\Request), Object(Closure))
#40 C:\\Users\\Nathan\\Documents\\Cours\\BUT_2\\Photos\\vendor\\laravel\\framework\\src\\Illuminate\\Foundation\\Http\\Middleware\\PreventRequestsDuringMaintenance.php(99): Illuminate\\Pipeline\\Pipeline->{closure:{closure:Illuminate\\Pipeline\\Pipeline::carry():158}:159}(Object(Illuminate\\Http\\Request))
#41 C:\\Users\\Nathan\\Documents\\Cours\\BUT_2\\Photos\\vendor\\laravel\\framework\\src\\Illuminate\\Pipeline\\Pipeline.php(183): Illuminate\\Foundation\\Http\\Middleware\\PreventRequestsDuringMaintenance->handle(Object(Illuminate\\Http\\Request), Object(Closure))
#42 C:\\Users\\Nathan\\Documents\\Cours\\BUT_2\\Photos\\vendor\\laravel\\framework\\src\\Illuminate\\Http\\Middleware\\HandleCors.php(49): Illuminate\\Pipeline\\Pipeline->{closure:{closure:Illuminate\\Pipeline\\Pipeline::carry():158}:159}(Object(Illuminate\\Http\\Request))
#43 C:\\Users\\Nathan\\Documents\\Cours\\BUT_2\\Photos\\vendor\\laravel\\framework\\src\\Illuminate\\Pipeline\\Pipeline.php(183): Illuminate\\Http\\Middleware\\HandleCors->handle(Object(Illuminate\\Http\\Request), Object(Closure))
#44 C:\\Users\\Nathan\\Documents\\Cours\\BUT_2\\Photos\\vendor\\laravel\\framework\\src\\Illuminate\\Http\\Middleware\\TrustProxies.php(39): Illuminate\\Pipeline\\Pipeline->{closure:{closure:Illuminate\\Pipeline\\Pipeline::carry():158}:159}(Object(Illuminate\\Http\\Request))
#45 C:\\Users\\Nathan\\Documents\\Cours\\BUT_2\\Photos\\vendor\\laravel\\framework\\src\\Illuminate\\Pipeline\\Pipeline.php(183): Illuminate\\Http\\Middleware\\TrustProxies->handle(Object(Illuminate\\Http\\Request), Object(Closure))
#46 C:\\Users\\Nathan\\Documents\\Cours\\BUT_2\\Photos\\vendor\\laravel\\framework\\src\\Illuminate\\Pipeline\\Pipeline.php(119): Illuminate\\Pipeline\\Pipeline->{closure:{closure:Illuminate\\Pipeline\\Pipeline::carry():158}:159}(Object(Illuminate\\Http\\Request))
#47 C:\\Users\\Nathan\\Documents\\Cours\\BUT_2\\Photos\\vendor\\laravel\\framework\\src\\Illuminate\\Foundation\\Http\\Kernel.php(175): Illuminate\\Pipeline\\Pipeline->then(Object(Closure))
#48 C:\\Users\\Nathan\\Documents\\Cours\\BUT_2\\Photos\\vendor\\laravel\\framework\\src\\Illuminate\\Foundation\\Http\\Kernel.php(144): Illuminate\\Foundation\\Http\\Kernel->sendRequestThroughRouter(Object(Illuminate\\Http\\Request))
#49 C:\\Users\\Nathan\\Documents\\Cours\\BUT_2\\Photos\\public\\index.php(51): Illuminate\\Foundation\\Http\\Kernel->handle(Object(Illuminate\\Http\\Request))
#50 C:\\Users\\Nathan\\Documents\\Cours\\BUT_2\\Photos\\vendor\\laravel\\framework\\src\\Illuminate\\Foundation\\resources\\server.php(16): require_once('C:\\\\Users\\\\Nathan...')
#51 {main}
"} 
[2025-11-25 09:11:18] local.ERROR: SQLSTATE[HY000] [2002] Aucune connexion n’a pu être établie car l’ordinateur cible l’a expressément refusée (Connection: mysql, SQL: select * from `photos` order by `id` desc) {"exception":"[object] (Illuminate\\Database\\QueryException(code: 2002): SQLSTATE[HY000] [2002] Aucune connexion n’a pu être établie car l’ordinateur cible l’a expressément refusée (Connection: mysql, SQL: select * from `photos` order by `id` desc) at C:\\Users\\Nathan\\Documents\\Cours\\BUT_2\\Photos\\vendor\\laravel\\framework\\src\\Illuminate\\Database\\Connection.php:829)
[stacktrace]
#0 C:\\Users\\Nathan\\Documents\\Cours\\BUT_2\\Photos\\vendor\\laravel\\framework\\src\\Illuminate\\Database\\Connection.php(783): Illuminate\\Database\\Connection->runQueryCallback('select * from `...', Array, Object(Closure))
#1 C:\\Users\\Nathan\\Documents\\Cours\\BUT_2\\Photos\\vendor\\laravel\\framework\\src\\Illuminate\\Database\\Connection.php(414): Illuminate\\Database\\Connection->run('select * from `...', Array, Object(Closure))
#2 C:\\Users\\Nathan\\Documents\\Cours\\BUT_2\\Photos\\vendor\\laravel\\framework\\src\\Illuminate\\Database\\Query\\Builder.php(2913): Illuminate\\Database\\Connection->select('select * from `...', Array, true)
#3 C:\\Users\\Nathan\\Documents\\Cours\\BUT_2\\Photos\\vendor\\laravel\\framework\\src\\Illuminate\\Database\\Query\\Builder.php(2902): Illuminate\\Database\\Query\\Builder->runSelect()
#4 C:\\Users\\Nathan\\Documents\\Cours\\BUT_2\\Photos\\vendor\\laravel\\framework\\src\\Illuminate\\Database\\Query\\Builder.php(3456): Illuminate\\Database\\Query\\Builder->{closure:Illuminate\\Database\\Query\\Builder::get():2901}()
#5 C:\\Users\\Nathan\\Documents\\Cours\\BUT_2\\Photos\\vendor\\laravel\\framework\\src\\Illuminate\\Database\\Query\\Builder.php(2901): Illuminate\\Database\\Query\\Builder->onceWithColumns(Array, Object(Closure))
#6 C:\\Users\\Nathan\\Documents\\Cours\\BUT_2\\Photos\\vendor\\laravel\\framework\\src\\Illuminate\\Database\\Eloquent\\Builder.php(739): Illuminate\\Database\\Query\\Builder->get(Array)
#7 C:\\Users\\Nathan\\Documents\\Cours\\BUT_2\\Photos\\vendor\\laravel\\framework\\src\\Illuminate\\Database\\Eloquent\\Builder.php(723): Illuminate\\Database\\Eloquent\\Builder->getModels(Array)
#8 C:\\Users\\Nathan\\Documents\\Cours\\BUT_2\\Photos\\routes\\web.php(21): Illuminate\\Database\\Eloquent\\Builder->get()
#9 C:\\Users\\Nathan\\Documents\\Cours\\BUT_2\\Photos\\vendor\\laravel\\framework\\src\\Illuminate\\Routing\\CallableDispatcher.php(40): Illuminate\\Routing\\RouteFileRegistrar->{closure:C:\\Users\\Nathan\\Documents\\Cours\\BUT_2\\Photos\\routes\\web.php:20}()
#10 C:\\Users\\Nathan\\Documents\\Cours\\BUT_2\\Photos\\vendor\\laravel\\framework\\src\\Illuminate\\Routing\\Route.php(237): Illuminate\\Routing\\CallableDispatcher->dispatch(Object(Illuminate\\Routing\\Route), Object(Closure))
#11 C:\\Users\\Nathan\\Documents\\Cours\\BUT_2\\Photos\\vendor\\laravel\\framework\\src\\Illuminate\\Routing\\Route.php(208): Illuminate\\Routing\\Route->runCallable()
#12 C:\\Users\\Nathan\\Documents\\Cours\\BUT_2\\Photos\\vendor\\laravel\\framework\\src\\Illuminate\\Routing\\Router.php(806): Illuminate\\Routing\\Route->run()
#13 C:\\Users\\Nathan\\Documents\\Cours\\BUT_2\\Photos\\vendor\\laravel\\framework\\src\\Illuminate\\Pipeline\\Pipeline.php(144): Illuminate\\Routing\\Router->{closure:Illuminate\\Routing\\Router::runRouteWithinStack():805}(Object(Illuminate\\Http\\Request))
#14 C:\\Users\\Nathan\\Documents\\Cours\\BUT_2\\Photos\\vendor\\laravel\\framework\\src\\Illuminate\\Routing\\Middleware\\SubstituteBindings.php(50): Illuminate\\Pipeline\\Pipeline->{closure:Illuminate\\Pipeline\\Pipeline::prepareDestination():142}(Object(Illuminate\\Http\\Request))
#15 C:\\Users\\Nathan\\Documents\\Cours\\BUT_2\\Photos\\vendor\\laravel\\framework\\src\\Illuminate\\Pipeline\\Pipeline.php(183): Illuminate\\Routing\\Middleware\\SubstituteBindings->handle(Object(Illuminate\\Http\\Request), Object(Closure))
#16 C:\\Users\\Nathan\\Documents\\Cours\\BUT_2\\Photos\\vendor\\laravel\\framework\\src\\Illuminate\\Foundation\\Http\\Middleware\\VerifyCsrfToken.php(78): Illuminate\\Pipeline\\Pipeline->{closure:{closure:Illuminate\\Pipeline\\Pipeline::carry():158}:159}(Object(Illuminate\\Http\\Request))
#17 C:\\Users\\Nathan\\Documents\\Cours\\BUT_2\\Photos\\vendor\\laravel\\framework\\src\\Illuminate\\Pipeline\\Pipeline.php(183): Illuminate\\Foundation\\Http\\Middleware\\VerifyCsrfToken->handle(Object(Illuminate\\Http\\Request), Object(Closure))
#18 C:\\Users\\Nathan\\Documents\\Cours\\BUT_2\\Photos\\vendor\\laravel\\framework\\src\\Illuminate\\View\\Middleware\\ShareErrorsFromSession.php(49): Illuminate\\Pipeline\\Pipeline->{closure:{closure:Illuminate\\Pipeline\\Pipeline::carry():158}:159}(Object(Illuminate\\Http\\Request))
#19 C:\\Users\\Nathan\\Documents\\Cours\\BUT_2\\Photos\\vendor\\laravel\\framework\\src\\Illuminate\\Pipeline\\Pipeline.php(183): Illuminate\\View\\Middleware\\ShareErrorsFromSession->handle(Object(Illuminate\\Http\\Request), Object(Closure))
#20 C:\\Users\\Nathan\\Documents\\Cours\\BUT_2\\Photos\\vendor\\laravel\\framework\\src\\Illuminate\\Session\\Middleware\\StartSession.php(121): Illuminate\\Pipeline\\Pipeline->{closure:{closure:Illuminate\\Pipeline\\Pipeline::carry():158}:159}(Object(Illuminate\\Http\\Request))
#21 C:\\Users\\Nathan\\Documents\\Cours\\BUT_2\\Photos\\vendor\\laravel\\framework\\src\\Illuminate\\Session\\Middleware\\StartSession.php(64): Illuminate\\Session\\Middleware\\StartSession->handleStatefulRequest(Object(Illuminate\\Http\\Request), Object(Illuminate\\Session\\Store), Object(Closure))
#22 C:\\Users\\Nathan\\Documents\\Cours\\BUT_2\\Photos\\vendor\\laravel\\framework\\src\\Illuminate\\Pipeline\\Pipeline.php(183): Illuminate\\Session\\Middleware\\StartSession->handle(Object(Illuminate\\Http\\Request), Object(Closure))
#23 C:\\Users\\Nathan\\Documents\\Cours\\BUT_2\\Photos\\vendor\\laravel\\framework\\src\\Illuminate\\Cookie\\Middleware\\AddQueuedCookiesToResponse.php(37): Illuminate\\Pipeline\\Pipeline->{closure:{closure:Illuminate\\Pipeline\\Pipeline::carry():158}:159}(Object(Illuminate\\Http\\Request))
#24 C:\\Users\\Nathan\\Documents\\Cours\\BUT_2\\Photos\\vendor\\laravel\\framework\\src\\Illuminate\\Pipeline\\Pipeline.php(183): Illuminate\\Cookie\\Middleware\\AddQueuedCookiesToResponse->handle(Object(Illuminate\\Http\\Request), Object(Closure))
#25 C:\\Users\\Nathan\\Documents\\Cours\\BUT_2\\Photos\\vendor\\laravel\\framework\\src\\Illuminate\\Cookie\\Middleware\\EncryptCookies.php(67): Illuminate\\Pipeline\\Pipeline->{closure:{closure:Illuminate\\Pipeline\\Pipeline::carry():158}:159}(Object(Illuminate\\Http\\Request))
#26 C:\\Users\\Nathan\\Documents\\Cours\\BUT_2\\Photos\\vendor\\laravel\\framework\\src\\Illuminate\\Pipeline\\Pipeline.php(183): Illuminate\\Cookie\\Middleware\\EncryptCookies->handle(Object(Illuminate\\Http\\Request), Object(Closure))
#27 C:\\Users\\Nathan\\Documents\\Cours\\BUT_2\\Photos\\vendor\\laravel\\framework\\src\\Illuminate\\Pipeline\\Pipeline.php(119): Illuminate\\Pipeline\\Pipeline->{closure:{closure:Illuminate\\Pipeline\\Pipeline::carry():158}:159}(Object(Illuminate\\Http\\Request))
#28 C:\\Users\\Nathan\\Documents\\Cours\\BUT_2\\Photos\\vendor\\laravel\\framework\\src\\Illuminate\\Routing\\Router.php(805): Illuminate\\Pipeline\\Pipeline->then(Object(Closure))
#29 C:\\Users\\Nathan\\Documents\\Cours\\BUT_2\\Photos\\vendor\\laravel\\framework\\src\\Illuminate\\Routing\\Router.php(784): Illuminate\\Routing\\Router->runRouteWithinStack(Object(Illuminate\\Routing\\Route), Object(Illuminate\\Http\\Request))
#30 C:\\Users\\Nathan\\Documents\\Cours\\BUT_2\\Photos\\vendor\\laravel\\framework\\src\\Illuminate\\Routing\\Router.php(748): Illuminate\\Routing\\Router->runRoute(Object(Illuminate\\Http\\Request), Object(Illuminate\\Routing\\Route))
#31 C:\\Users\\Nathan\\Documents\\Cours\\BUT_2\\Photos\\vendor\\laravel\\framework\\src\\Illuminate\\Routing\\Router.php(737): Illuminate\\Routing\\Router->dispatchToRoute(Object(Illuminate\\Http\\Request))
#32 C:\\Users\\Nathan\\Documents\\Cours\\BUT_2\\Photos\\vendor\\laravel\\framework\\src\\Illuminate\\Foundation\\Http\\Kernel.php(200): Illuminate\\Routing\\Router->dispatch(Object(Illuminate\\Http\\Request))
#33 C:\\Users\\Nathan\\Documents\\Cours\\BUT_2\\Photos\\vendor\\laravel\\framework\\src\\Illuminate\\Pipeline\\Pipeline.php(144): Illuminate\\Foundation\\Http\\Kernel->{closure:Illuminate\\Foundation\\Http\\Kernel::dispatchToRouter():197}(Object(Illuminate\\Http\\Request))
#34 C:\\Users\\Nathan\\Documents\\Cours\\BUT_2\\Photos\\vendor\\laravel\\framework\\src\\Illuminate\\Foundation\\Http\\Middleware\\TransformsRequest.php(21): Illuminate\\Pipeline\\Pipeline->{closure:Illuminate\\Pipeline\\Pipeline::prepareDestination():142}(Object(Illuminate\\Http\\Request))
#35 C:\\Users\\Nathan\\Documents\\Cours\\BUT_2\\Photos\\vendor\\laravel\\framework\\src\\Illuminate\\Foundation\\Http\\Middleware\\ConvertEmptyStringsToNull.php(31): Illuminate\\Foundation\\Http\\Middleware\\TransformsRequest->handle(Object(Illuminate\\Http\\Request), Object(Closure))
#36 C:\\Users\\Nathan\\Documents\\Cours\\BUT_2\\Photos\\vendor\\laravel\\framework\\src\\Illuminate\\Pipeline\\Pipeline.php(183): Illuminate\\Foundation\\Http\\Middleware\\ConvertEmptyStringsToNull->handle(Object(Illuminate\\Http\\Request), Object(Closure))
#37 C:\\Users\\Nathan\\Documents\\Cours\\BUT_2\\Photos\\vendor\\laravel\\framework\\src\\Illuminate\\Foundation\\Http\\Middleware\\TransformsRequest.php(21): Illuminate\\Pipeline\\Pipeline->{closure:{closure:Illuminate\\Pipeline\\Pipeline::carry():158}:159}(Object(Illuminate\\Http\\Request))
#38 C:\\Users\\Nathan\\Documents\\Cours\\BUT_2\\Photos\\vendor\\laravel\\framework\\src\\Illuminate\\Foundation\\Http\\Middleware\\TrimStrings.php(40): Illuminate\\Foundation\\Http\\Middleware\\TransformsRequest->handle(Object(Illuminate\\Http\\Request), Object(Closure))
#39 C:\\Users\\Nathan\\Documents\\Cours\\BUT_2\\Photos\\vendor\\laravel\\framework\\src\\Illuminate\\Pipeline\\Pipeline.php(183): Illuminate\\Foundation\\Http\\Middleware\\TrimStrings->handle(Object(Illuminate\\Http\\Request), Object(Closure))
#40 C:\\Users\\Nathan\\Documents\\Cours\\BUT_2\\Photos\\vendor\\laravel\\framework\\src\\Illuminate\\Foundation\\Http\\Middleware\\ValidatePostSize.php(27): Illuminate\\Pipeline\\Pipeline->{closure:{closure:Illuminate\\Pipeline\\Pipeline::carry():158}:159}(Object(Illuminate\\Http\\Request))
#41 C:\\Users\\Nathan\\Documents\\Cours\\BUT_2\\Photos\\vendor\\laravel\\framework\\src\\Illuminate\\Pipeline\\Pipeline.php(183): Illuminate\\Foundation\\Http\\Middleware\\ValidatePostSize->handle(Object(Illuminate\\Http\\Request), Object(Closure))
#42 C:\\Users\\Nathan\\Documents\\Cours\\BUT_2\\Photos\\vendor\\laravel\\framework\\src\\Illuminate\\Foundation\\Http\\Middleware\\PreventRequestsDuringMaintenance.php(99): Illuminate\\Pipeline\\Pipeline->{closure:{closure:Illuminate\\Pipeline\\Pipeline::carry():158}:159}(Object(Illuminate\\Http\\Request))
#43 C:\\Users\\Nathan\\Documents\\Cours\\BUT_2\\Photos\\vendor\\laravel\\framework\\src\\Illuminate\\Pipeline\\Pipeline.php(183): Illuminate\\Foundation\\Http\\Middleware\\PreventRequestsDuringMaintenance->handle(Object(Illuminate\\Http\\Request), Object(Closure))
#44 C:\\Users\\Nathan\\Documents\\Cours\\BUT_2\\Photos\\vendor\\laravel\\framework\\src\\Illuminate\\Http\\Middleware\\HandleCors.php(49): Illuminate\\Pipeline\\Pipeline->{closure:{closure:Illuminate\\Pipeline\\Pipeline::carry():158}:159}(Object(Illuminate\\Http\\Request))
#45 C:\\Users\\Nathan\\Documents\\Cours\\BUT_2\\Photos\\vendor\\laravel\\framework\\src\\Illuminate\\Pipeline\\Pipeline.php(183): Illuminate\\Http\\Middleware\\HandleCors->handle(Object(Illuminate\\Http\\Request), Object(Closure))
#46 C:\\Users\\Nathan\\Documents\\Cours\\BUT_2\\Photos\\vendor\\laravel\\framework\\src\\Illuminate\\Http\\Middleware\\TrustProxies.php(39): Illuminate\\Pipeline\\Pipeline->{closure:{closure:Illuminate\\Pipeline\\Pipeline::carry():158}:159}(Object(Illuminate\\Http\\Request))
#47 C:\\Users\\Nathan\\Documents\\Cours\\BUT_2\\Photos\\vendor\\laravel\\framework\\src\\Illuminate\\Pipeline\\Pipeline.php(183): Illuminate\\Http\\Middleware\\TrustProxies->handle(Object(Illuminate\\Http\\Request), Object(Closure))
#48 C:\\Users\\Nathan\\Documents\\Cours\\BUT_2\\Photos\\vendor\\laravel\\framework\\src\\Illuminate\\Pipeline\\Pipeline.php(119): Illuminate\\Pipeline\\Pipeline->{closure:{closure:Illuminate\\Pipeline\\Pipeline::carry():158}:159}(Object(Illuminate\\Http\\Request))
#49 C:\\Users\\Nathan\\Documents\\Cours\\BUT_2\\Photos\\vendor\\laravel\\framework\\src\\Illuminate\\Foundation\\Http\\Kernel.php(175): Illuminate\\Pipeline\\Pipeline->then(Object(Closure))
#50 C:\\Users\\Nathan\\Documents\\Cours\\BUT_2\\Photos\\vendor\\laravel\\framework\\src\\Illuminate\\Foundation\\Http\\Kernel.php(144): Illuminate\\Foundation\\Http\\Kernel->sendRequestThroughRouter(Object(Illuminate\\Http\\Request))
#51 C:\\Users\\Nathan\\Documents\\Cours\\BUT_2\\Photos\\public\\index.php(51): Illuminate\\Foundation\\Http\\Kernel->handle(Object(Illuminate\\Http\\Request))
#52 C:\\Users\\Nathan\\Documents\\Cours\\BUT_2\\Photos\\vendor\\laravel\\framework\\src\\Illuminate\\Foundation\\resources\\server.php(16): require_once('C:\\\\Users\\\\Nathan...')
#53 {main}

[previous exception] [object] (PDOException(code: 2002): SQLSTATE[HY000] [2002] Aucune connexion n’a pu être établie car l’ordinateur cible l’a expressément refusée at C:\\Users\\Nathan\\Documents\\Cours\\BUT_2\\Photos\\vendor\\laravel\\framework\\src\\Illuminate\\Database\\Connectors\\Connector.php:65)
[stacktrace]
#0 C:\\Users\\Nathan\\Documents\\Cours\\BUT_2\\Photos\\vendor\\laravel\\framework\\src\\Illuminate\\Database\\Connectors\\Connector.php(65): PDO->__construct('mysql:host=127....', 'root', Object(SensitiveParameterValue), Array)
#1 C:\\Users\\Nathan\\Documents\\Cours\\BUT_2\\Photos\\vendor\\laravel\\framework\\src\\Illuminate\\Database\\Connectors\\Connector.php(44): Illuminate\\Database\\Connectors\\Connector->createPdoConnection('mysql:host=127....', 'root', '', Array)
#2 C:\\Users\\Nathan\\Documents\\Cours\\BUT_2\\Photos\\vendor\\laravel\\framework\\src\\Illuminate\\Database\\Connectors\\MySqlConnector.php(24): Illuminate\\Database\\Connectors\\Connector->createConnection('mysql:host=127....', Array, Array)
#3 C:\\Users\\Nathan\\Documents\\Cours\\BUT_2\\Photos\\vendor\\laravel\\framework\\src\\Illuminate\\Database\\Connectors\\ConnectionFactory.php(184): Illuminate\\Database\\Connectors\\MySqlConnector->connect(Array)
#4 [internal function]: Illuminate\\Database\\Connectors\\ConnectionFactory->{closure:Illuminate\\Database\\Connectors\\ConnectionFactory::createPdoResolverWithHosts():179}()
#5 C:\\Users\\Nathan\\Documents\\Cours\\BUT_2\\Photos\\vendor\\laravel\\framework\\src\\Illuminate\\Database\\Connection.php(1339): call_user_func(Object(Closure))
#6 C:\\Users\\Nathan\\Documents\\Cours\\BUT_2\\Photos\\vendor\\laravel\\framework\\src\\Illuminate\\Database\\Connection.php(1375): Illuminate\\Database\\Connection->getPdo()
#7 C:\\Users\\Nathan\\Documents\\Cours\\BUT_2\\Photos\\vendor\\laravel\\framework\\src\\Illuminate\\Database\\Connection.php(528): Illuminate\\Database\\Connection->getReadPdo()
#8 C:\\Users\\Nathan\\Documents\\Cours\\BUT_2\\Photos\\vendor\\laravel\\framework\\src\\Illuminate\\Database\\Connection.php(423): Illuminate\\Database\\Connection->getPdoForSelect(true)
#9 C:\\Users\\Nathan\\Documents\\Cours\\BUT_2\\Photos\\vendor\\laravel\\framework\\src\\Illuminate\\Database\\Connection.php(816): Illuminate\\Database\\Connection->{closure:Illuminate\\Database\\Connection::select():414}('select * from `...', Array)
#10 C:\\Users\\Nathan\\Documents\\Cours\\BUT_2\\Photos\\vendor\\laravel\\framework\\src\\Illuminate\\Database\\Connection.php(783): Illuminate\\Database\\Connection->runQueryCallback('select * from `...', Array, Object(Closure))
#11 C:\\Users\\Nathan\\Documents\\Cours\\BUT_2\\Photos\\vendor\\laravel\\framework\\src\\Illuminate\\Database\\Connection.php(414): Illuminate\\Database\\Connection->run('select * from `...', Array, Object(Closure))
#12 C:\\Users\\Nathan\\Documents\\Cours\\BUT_2\\Photos\\vendor\\laravel\\framework\\src\\Illuminate\\Database\\Query\\Builder.php(2913): Illuminate\\Database\\Connection->select('select * from `...', Array, true)
#13 C:\\Users\\Nathan\\Documents\\Cours\\BUT_2\\Photos\\vendor\\laravel\\framework\\src\\Illuminate\\Database\\Query\\Builder.php(2902): Illuminate\\Database\\Query\\Builder->runSelect()
#14 C:\\Users\\Nathan\\Documents\\Cours\\BUT_2\\Photos\\vendor\\laravel\\framework\\src\\Illuminate\\Database\\Query\\Builder.php(3456): Illuminate\\Database\\Query\\Builder->{closure:Illuminate\\Database\\Query\\Builder::get():2901}()
#15 C:\\Users\\Nathan\\Documents\\Cours\\BUT_2\\Photos\\vendor\\laravel\\framework\\src\\Illuminate\\Database\\Query\\Builder.php(2901): Illuminate\\Database\\Query\\Builder->onceWithColumns(Array, Object(Closure))
#16 C:\\Users\\Nathan\\Documents\\Cours\\BUT_2\\Photos\\vendor\\laravel\\framework\\src\\Illuminate\\Database\\Eloquent\\Builder.php(739): Illuminate\\Database\\Query\\Builder->get(Array)
#17 C:\\Users\\Nathan\\Documents\\Cours\\BUT_2\\Photos\\vendor\\laravel\\framework\\src\\Illuminate\\Database\\Eloquent\\Builder.php(723): Illuminate\\Database\\Eloquent\\Builder->getModels(Array)
#18 C:\\Users\\Nathan\\Documents\\Cours\\BUT_2\\Photos\\routes\\web.php(21): Illuminate\\Database\\Eloquent\\Builder->get()
#19 C:\\Users\\Nathan\\Documents\\Cours\\BUT_2\\Photos\\vendor\\laravel\\framework\\src\\Illuminate\\Routing\\CallableDispatcher.php(40): Illuminate\\Routing\\RouteFileRegistrar->{closure:C:\\Users\\Nathan\\Documents\\Cours\\BUT_2\\Photos\\routes\\web.php:20}()
#20 C:\\Users\\Nathan\\Documents\\Cours\\BUT_2\\Photos\\vendor\\laravel\\framework\\src\\Illuminate\\Routing\\Route.php(237): Illuminate\\Routing\\CallableDispatcher->dispatch(Object(Illuminate\\Routing\\Route), Object(Closure))
#21 C:\\Users\\Nathan\\Documents\\Cours\\BUT_2\\Photos\\vendor\\laravel\\framework\\src\\Illuminate\\Routing\\Route.php(208): Illuminate\\Routing\\Route->runCallable()
#22 C:\\Users\\Nathan\\Documents\\Cours\\BUT_2\\Photos\\vendor\\laravel\\framework\\src\\Illuminate\\Routing\\Router.php(806): Illuminate\\Routing\\Route->run()
#23 C:\\Users\\Nathan\\Documents\\Cours\\BUT_2\\Photos\\vendor\\laravel\\framework\\src\\Illuminate\\Pipeline\\Pipeline.php(144): Illuminate\\Routing\\Router->{closure:Illuminate\\Routing\\Router::runRouteWithinStack():805}(Object(Illuminate\\Http\\Request))
#24 C:\\Users\\Nathan\\Documents\\Cours\\BUT_2\\Photos\\vendor\\laravel\\framework\\src\\Illuminate\\Routing\\Middleware\\SubstituteBindings.php(50): Illuminate\\Pipeline\\Pipeline->{closure:Illuminate\\Pipeline\\Pipeline::prepareDestination():142}(Object(Illuminate\\Http\\Request))
#25 C:\\Users\\Nathan\\Documents\\Cours\\BUT_2\\Photos\\vendor\\laravel\\framework\\src\\Illuminate\\Pipeline\\Pipeline.php(183): Illuminate\\Routing\\Middleware\\SubstituteBindings->handle(Object(Illuminate\\Http\\Request), Object(Closure))
#26 C:\\Users\\Nathan\\Documents\\Cours\\BUT_2\\Photos\\vendor\\laravel\\framework\\src\\Illuminate\\Foundation\\Http\\Middleware\\VerifyCsrfToken.php(78): Illuminate\\Pipeline\\Pipeline->{closure:{closure:Illuminate\\Pipeline\\Pipeline::carry():158}:159}(Object(Illuminate\\Http\\Request))
#27 C:\\Users\\Nathan\\Documents\\Cours\\BUT_2\\Photos\\vendor\\laravel\\framework\\src\\Illuminate\\Pipeline\\Pipeline.php(183): Illuminate\\Foundation\\Http\\Middleware\\VerifyCsrfToken->handle(Object(Illuminate\\Http\\Request), Object(Closure))
#28 C:\\Users\\Nathan\\Documents\\Cours\\BUT_2\\Photos\\vendor\\laravel\\framework\\src\\Illuminate\\View\\Middleware\\ShareErrorsFromSession.php(49): Illuminate\\Pipeline\\Pipeline->{closure:{closure:Illuminate\\Pipeline\\Pipeline::carry():158}:159}(Object(Illuminate\\Http\\Request))
#29 C:\\Users\\Nathan\\Documents\\Cours\\BUT_2\\Photos\\vendor\\laravel\\framework\\src\\Illuminate\\Pipeline\\Pipeline.php(183): Illuminate\\View\\Middleware\\ShareErrorsFromSession->handle(Object(Illuminate\\Http\\Request), Object(Closure))
#30 C:\\Users\\Nathan\\Documents\\Cours\\BUT_2\\Photos\\vendor\\laravel\\framework\\src\\Illuminate\\Session\\Middleware\\StartSession.php(121): Illuminate\\Pipeline\\Pipeline->{closure:{closure:Illuminate\\Pipeline\\Pipeline::carry():158}:159}(Object(Illuminate\\Http\\Request))
#31 C:\\Users\\Nathan\\Documents\\Cours\\BUT_2\\Photos\\vendor\\laravel\\framework\\src\\Illuminate\\Session\\Middleware\\StartSession.php(64): Illuminate\\Session\\Middleware\\StartSession->handleStatefulRequest(Object(Illuminate\\Http\\Request), Object(Illuminate\\Session\\Store), Object(Closure))
#32 C:\\Users\\Nathan\\Documents\\Cours\\BUT_2\\Photos\\vendor\\laravel\\framework\\src\\Illuminate\\Pipeline\\Pipeline.php(183): Illuminate\\Session\\Middleware\\StartSession->handle(Object(Illuminate\\Http\\Request), Object(Closure))
#33 C:\\Users\\Nathan\\Documents\\Cours\\BUT_2\\Photos\\vendor\\laravel\\framework\\src\\Illuminate\\Cookie\\Middleware\\AddQueuedCookiesToResponse.php(37): Illuminate\\Pipeline\\Pipeline->{closure:{closure:Illuminate\\Pipeline\\Pipeline::carry():158}:159}(Object(Illuminate\\Http\\Request))
#34 C:\\Users\\Nathan\\Documents\\Cours\\BUT_2\\Photos\\vendor\\laravel\\framework\\src\\Illuminate\\Pipeline\\Pipeline.php(183): Illuminate\\Cookie\\Middleware\\AddQueuedCookiesToResponse->handle(Object(Illuminate\\Http\\Request), Object(Closure))
#35 C:\\Users\\Nathan\\Documents\\Cours\\BUT_2\\Photos\\vendor\\laravel\\framework\\src\\Illuminate\\Cookie\\Middleware\\EncryptCookies.php(67): Illuminate\\Pipeline\\Pipeline->{closure:{closure:Illuminate\\Pipeline\\Pipeline::carry():158}:159}(Object(Illuminate\\Http\\Request))
#36 C:\\Users\\Nathan\\Documents\\Cours\\BUT_2\\Photos\\vendor\\laravel\\framework\\src\\Illuminate\\Pipeline\\Pipeline.php(183): Illuminate\\Cookie\\Middleware\\EncryptCookies->handle(Object(Illuminate\\Http\\Request), Object(Closure))
#37 C:\\Users\\Nathan\\Documents\\Cours\\BUT_2\\Photos\\vendor\\laravel\\framework\\src\\Illuminate\\Pipeline\\Pipeline.php(119): Illuminate\\Pipeline\\Pipeline->{closure:{closure:Illuminate\\Pipeline\\Pipeline::carry():158}:159}(Object(Illuminate\\Http\\Request))
#38 C:\\Users\\Nathan\\Documents\\Cours\\BUT_2\\Photos\\vendor\\laravel\\framework\\src\\Illuminate\\Routing\\Router.php(805): Illuminate\\Pipeline\\Pipeline->then(Object(Closure))
#39 C:\\Users\\Nathan\\Documents\\Cours\\BUT_2\\Photos\\vendor\\laravel\\framework\\src\\Illuminate\\Routing\\Router.php(784): Illuminate\\Routing\\Router->runRouteWithinStack(Object(Illuminate\\Routing\\Route), Object(Illuminate\\Http\\Request))
#40 C:\\Users\\Nathan\\Documents\\Cours\\BUT_2\\Photos\\vendor\\laravel\\framework\\src\\Illuminate\\Routing\\Router.php(748): Illuminate\\Routing\\Router->runRoute(Object(Illuminate\\Http\\Request), Object(Illuminate\\Routing\\Route))
#41 C:\\Users\\Nathan\\Documents\\Cours\\BUT_2\\Photos\\vendor\\laravel\\framework\\src\\Illuminate\\Routing\\Router.php(737): Illuminate\\Routing\\Router->dispatchToRoute(Object(Illuminate\\Http\\Request))
#42 C:\\Users\\Nathan\\Documents\\Cours\\BUT_2\\Photos\\vendor\\laravel\\framework\\src\\Illuminate\\Foundation\\Http\\Kernel.php(200): Illuminate\\Routing\\Router->dispatch(Object(Illuminate\\Http\\Request))
#43 C:\\Users\\Nathan\\Documents\\Cours\\BUT_2\\Photos\\vendor\\laravel\\framework\\src\\Illuminate\\Pipeline\\Pipeline.php(144): Illuminate\\Foundation\\Http\\Kernel->{closure:Illuminate\\Foundation\\Http\\Kernel::dispatchToRouter():197}(Object(Illuminate\\Http\\Request))
#44 C:\\Users\\Nathan\\Documents\\Cours\\BUT_2\\Photos\\vendor\\laravel\\framework\\src\\Illuminate\\Foundation\\Http\\Middleware\\TransformsRequest.php(21): Illuminate\\Pipeline\\Pipeline->{closure:Illuminate\\Pipeline\\Pipeline::prepareDestination():142}(Object(Illuminate\\Http\\Request))
#45 C:\\Users\\Nathan\\Documents\\Cours\\BUT_2\\Photos\\vendor\\laravel\\framework\\src\\Illuminate\\Foundation\\Http\\Middleware\\ConvertEmptyStringsToNull.php(31): Illuminate\\Foundation\\Http\\Middleware\\TransformsRequest->handle(Object(Illuminate\\Http\\Request), Object(Closure))
#46 C:\\Users\\Nathan\\Documents\\Cours\\BUT_2\\Photos\\vendor\\laravel\\framework\\src\\Illuminate\\Pipeline\\Pipeline.php(183): Illuminate\\Foundation\\Http\\Middleware\\ConvertEmptyStringsToNull->handle(Object(Illuminate\\Http\\Request), Object(Closure))
#47 C:\\Users\\Nathan\\Documents\\Cours\\BUT_2\\Photos\\vendor\\laravel\\framework\\src\\Illuminate\\Foundation\\Http\\Middleware\\TransformsRequest.php(21): Illuminate\\Pipeline\\Pipeline->{closure:{closure:Illuminate\\Pipeline\\Pipeline::carry():158}:159}(Object(Illuminate\\Http\\Request))
#48 C:\\Users\\Nathan\\Documents\\Cours\\BUT_2\\Photos\\vendor\\laravel\\framework\\src\\Illuminate\\Foundation\\Http\\Middleware\\TrimStrings.php(40): Illuminate\\Foundation\\Http\\Middleware\\TransformsRequest->handle(Object(Illuminate\\Http\\Request), Object(Closure))
#49 C:\\Users\\Nathan\\Documents\\Cours\\BUT_2\\Photos\\vendor\\laravel\\framework\\src\\Illuminate\\Pipeline\\Pipeline.php(183): Illuminate\\Foundation\\Http\\Middleware\\TrimStrings->handle(Object(Illuminate\\Http\\Request), Object(Closure))
#50 C:\\Users\\Nathan\\Documents\\Cours\\BUT_2\\Photos\\vendor\\laravel\\framework\\src\\Illuminate\\Foundation\\Http\\Middleware\\ValidatePostSize.php(27): Illuminate\\Pipeline\\Pipeline->{closure:{closure:Illuminate\\Pipeline\\Pipeline::carry():158}:159}(Object(Illuminate\\Http\\Request))
#51 C:\\Users\\Nathan\\Documents\\Cours\\BUT_2\\Photos\\vendor\\laravel\\framework\\src\\Illuminate\\Pipeline\\Pipeline.php(183): Illuminate\\Foundation\\Http\\Middleware\\ValidatePostSize->handle(Object(Illuminate\\Http\\Request), Object(Closure))
#52 C:\\Users\\Nathan\\Documents\\Cours\\BUT_2\\Photos\\vendor\\laravel\\framework\\src\\Illuminate\\Foundation\\Http\\Middleware\\PreventRequestsDuringMaintenance.php(99): Illuminate\\Pipeline\\Pipeline->{closure:{closure:Illuminate\\Pipeline\\Pipeline::carry():158}:159}(Object(Illuminate\\Http\\Request))
#53 C:\\Users\\Nathan\\Documents\\Cours\\BUT_2\\Photos\\vendor\\laravel\\framework\\src\\Illuminate\\Pipeline\\Pipeline.php(183): Illuminate\\Foundation\\Http\\Middleware\\PreventRequestsDuringMaintenance->handle(Object(Illuminate\\Http\\Request), Object(Closure))
#54 C:\\Users\\Nathan\\Documents\\Cours\\BUT_2\\Photos\\vendor\\laravel\\framework\\src\\Illuminate\\Http\\Middleware\\HandleCors.php(49): Illuminate\\Pipeline\\Pipeline->{closure:{closure:Illuminate\\Pipeline\\Pipeline::carry():158}:159}(Object(Illuminate\\Http\\Request))
#55 C:\\Users\\Nathan\\Documents\\Cours\\BUT_2\\Photos\\vendor\\laravel\\framework\\src\\Illuminate\\Pipeline\\Pipeline.php(183): Illuminate\\Http\\Middleware\\HandleCors->handle(Object(Illuminate\\Http\\Request), Object(Closure))
#56 C:\\Users\\Nathan\\Documents\\Cours\\BUT_2\\Photos\\vendor\\laravel\\framework\\src\\Illuminate\\Http\\Middleware\\TrustProxies.php(39): Illuminate\\Pipeline\\Pipeline->{closure:{closure:Illuminate\\Pipeline\\Pipeline::carry():158}:159}(Object(Illuminate\\Http\\Request))
#57 C:\\Users\\Nathan\\Documents\\Cours\\BUT_2\\Photos\\vendor\\laravel\\framework\\src\\Illuminate\\Pipeline\\Pipeline.php(183): Illuminate\\Http\\Middleware\\TrustProxies->handle(Object(Illuminate\\Http\\Request), Object(Closure))
#58 C:\\Users\\Nathan\\Documents\\Cours\\BUT_2\\Photos\\vendor\\laravel\\framework\\src\\Illuminate\\Pipeline\\Pipeline.php(119): Illuminate\\Pipeline\\Pipeline->{closure:{closure:Illuminate\\Pipeline\\Pipeline::carry():158}:159}(Object(Illuminate\\Http\\Request))
#59 C:\\Users\\Nathan\\Documents\\Cours\\BUT_2\\Photos\\vendor\\laravel\\framework\\src\\Illuminate\\Foundation\\Http\\Kernel.php(175): Illuminate\\Pipeline\\Pipeline->then(Object(Closure))
#60 C:\\Users\\Nathan\\Documents\\Cours\\BUT_2\\Photos\\vendor\\laravel\\framework\\src\\Illuminate\\Foundation\\Http\\Kernel.php(144): Illuminate\\Foundation\\Http\\Kernel->sendRequestThroughRouter(Object(Illuminate\\Http\\Request))
#61 C:\\Users\\Nathan\\Documents\\Cours\\BUT_2\\Photos\\public\\index.php(51): Illuminate\\Foundation\\Http\\Kernel->handle(Object(Illuminate\\Http\\Request))
#62 C:\\Users\\Nathan\\Documents\\Cours\\BUT_2\\Photos\\vendor\\laravel\\framework\\src\\Illuminate\\Foundation\\resources\\server.php(16): require_once('C:\\\\Users\\\\Nathan...')
#63 {main}
"} 
[2025-11-25 09:13:34] local.ERROR: SQLSTATE[HY000] [2002] Aucune connexion n’a pu être établie car l’ordinateur cible l’a expressément refusée (Connection: mysql, SQL: select * from `photos` order by `id` desc) {"exception":"[object] (Illuminate\\Database\\QueryException(code: 2002): SQLSTATE[HY000] [2002] Aucune connexion n’a pu être établie car l’ordinateur cible l’a expressément refusée (Connection: mysql, SQL: select * from `photos` order by `id` desc) at C:\\Users\\Nathan\\Documents\\Cours\\BUT_2\\Photos\\vendor\\laravel\\framework\\src\\Illuminate\\Database\\Connection.php:829)
[stacktrace]
#0 C:\\Users\\Nathan\\Documents\\Cours\\BUT_2\\Photos\\vendor\\laravel\\framework\\src\\Illuminate\\Database\\Connection.php(783): Illuminate\\Database\\Connection->runQueryCallback('select * from `...', Array, Object(Closure))
#1 C:\\Users\\Nathan\\Documents\\Cours\\BUT_2\\Photos\\vendor\\laravel\\framework\\src\\Illuminate\\Database\\Connection.php(414): Illuminate\\Database\\Connection->run('select * from `...', Array, Object(Closure))
#2 C:\\Users\\Nathan\\Documents\\Cours\\BUT_2\\Photos\\vendor\\laravel\\framework\\src\\Illuminate\\Database\\Query\\Builder.php(2913): Illuminate\\Database\\Connection->select('select * from `...', Array, true)
#3 C:\\Users\\Nathan\\Documents\\Cours\\BUT_2\\Photos\\vendor\\laravel\\framework\\src\\Illuminate\\Database\\Query\\Builder.php(2902): Illuminate\\Database\\Query\\Builder->runSelect()
#4 C:\\Users\\Nathan\\Documents\\Cours\\BUT_2\\Photos\\vendor\\laravel\\framework\\src\\Illuminate\\Database\\Query\\Builder.php(3456): Illuminate\\Database\\Query\\Builder->{closure:Illuminate\\Database\\Query\\Builder::get():2901}()
#5 C:\\Users\\Nathan\\Documents\\Cours\\BUT_2\\Photos\\vendor\\laravel\\framework\\src\\Illuminate\\Database\\Query\\Builder.php(2901): Illuminate\\Database\\Query\\Builder->onceWithColumns(Array, Object(Closure))
#6 C:\\Users\\Nathan\\Documents\\Cours\\BUT_2\\Photos\\vendor\\laravel\\framework\\src\\Illuminate\\Database\\Eloquent\\Builder.php(739): Illuminate\\Database\\Query\\Builder->get(Array)
#7 C:\\Users\\Nathan\\Documents\\Cours\\BUT_2\\Photos\\vendor\\laravel\\framework\\src\\Illuminate\\Database\\Eloquent\\Builder.php(723): Illuminate\\Database\\Eloquent\\Builder->getModels(Array)
#8 C:\\Users\\Nathan\\Documents\\Cours\\BUT_2\\Photos\\routes\\web.php(21): Illuminate\\Database\\Eloquent\\Builder->get()
#9 C:\\Users\\Nathan\\Documents\\Cours\\BUT_2\\Photos\\vendor\\laravel\\framework\\src\\Illuminate\\Routing\\CallableDispatcher.php(40): Illuminate\\Routing\\RouteFileRegistrar->{closure:C:\\Users\\Nathan\\Documents\\Cours\\BUT_2\\Photos\\routes\\web.php:20}()
#10 C:\\Users\\Nathan\\Documents\\Cours\\BUT_2\\Photos\\vendor\\laravel\\framework\\src\\Illuminate\\Routing\\Route.php(237): Illuminate\\Routing\\CallableDispatcher->dispatch(Object(Illuminate\\Routing\\Route), Object(Closure))
#11 C:\\Users\\Nathan\\Documents\\Cours\\BUT_2\\Photos\\vendor\\laravel\\framework\\src\\Illuminate\\Routing\\Route.php(208): Illuminate\\Routing\\Route->runCallable()
#12 C:\\Users\\Nathan\\Documents\\Cours\\BUT_2\\Photos\\vendor\\laravel\\framework\\src\\Illuminate\\Routing\\Router.php(806): Illuminate\\Routing\\Route->run()
#13 C:\\Users\\Nathan\\Documents\\Cours\\BUT_2\\Photos\\vendor\\laravel\\framework\\src\\Illuminate\\Pipeline\\Pipeline.php(144): Illuminate\\Routing\\Router->{closure:Illuminate\\Routing\\Router::runRouteWithinStack():805}(Object(Illuminate\\Http\\Request))
#14 C:\\Users\\Nathan\\Documents\\Cours\\BUT_2\\Photos\\vendor\\laravel\\framework\\src\\Illuminate\\Routing\\Middleware\\SubstituteBindings.php(50): Illuminate\\Pipeline\\Pipeline->{closure:Illuminate\\Pipeline\\Pipeline::prepareDestination():142}(Object(Illuminate\\Http\\Request))
#15 C:\\Users\\Nathan\\Documents\\Cours\\BUT_2\\Photos\\vendor\\laravel\\framework\\src\\Illuminate\\Pipeline\\Pipeline.php(183): Illuminate\\Routing\\Middleware\\SubstituteBindings->handle(Object(Illuminate\\Http\\Request), Object(Closure))
#16 C:\\Users\\Nathan\\Documents\\Cours\\BUT_2\\Photos\\vendor\\laravel\\framework\\src\\Illuminate\\Foundation\\Http\\Middleware\\VerifyCsrfToken.php(78): Illuminate\\Pipeline\\Pipeline->{closure:{closure:Illuminate\\Pipeline\\Pipeline::carry():158}:159}(Object(Illuminate\\Http\\Request))
#17 C:\\Users\\Nathan\\Documents\\Cours\\BUT_2\\Photos\\vendor\\laravel\\framework\\src\\Illuminate\\Pipeline\\Pipeline.php(183): Illuminate\\Foundation\\Http\\Middleware\\VerifyCsrfToken->handle(Object(Illuminate\\Http\\Request), Object(Closure))
#18 C:\\Users\\Nathan\\Documents\\Cours\\BUT_2\\Photos\\vendor\\laravel\\framework\\src\\Illuminate\\View\\Middleware\\ShareErrorsFromSession.php(49): Illuminate\\Pipeline\\Pipeline->{closure:{closure:Illuminate\\Pipeline\\Pipeline::carry():158}:159}(Object(Illuminate\\Http\\Request))
#19 C:\\Users\\Nathan\\Documents\\Cours\\BUT_2\\Photos\\vendor\\laravel\\framework\\src\\Illuminate\\Pipeline\\Pipeline.php(183): Illuminate\\View\\Middleware\\ShareErrorsFromSession->handle(Object(Illuminate\\Http\\Request), Object(Closure))
#20 C:\\Users\\Nathan\\Documents\\Cours\\BUT_2\\Photos\\vendor\\laravel\\framework\\src\\Illuminate\\Session\\Middleware\\StartSession.php(121): Illuminate\\Pipeline\\Pipeline->{closure:{closure:Illuminate\\Pipeline\\Pipeline::carry():158}:159}(Object(Illuminate\\Http\\Request))
#21 C:\\Users\\Nathan\\Documents\\Cours\\BUT_2\\Photos\\vendor\\laravel\\framework\\src\\Illuminate\\Session\\Middleware\\StartSession.php(64): Illuminate\\Session\\Middleware\\StartSession->handleStatefulRequest(Object(Illuminate\\Http\\Request), Object(Illuminate\\Session\\Store), Object(Closure))
#22 C:\\Users\\Nathan\\Documents\\Cours\\BUT_2\\Photos\\vendor\\laravel\\framework\\src\\Illuminate\\Pipeline\\Pipeline.php(183): Illuminate\\Session\\Middleware\\StartSession->handle(Object(Illuminate\\Http\\Request), Object(Closure))
#23 C:\\Users\\Nathan\\Documents\\Cours\\BUT_2\\Photos\\vendor\\laravel\\framework\\src\\Illuminate\\Cookie\\Middleware\\AddQueuedCookiesToResponse.php(37): Illuminate\\Pipeline\\Pipeline->{closure:{closure:Illuminate\\Pipeline\\Pipeline::carry():158}:159}(Object(Illuminate\\Http\\Request))
#24 C:\\Users\\Nathan\\Documents\\Cours\\BUT_2\\Photos\\vendor\\laravel\\framework\\src\\Illuminate\\Pipeline\\Pipeline.php(183): Illuminate\\Cookie\\Middleware\\AddQueuedCookiesToResponse->handle(Object(Illuminate\\Http\\Request), Object(Closure))
#25 C:\\Users\\Nathan\\Documents\\Cours\\BUT_2\\Photos\\vendor\\laravel\\framework\\src\\Illuminate\\Cookie\\Middleware\\EncryptCookies.php(67): Illuminate\\Pipeline\\Pipeline->{closure:{closure:Illuminate\\Pipeline\\Pipeline::carry():158}:159}(Object(Illuminate\\Http\\Request))
#26 C:\\Users\\Nathan\\Documents\\Cours\\BUT_2\\Photos\\vendor\\laravel\\framework\\src\\Illuminate\\Pipeline\\Pipeline.php(183): Illuminate\\Cookie\\Middleware\\EncryptCookies->handle(Object(Illuminate\\Http\\Request), Object(Closure))
#27 C:\\Users\\Nathan\\Documents\\Cours\\BUT_2\\Photos\\vendor\\laravel\\framework\\src\\Illuminate\\Pipeline\\Pipeline.php(119): Illuminate\\Pipeline\\Pipeline->{closure:{closure:Illuminate\\Pipeline\\Pipeline::carry():158}:159}(Object(Illuminate\\Http\\Request))
#28 C:\\Users\\Nathan\\Documents\\Cours\\BUT_2\\Photos\\vendor\\laravel\\framework\\src\\Illuminate\\Routing\\Router.php(805): Illuminate\\Pipeline\\Pipeline->then(Object(Closure))
#29 C:\\Users\\Nathan\\Documents\\Cours\\BUT_2\\Photos\\vendor\\laravel\\framework\\src\\Illuminate\\Routing\\Router.php(784): Illuminate\\Routing\\Router->runRouteWithinStack(Object(Illuminate\\Routing\\Route), Object(Illuminate\\Http\\Request))
#30 C:\\Users\\Nathan\\Documents\\Cours\\BUT_2\\Photos\\vendor\\laravel\\framework\\src\\Illuminate\\Routing\\Router.php(748): Illuminate\\Routing\\Router->runRoute(Object(Illuminate\\Http\\Request), Object(Illuminate\\Routing\\Route))
#31 C:\\Users\\Nathan\\Documents\\Cours\\BUT_2\\Photos\\vendor\\laravel\\framework\\src\\Illuminate\\Routing\\Router.php(737): Illuminate\\Routing\\Router->dispatchToRoute(Object(Illuminate\\Http\\Request))
#32 C:\\Users\\Nathan\\Documents\\Cours\\BUT_2\\Photos\\vendor\\laravel\\framework\\src\\Illuminate\\Foundation\\Http\\Kernel.php(200): Illuminate\\Routing\\Router->dispatch(Object(Illuminate\\Http\\Request))
#33 C:\\Users\\Nathan\\Documents\\Cours\\BUT_2\\Photos\\vendor\\laravel\\framework\\src\\Illuminate\\Pipeline\\Pipeline.php(144): Illuminate\\Foundation\\Http\\Kernel->{closure:Illuminate\\Foundation\\Http\\Kernel::dispatchToRouter():197}(Object(Illuminate\\Http\\Request))
#34 C:\\Users\\Nathan\\Documents\\Cours\\BUT_2\\Photos\\vendor\\laravel\\framework\\src\\Illuminate\\Foundation\\Http\\Middleware\\TransformsRequest.php(21): Illuminate\\Pipeline\\Pipeline->{closure:Illuminate\\Pipeline\\Pipeline::prepareDestination():142}(Object(Illuminate\\Http\\Request))
#35 C:\\Users\\Nathan\\Documents\\Cours\\BUT_2\\Photos\\vendor\\laravel\\framework\\src\\Illuminate\\Foundation\\Http\\Middleware\\ConvertEmptyStringsToNull.php(31): Illuminate\\Foundation\\Http\\Middleware\\TransformsRequest->handle(Object(Illuminate\\Http\\Request), Object(Closure))
#36 C:\\Users\\Nathan\\Documents\\Cours\\BUT_2\\Photos\\vendor\\laravel\\framework\\src\\Illuminate\\Pipeline\\Pipeline.php(183): Illuminate\\Foundation\\Http\\Middleware\\ConvertEmptyStringsToNull->handle(Object(Illuminate\\Http\\Request), Object(Closure))
#37 C:\\Users\\Nathan\\Documents\\Cours\\BUT_2\\Photos\\vendor\\laravel\\framework\\src\\Illuminate\\Foundation\\Http\\Middleware\\TransformsRequest.php(21): Illuminate\\Pipeline\\Pipeline->{closure:{closure:Illuminate\\Pipeline\\Pipeline::carry():158}:159}(Object(Illuminate\\Http\\Request))
#38 C:\\Users\\Nathan\\Documents\\Cours\\BUT_2\\Photos\\vendor\\laravel\\framework\\src\\Illuminate\\Foundation\\Http\\Middleware\\TrimStrings.php(40): Illuminate\\Foundation\\Http\\Middleware\\TransformsRequest->handle(Object(Illuminate\\Http\\Request), Object(Closure))
#39 C:\\Users\\Nathan\\Documents\\Cours\\BUT_2\\Photos\\vendor\\laravel\\framework\\src\\Illuminate\\Pipeline\\Pipeline.php(183): Illuminate\\Foundation\\Http\\Middleware\\TrimStrings->handle(Object(Illuminate\\Http\\Request), Object(Closure))
#40 C:\\Users\\Nathan\\Documents\\Cours\\BUT_2\\Photos\\vendor\\laravel\\framework\\src\\Illuminate\\Foundation\\Http\\Middleware\\ValidatePostSize.php(27): Illuminate\\Pipeline\\Pipeline->{closure:{closure:Illuminate\\Pipeline\\Pipeline::carry():158}:159}(Object(Illuminate\\Http\\Request))
#41 C:\\Users\\Nathan\\Documents\\Cours\\BUT_2\\Photos\\vendor\\laravel\\framework\\src\\Illuminate\\Pipeline\\Pipeline.php(183): Illuminate\\Foundation\\Http\\Middleware\\ValidatePostSize->handle(Object(Illuminate\\Http\\Request), Object(Closure))
#42 C:\\Users\\Nathan\\Documents\\Cours\\BUT_2\\Photos\\vendor\\laravel\\framework\\src\\Illuminate\\Foundation\\Http\\Middleware\\PreventRequestsDuringMaintenance.php(99): Illuminate\\Pipeline\\Pipeline->{closure:{closure:Illuminate\\Pipeline\\Pipeline::carry():158}:159}(Object(Illuminate\\Http\\Request))
#43 C:\\Users\\Nathan\\Documents\\Cours\\BUT_2\\Photos\\vendor\\laravel\\framework\\src\\Illuminate\\Pipeline\\Pipeline.php(183): Illuminate\\Foundation\\Http\\Middleware\\PreventRequestsDuringMaintenance->handle(Object(Illuminate\\Http\\Request), Object(Closure))
#44 C:\\Users\\Nathan\\Documents\\Cours\\BUT_2\\Photos\\vendor\\laravel\\framework\\src\\Illuminate\\Http\\Middleware\\HandleCors.php(49): Illuminate\\Pipeline\\Pipeline->{closure:{closure:Illuminate\\Pipeline\\Pipeline::carry():158}:159}(Object(Illuminate\\Http\\Request))
#45 C:\\Users\\Nathan\\Documents\\Cours\\BUT_2\\Photos\\vendor\\laravel\\framework\\src\\Illuminate\\Pipeline\\Pipeline.php(183): Illuminate\\Http\\Middleware\\HandleCors->handle(Object(Illuminate\\Http\\Request), Object(Closure))
#46 C:\\Users\\Nathan\\Documents\\Cours\\BUT_2\\Photos\\vendor\\laravel\\framework\\src\\Illuminate\\Http\\Middleware\\TrustProxies.php(39): Illuminate\\Pipeline\\Pipeline->{closure:{closure:Illuminate\\Pipeline\\Pipeline::carry():158}:159}(Object(Illuminate\\Http\\Request))
#47 C:\\Users\\Nathan\\Documents\\Cours\\BUT_2\\Photos\\vendor\\laravel\\framework\\src\\Illuminate\\Pipeline\\Pipeline.php(183): Illuminate\\Http\\Middleware\\TrustProxies->handle(Object(Illuminate\\Http\\Request), Object(Closure))
#48 C:\\Users\\Nathan\\Documents\\Cours\\BUT_2\\Photos\\vendor\\laravel\\framework\\src\\Illuminate\\Pipeline\\Pipeline.php(119): Illuminate\\Pipeline\\Pipeline->{closure:{closure:Illuminate\\Pipeline\\Pipeline::carry():158}:159}(Object(Illuminate\\Http\\Request))
#49 C:\\Users\\Nathan\\Documents\\Cours\\BUT_2\\Photos\\vendor\\laravel\\framework\\src\\Illuminate\\Foundation\\Http\\Kernel.php(175): Illuminate\\Pipeline\\Pipeline->then(Object(Closure))
#50 C:\\Users\\Nathan\\Documents\\Cours\\BUT_2\\Photos\\vendor\\laravel\\framework\\src\\Illuminate\\Foundation\\Http\\Kernel.php(144): Illuminate\\Foundation\\Http\\Kernel->sendRequestThroughRouter(Object(Illuminate\\Http\\Request))
#51 C:\\Users\\Nathan\\Documents\\Cours\\BUT_2\\Photos\\public\\index.php(51): Illuminate\\Foundation\\Http\\Kernel->handle(Object(Illuminate\\Http\\Request))
#52 C:\\Users\\Nathan\\Documents\\Cours\\BUT_2\\Photos\\vendor\\laravel\\framework\\src\\Illuminate\\Foundation\\resources\\server.php(16): require_once('C:\\\\Users\\\\Nathan...')
#53 {main}

[previous exception] [object] (PDOException(code: 2002): SQLSTATE[HY000] [2002] Aucune connexion n’a pu être établie car l’ordinateur cible l’a expressément refusée at C:\\Users\\Nathan\\Documents\\Cours\\BUT_2\\Photos\\vendor\\laravel\\framework\\src\\Illuminate\\Database\\Connectors\\Connector.php:65)
[stacktrace]
#0 C:\\Users\\Nathan\\Documents\\Cours\\BUT_2\\Photos\\vendor\\laravel\\framework\\src\\Illuminate\\Database\\Connectors\\Connector.php(65): PDO->__construct('mysql:host=127....', 'root', Object(SensitiveParameterValue), Array)
#1 C:\\Users\\Nathan\\Documents\\Cours\\BUT_2\\Photos\\vendor\\laravel\\framework\\src\\Illuminate\\Database\\Connectors\\Connector.php(44): Illuminate\\Database\\Connectors\\Connector->createPdoConnection('mysql:host=127....', 'root', '', Array)
#2 C:\\Users\\Nathan\\Documents\\Cours\\BUT_2\\Photos\\vendor\\laravel\\framework\\src\\Illuminate\\Database\\Connectors\\MySqlConnector.php(24): Illuminate\\Database\\Connectors\\Connector->createConnection('mysql:host=127....', Array, Array)
#3 C:\\Users\\Nathan\\Documents\\Cours\\BUT_2\\Photos\\vendor\\laravel\\framework\\src\\Illuminate\\Database\\Connectors\\ConnectionFactory.php(184): Illuminate\\Database\\Connectors\\MySqlConnector->connect(Array)
#4 [internal function]: Illuminate\\Database\\Connectors\\ConnectionFactory->{closure:Illuminate\\Database\\Connectors\\ConnectionFactory::createPdoResolverWithHosts():179}()
#5 C:\\Users\\Nathan\\Documents\\Cours\\BUT_2\\Photos\\vendor\\laravel\\framework\\src\\Illuminate\\Database\\Connection.php(1339): call_user_func(Object(Closure))
#6 C:\\Users\\Nathan\\Documents\\Cours\\BUT_2\\Photos\\vendor\\laravel\\framework\\src\\Illuminate\\Database\\Connection.php(1375): Illuminate\\Database\\Connection->getPdo()
#7 C:\\Users\\Nathan\\Documents\\Cours\\BUT_2\\Photos\\vendor\\laravel\\framework\\src\\Illuminate\\Database\\Connection.php(528): Illuminate\\Database\\Connection->getReadPdo()
#8 C:\\Users\\Nathan\\Documents\\Cours\\BUT_2\\Photos\\vendor\\laravel\\framework\\src\\Illuminate\\Database\\Connection.php(423): Illuminate\\Database\\Connection->getPdoForSelect(true)
#9 C:\\Users\\Nathan\\Documents\\Cours\\BUT_2\\Photos\\vendor\\laravel\\framework\\src\\Illuminate\\Database\\Connection.php(816): Illuminate\\Database\\Connection->{closure:Illuminate\\Database\\Connection::select():414}('select * from `...', Array)
#10 C:\\Users\\Nathan\\Documents\\Cours\\BUT_2\\Photos\\vendor\\laravel\\framework\\src\\Illuminate\\Database\\Connection.php(783): Illuminate\\Database\\Connection->runQueryCallback('select * from `...', Array, Object(Closure))
#11 C:\\Users\\Nathan\\Documents\\Cours\\BUT_2\\Photos\\vendor\\laravel\\framework\\src\\Illuminate\\Database\\Connection.php(414): Illuminate\\Database\\Connection->run('select * from `...', Array, Object(Closure))
#12 C:\\Users\\Nathan\\Documents\\Cours\\BUT_2\\Photos\\vendor\\laravel\\framework\\src\\Illuminate\\Database\\Query\\Builder.php(2913): Illuminate\\Database\\Connection->select('select * from `...', Array, true)
#13 C:\\Users\\Nathan\\Documents\\Cours\\BUT_2\\Photos\\vendor\\laravel\\framework\\src\\Illuminate\\Database\\Query\\Builder.php(2902): Illuminate\\Database\\Query\\Builder->runSelect()
#14 C:\\Users\\Nathan\\Documents\\Cours\\BUT_2\\Photos\\vendor\\laravel\\framework\\src\\Illuminate\\Database\\Query\\Builder.php(3456): Illuminate\\Database\\Query\\Builder->{closure:Illuminate\\Database\\Query\\Builder::get():2901}()
#15 C:\\Users\\Nathan\\Documents\\Cours\\BUT_2\\Photos\\vendor\\laravel\\framework\\src\\Illuminate\\Database\\Query\\Builder.php(2901): Illuminate\\Database\\Query\\Builder->onceWithColumns(Array, Object(Closure))
#16 C:\\Users\\Nathan\\Documents\\Cours\\BUT_2\\Photos\\vendor\\laravel\\framework\\src\\Illuminate\\Database\\Eloquent\\Builder.php(739): Illuminate\\Database\\Query\\Builder->get(Array)
#17 C:\\Users\\Nathan\\Documents\\Cours\\BUT_2\\Photos\\vendor\\laravel\\framework\\src\\Illuminate\\Database\\Eloquent\\Builder.php(723): Illuminate\\Database\\Eloquent\\Builder->getModels(Array)
#18 C:\\Users\\Nathan\\Documents\\Cours\\BUT_2\\Photos\\routes\\web.php(21): Illuminate\\Database\\Eloquent\\Builder->get()
#19 C:\\Users\\Nathan\\Documents\\Cours\\BUT_2\\Photos\\vendor\\laravel\\framework\\src\\Illuminate\\Routing\\CallableDispatcher.php(40): Illuminate\\Routing\\RouteFileRegistrar->{closure:C:\\Users\\Nathan\\Documents\\Cours\\BUT_2\\Photos\\routes\\web.php:20}()
#20 C:\\Users\\Nathan\\Documents\\Cours\\BUT_2\\Photos\\vendor\\laravel\\framework\\src\\Illuminate\\Routing\\Route.php(237): Illuminate\\Routing\\CallableDispatcher->dispatch(Object(Illuminate\\Routing\\Route), Object(Closure))
#21 C:\\Users\\Nathan\\Documents\\Cours\\BUT_2\\Photos\\vendor\\laravel\\framework\\src\\Illuminate\\Routing\\Route.php(208): Illuminate\\Routing\\Route->runCallable()
#22 C:\\Users\\Nathan\\Documents\\Cours\\BUT_2\\Photos\\vendor\\laravel\\framework\\src\\Illuminate\\Routing\\Router.php(806): Illuminate\\Routing\\Route->run()
#23 C:\\Users\\Nathan\\Documents\\Cours\\BUT_2\\Photos\\vendor\\laravel\\framework\\src\\Illuminate\\Pipeline\\Pipeline.php(144): Illuminate\\Routing\\Router->{closure:Illuminate\\Routing\\Router::runRouteWithinStack():805}(Object(Illuminate\\Http\\Request))
#24 C:\\Users\\Nathan\\Documents\\Cours\\BUT_2\\Photos\\vendor\\laravel\\framework\\src\\Illuminate\\Routing\\Middleware\\SubstituteBindings.php(50): Illuminate\\Pipeline\\Pipeline->{closure:Illuminate\\Pipeline\\Pipeline::prepareDestination():142}(Object(Illuminate\\Http\\Request))
#25 C:\\Users\\Nathan\\Documents\\Cours\\BUT_2\\Photos\\vendor\\laravel\\framework\\src\\Illuminate\\Pipeline\\Pipeline.php(183): Illuminate\\Routing\\Middleware\\SubstituteBindings->handle(Object(Illuminate\\Http\\Request), Object(Closure))
#26 C:\\Users\\Nathan\\Documents\\Cours\\BUT_2\\Photos\\vendor\\laravel\\framework\\src\\Illuminate\\Foundation\\Http\\Middleware\\VerifyCsrfToken.php(78): Illuminate\\Pipeline\\Pipeline->{closure:{closure:Illuminate\\Pipeline\\Pipeline::carry():158}:159}(Object(Illuminate\\Http\\Request))
#27 C:\\Users\\Nathan\\Documents\\Cours\\BUT_2\\Photos\\vendor\\laravel\\framework\\src\\Illuminate\\Pipeline\\Pipeline.php(183): Illuminate\\Foundation\\Http\\Middleware\\VerifyCsrfToken->handle(Object(Illuminate\\Http\\Request), Object(Closure))
#28 C:\\Users\\Nathan\\Documents\\Cours\\BUT_2\\Photos\\vendor\\laravel\\framework\\src\\Illuminate\\View\\Middleware\\ShareErrorsFromSession.php(49): Illuminate\\Pipeline\\Pipeline->{closure:{closure:Illuminate\\Pipeline\\Pipeline::carry():158}:159}(Object(Illuminate\\Http\\Request))
#29 C:\\Users\\Nathan\\Documents\\Cours\\BUT_2\\Photos\\vendor\\laravel\\framework\\src\\Illuminate\\Pipeline\\Pipeline.php(183): Illuminate\\View\\Middleware\\ShareErrorsFromSession->handle(Object(Illuminate\\Http\\Request), Object(Closure))
#30 C:\\Users\\Nathan\\Documents\\Cours\\BUT_2\\Photos\\vendor\\laravel\\framework\\src\\Illuminate\\Session\\Middleware\\StartSession.php(121): Illuminate\\Pipeline\\Pipeline->{closure:{closure:Illuminate\\Pipeline\\Pipeline::carry():158}:159}(Object(Illuminate\\Http\\Request))
#31 C:\\Users\\Nathan\\Documents\\Cours\\BUT_2\\Photos\\vendor\\laravel\\framework\\src\\Illuminate\\Session\\Middleware\\StartSession.php(64): Illuminate\\Session\\Middleware\\StartSession->handleStatefulRequest(Object(Illuminate\\Http\\Request), Object(Illuminate\\Session\\Store), Object(Closure))
#32 C:\\Users\\Nathan\\Documents\\Cours\\BUT_2\\Photos\\vendor\\laravel\\framework\\src\\Illuminate\\Pipeline\\Pipeline.php(183): Illuminate\\Session\\Middleware\\StartSession->handle(Object(Illuminate\\Http\\Request), Object(Closure))
#33 C:\\Users\\Nathan\\Documents\\Cours\\BUT_2\\Photos\\vendor\\laravel\\framework\\src\\Illuminate\\Cookie\\Middleware\\AddQueuedCookiesToResponse.php(37): Illuminate\\Pipeline\\Pipeline->{closure:{closure:Illuminate\\Pipeline\\Pipeline::carry():158}:159}(Object(Illuminate\\Http\\Request))
#34 C:\\Users\\Nathan\\Documents\\Cours\\BUT_2\\Photos\\vendor\\laravel\\framework\\src\\Illuminate\\Pipeline\\Pipeline.php(183): Illuminate\\Cookie\\Middleware\\AddQueuedCookiesToResponse->handle(Object(Illuminate\\Http\\Request), Object(Closure))
#35 C:\\Users\\Nathan\\Documents\\Cours\\BUT_2\\Photos\\vendor\\laravel\\framework\\src\\Illuminate\\Cookie\\Middleware\\EncryptCookies.php(67): Illuminate\\Pipeline\\Pipeline->{closure:{closure:Illuminate\\Pipeline\\Pipeline::carry():158}:159}(Object(Illuminate\\Http\\Request))
#36 C:\\Users\\Nathan\\Documents\\Cours\\BUT_2\\Photos\\vendor\\laravel\\framework\\src\\Illuminate\\Pipeline\\Pipeline.php(183): Illuminate\\Cookie\\Middleware\\EncryptCookies->handle(Object(Illuminate\\Http\\Request), Object(Closure))
#37 C:\\Users\\Nathan\\Documents\\Cours\\BUT_2\\Photos\\vendor\\laravel\\framework\\src\\Illuminate\\Pipeline\\Pipeline.php(119): Illuminate\\Pipeline\\Pipeline->{closure:{closure:Illuminate\\Pipeline\\Pipeline::carry():158}:159}(Object(Illuminate\\Http\\Request))
#38 C:\\Users\\Nathan\\Documents\\Cours\\BUT_2\\Photos\\vendor\\laravel\\framework\\src\\Illuminate\\Routing\\Router.php(805): Illuminate\\Pipeline\\Pipeline->then(Object(Closure))
#39 C:\\Users\\Nathan\\Documents\\Cours\\BUT_2\\Photos\\vendor\\laravel\\framework\\src\\Illuminate\\Routing\\Router.php(784): Illuminate\\Routing\\Router->runRouteWithinStack(Object(Illuminate\\Routing\\Route), Object(Illuminate\\Http\\Request))
#40 C:\\Users\\Nathan\\Documents\\Cours\\BUT_2\\Photos\\vendor\\laravel\\framework\\src\\Illuminate\\Routing\\Router.php(748): Illuminate\\Routing\\Router->runRoute(Object(Illuminate\\Http\\Request), Object(Illuminate\\Routing\\Route))
#41 C:\\Users\\Nathan\\Documents\\Cours\\BUT_2\\Photos\\vendor\\laravel\\framework\\src\\Illuminate\\Routing\\Router.php(737): Illuminate\\Routing\\Router->dispatchToRoute(Object(Illuminate\\Http\\Request))
#42 C:\\Users\\Nathan\\Documents\\Cours\\BUT_2\\Photos\\vendor\\laravel\\framework\\src\\Illuminate\\Foundation\\Http\\Kernel.php(200): Illuminate\\Routing\\Router->dispatch(Object(Illuminate\\Http\\Request))
#43 C:\\Users\\Nathan\\Documents\\Cours\\BUT_2\\Photos\\vendor\\laravel\\framework\\src\\Illuminate\\Pipeline\\Pipeline.php(144): Illuminate\\Foundation\\Http\\Kernel->{closure:Illuminate\\Foundation\\Http\\Kernel::dispatchToRouter():197}(Object(Illuminate\\Http\\Request))
#44 C:\\Users\\Nathan\\Documents\\Cours\\BUT_2\\Photos\\vendor\\laravel\\framework\\src\\Illuminate\\Foundation\\Http\\Middleware\\TransformsRequest.php(21): Illuminate\\Pipeline\\Pipeline->{closure:Illuminate\\Pipeline\\Pipeline::prepareDestination():142}(Object(Illuminate\\Http\\Request))
#45 C:\\Users\\Nathan\\Documents\\Cours\\BUT_2\\Photos\\vendor\\laravel\\framework\\src\\Illuminate\\Foundation\\Http\\Middleware\\ConvertEmptyStringsToNull.php(31): Illuminate\\Foundation\\Http\\Middleware\\TransformsRequest->handle(Object(Illuminate\\Http\\Request), Object(Closure))
#46 C:\\Users\\Nathan\\Documents\\Cours\\BUT_2\\Photos\\vendor\\laravel\\framework\\src\\Illuminate\\Pipeline\\Pipeline.php(183): Illuminate\\Foundation\\Http\\Middleware\\ConvertEmptyStringsToNull->handle(Object(Illuminate\\Http\\Request), Object(Closure))
#47 C:\\Users\\Nathan\\Documents\\Cours\\BUT_2\\Photos\\vendor\\laravel\\framework\\src\\Illuminate\\Foundation\\Http\\Middleware\\TransformsRequest.php(21): Illuminate\\Pipeline\\Pipeline->{closure:{closure:Illuminate\\Pipeline\\Pipeline::carry():158}:159}(Object(Illuminate\\Http\\Request))
#48 C:\\Users\\Nathan\\Documents\\Cours\\BUT_2\\Photos\\vendor\\laravel\\framework\\src\\Illuminate\\Foundation\\Http\\Middleware\\TrimStrings.php(40): Illuminate\\Foundation\\Http\\Middleware\\TransformsRequest->handle(Object(Illuminate\\Http\\Request), Object(Closure))
#49 C:\\Users\\Nathan\\Documents\\Cours\\BUT_2\\Photos\\vendor\\laravel\\framework\\src\\Illuminate\\Pipeline\\Pipeline.php(183): Illuminate\\Foundation\\Http\\Middleware\\TrimStrings->handle(Object(Illuminate\\Http\\Request), Object(Closure))
#50 C:\\Users\\Nathan\\Documents\\Cours\\BUT_2\\Photos\\vendor\\laravel\\framework\\src\\Illuminate\\Foundation\\Http\\Middleware\\ValidatePostSize.php(27): Illuminate\\Pipeline\\Pipeline->{closure:{closure:Illuminate\\Pipeline\\Pipeline::carry():158}:159}(Object(Illuminate\\Http\\Request))
#51 C:\\Users\\Nathan\\Documents\\Cours\\BUT_2\\Photos\\vendor\\laravel\\framework\\src\\Illuminate\\Pipeline\\Pipeline.php(183): Illuminate\\Foundation\\Http\\Middleware\\ValidatePostSize->handle(Object(Illuminate\\Http\\Request), Object(Closure))
#52 C:\\Users\\Nathan\\Documents\\Cours\\BUT_2\\Photos\\vendor\\laravel\\framework\\src\\Illuminate\\Foundation\\Http\\Middleware\\PreventRequestsDuringMaintenance.php(99): Illuminate\\Pipeline\\Pipeline->{closure:{closure:Illuminate\\Pipeline\\Pipeline::carry():158}:159}(Object(Illuminate\\Http\\Request))
#53 C:\\Users\\Nathan\\Documents\\Cours\\BUT_2\\Photos\\vendor\\laravel\\framework\\src\\Illuminate\\Pipeline\\Pipeline.php(183): Illuminate\\Foundation\\Http\\Middleware\\PreventRequestsDuringMaintenance->handle(Object(Illuminate\\Http\\Request), Object(Closure))
#54 C:\\Users\\Nathan\\Documents\\Cours\\BUT_2\\Photos\\vendor\\laravel\\framework\\src\\Illuminate\\Http\\Middleware\\HandleCors.php(49): Illuminate\\Pipeline\\Pipeline->{closure:{closure:Illuminate\\Pipeline\\Pipeline::carry():158}:159}(Object(Illuminate\\Http\\Request))
#55 C:\\Users\\Nathan\\Documents\\Cours\\BUT_2\\Photos\\vendor\\laravel\\framework\\src\\Illuminate\\Pipeline\\Pipeline.php(183): Illuminate\\Http\\Middleware\\HandleCors->handle(Object(Illuminate\\Http\\Request), Object(Closure))
#56 C:\\Users\\Nathan\\Documents\\Cours\\BUT_2\\Photos\\vendor\\laravel\\framework\\src\\Illuminate\\Http\\Middleware\\TrustProxies.php(39): Illuminate\\Pipeline\\Pipeline->{closure:{closure:Illuminate\\Pipeline\\Pipeline::carry():158}:159}(Object(Illuminate\\Http\\Request))
#57 C:\\Users\\Nathan\\Documents\\Cours\\BUT_2\\Photos\\vendor\\laravel\\framework\\src\\Illuminate\\Pipeline\\Pipeline.php(183): Illuminate\\Http\\Middleware\\TrustProxies->handle(Object(Illuminate\\Http\\Request), Object(Closure))
#58 C:\\Users\\Nathan\\Documents\\Cours\\BUT_2\\Photos\\vendor\\laravel\\framework\\src\\Illuminate\\Pipeline\\Pipeline.php(119): Illuminate\\Pipeline\\Pipeline->{closure:{closure:Illuminate\\Pipeline\\Pipeline::carry():158}:159}(Object(Illuminate\\Http\\Request))
#59 C:\\Users\\Nathan\\Documents\\Cours\\BUT_2\\Photos\\vendor\\laravel\\framework\\src\\Illuminate\\Foundation\\Http\\Kernel.php(175): Illuminate\\Pipeline\\Pipeline->then(Object(Closure))
#60 C:\\Users\\Nathan\\Documents\\Cours\\BUT_2\\Photos\\vendor\\laravel\\framework\\src\\Illuminate\\Foundation\\Http\\Kernel.php(144): Illuminate\\Foundation\\Http\\Kernel->sendRequestThroughRouter(Object(Illuminate\\Http\\Request))
#61 C:\\Users\\Nathan\\Documents\\Cours\\BUT_2\\Photos\\public\\index.php(51): Illuminate\\Foundation\\Http\\Kernel->handle(Object(Illuminate\\Http\\Request))
#62 C:\\Users\\Nathan\\Documents\\Cours\\BUT_2\\Photos\\vendor\\laravel\\framework\\src\\Illuminate\\Foundation\\resources\\server.php(16): require_once('C:\\\\Users\\\\Nathan...')
#63 {main}
"} 
[2025-11-25 09:16:39] local.ERROR: SQLSTATE[HY000] [2002] Aucune connexion n’a pu être établie car l’ordinateur cible l’a expressément refusée (Connection: mysql, SQL: select * from `albums` order by `id` desc) {"exception":"[object] (Illuminate\\Database\\QueryException(code: 2002): SQLSTATE[HY000] [2002] Aucune connexion n’a pu être établie car l’ordinateur cible l’a expressément refusée (Connection: mysql, SQL: select * from `albums` order by `id` desc) at C:\\Users\\Nathan\\Documents\\Cours\\BUT_2\\Photos\\vendor\\laravel\\framework\\src\\Illuminate\\Database\\Connection.php:829)
[stacktrace]
#0 C:\\Users\\Nathan\\Documents\\Cours\\BUT_2\\Photos\\vendor\\laravel\\framework\\src\\Illuminate\\Database\\Connection.php(783): Illuminate\\Database\\Connection->runQueryCallback('select * from `...', Array, Object(Closure))
#1 C:\\Users\\Nathan\\Documents\\Cours\\BUT_2\\Photos\\vendor\\laravel\\framework\\src\\Illuminate\\Database\\Connection.php(414): Illuminate\\Database\\Connection->run('select * from `...', Array, Object(Closure))
#2 C:\\Users\\Nathan\\Documents\\Cours\\BUT_2\\Photos\\vendor\\laravel\\framework\\src\\Illuminate\\Database\\Query\\Builder.php(2913): Illuminate\\Database\\Connection->select('select * from `...', Array, true)
#3 C:\\Users\\Nathan\\Documents\\Cours\\BUT_2\\Photos\\vendor\\laravel\\framework\\src\\Illuminate\\Database\\Query\\Builder.php(2902): Illuminate\\Database\\Query\\Builder->runSelect()
#4 C:\\Users\\Nathan\\Documents\\Cours\\BUT_2\\Photos\\vendor\\laravel\\framework\\src\\Illuminate\\Database\\Query\\Builder.php(3456): Illuminate\\Database\\Query\\Builder->{closure:Illuminate\\Database\\Query\\Builder::get():2901}()
#5 C:\\Users\\Nathan\\Documents\\Cours\\BUT_2\\Photos\\vendor\\laravel\\framework\\src\\Illuminate\\Database\\Query\\Builder.php(2901): Illuminate\\Database\\Query\\Builder->onceWithColumns(Array, Object(Closure))
#6 C:\\Users\\Nathan\\Documents\\Cours\\BUT_2\\Photos\\vendor\\laravel\\framework\\src\\Illuminate\\Database\\Eloquent\\Builder.php(739): Illuminate\\Database\\Query\\Builder->get(Array)
#7 C:\\Users\\Nathan\\Documents\\Cours\\BUT_2\\Photos\\vendor\\laravel\\framework\\src\\Illuminate\\Database\\Eloquent\\Builder.php(723): Illuminate\\Database\\Eloquent\\Builder->getModels(Array)
#8 C:\\Users\\Nathan\\Documents\\Cours\\BUT_2\\Photos\\routes\\web.php(23): Illuminate\\Database\\Eloquent\\Builder->get()
#9 C:\\Users\\Nathan\\Documents\\Cours\\BUT_2\\Photos\\vendor\\laravel\\framework\\src\\Illuminate\\Routing\\CallableDispatcher.php(40): Illuminate\\Routing\\RouteFileRegistrar->{closure:C:\\Users\\Nathan\\Documents\\Cours\\BUT_2\\Photos\\routes\\web.php:21}()
#10 C:\\Users\\Nathan\\Documents\\Cours\\BUT_2\\Photos\\vendor\\laravel\\framework\\src\\Illuminate\\Routing\\Route.php(237): Illuminate\\Routing\\CallableDispatcher->dispatch(Object(Illuminate\\Routing\\Route), Object(Closure))
#11 C:\\Users\\Nathan\\Documents\\Cours\\BUT_2\\Photos\\vendor\\laravel\\framework\\src\\Illuminate\\Routing\\Route.php(208): Illuminate\\Routing\\Route->runCallable()
#12 C:\\Users\\Nathan\\Documents\\Cours\\BUT_2\\Photos\\vendor\\laravel\\framework\\src\\Illuminate\\Routing\\Router.php(806): Illuminate\\Routing\\Route->run()
#13 C:\\Users\\Nathan\\Documents\\Cours\\BUT_2\\Photos\\vendor\\laravel\\framework\\src\\Illuminate\\Pipeline\\Pipeline.php(144): Illuminate\\Routing\\Router->{closure:Illuminate\\Routing\\Router::runRouteWithinStack():805}(Object(Illuminate\\Http\\Request))
#14 C:\\Users\\Nathan\\Documents\\Cours\\BUT_2\\Photos\\vendor\\laravel\\framework\\src\\Illuminate\\Routing\\Middleware\\SubstituteBindings.php(50): Illuminate\\Pipeline\\Pipeline->{closure:Illuminate\\Pipeline\\Pipeline::prepareDestination():142}(Object(Illuminate\\Http\\Request))
#15 C:\\Users\\Nathan\\Documents\\Cours\\BUT_2\\Photos\\vendor\\laravel\\framework\\src\\Illuminate\\Pipeline\\Pipeline.php(183): Illuminate\\Routing\\Middleware\\SubstituteBindings->handle(Object(Illuminate\\Http\\Request), Object(Closure))
#16 C:\\Users\\Nathan\\Documents\\Cours\\BUT_2\\Photos\\vendor\\laravel\\framework\\src\\Illuminate\\Foundation\\Http\\Middleware\\VerifyCsrfToken.php(78): Illuminate\\Pipeline\\Pipeline->{closure:{closure:Illuminate\\Pipeline\\Pipeline::carry():158}:159}(Object(Illuminate\\Http\\Request))
#17 C:\\Users\\Nathan\\Documents\\Cours\\BUT_2\\Photos\\vendor\\laravel\\framework\\src\\Illuminate\\Pipeline\\Pipeline.php(183): Illuminate\\Foundation\\Http\\Middleware\\VerifyCsrfToken->handle(Object(Illuminate\\Http\\Request), Object(Closure))
#18 C:\\Users\\Nathan\\Documents\\Cours\\BUT_2\\Photos\\vendor\\laravel\\framework\\src\\Illuminate\\View\\Middleware\\ShareErrorsFromSession.php(49): Illuminate\\Pipeline\\Pipeline->{closure:{closure:Illuminate\\Pipeline\\Pipeline::carry():158}:159}(Object(Illuminate\\Http\\Request))
#19 C:\\Users\\Nathan\\Documents\\Cours\\BUT_2\\Photos\\vendor\\laravel\\framework\\src\\Illuminate\\Pipeline\\Pipeline.php(183): Illuminate\\View\\Middleware\\ShareErrorsFromSession->handle(Object(Illuminate\\Http\\Request), Object(Closure))
#20 C:\\Users\\Nathan\\Documents\\Cours\\BUT_2\\Photos\\vendor\\laravel\\framework\\src\\Illuminate\\Session\\Middleware\\StartSession.php(121): Illuminate\\Pipeline\\Pipeline->{closure:{closure:Illuminate\\Pipeline\\Pipeline::carry():158}:159}(Object(Illuminate\\Http\\Request))
#21 C:\\Users\\Nathan\\Documents\\Cours\\BUT_2\\Photos\\vendor\\laravel\\framework\\src\\Illuminate\\Session\\Middleware\\StartSession.php(64): Illuminate\\Session\\Middleware\\StartSession->handleStatefulRequest(Object(Illuminate\\Http\\Request), Object(Illuminate\\Session\\Store), Object(Closure))
#22 C:\\Users\\Nathan\\Documents\\Cours\\BUT_2\\Photos\\vendor\\laravel\\framework\\src\\Illuminate\\Pipeline\\Pipeline.php(183): Illuminate\\Session\\Middleware\\StartSession->handle(Object(Illuminate\\Http\\Request), Object(Closure))
#23 C:\\Users\\Nathan\\Documents\\Cours\\BUT_2\\Photos\\vendor\\laravel\\framework\\src\\Illuminate\\Cookie\\Middleware\\AddQueuedCookiesToResponse.php(37): Illuminate\\Pipeline\\Pipeline->{closure:{closure:Illuminate\\Pipeline\\Pipeline::carry():158}:159}(Object(Illuminate\\Http\\Request))
#24 C:\\Users\\Nathan\\Documents\\Cours\\BUT_2\\Photos\\vendor\\laravel\\framework\\src\\Illuminate\\Pipeline\\Pipeline.php(183): Illuminate\\Cookie\\Middleware\\AddQueuedCookiesToResponse->handle(Object(Illuminate\\Http\\Request), Object(Closure))
#25 C:\\Users\\Nathan\\Documents\\Cours\\BUT_2\\Photos\\vendor\\laravel\\framework\\src\\Illuminate\\Cookie\\Middleware\\EncryptCookies.php(67): Illuminate\\Pipeline\\Pipeline->{closure:{closure:Illuminate\\Pipeline\\Pipeline::carry():158}:159}(Object(Illuminate\\Http\\Request))
#26 C:\\Users\\Nathan\\Documents\\Cours\\BUT_2\\Photos\\vendor\\laravel\\framework\\src\\Illuminate\\Pipeline\\Pipeline.php(183): Illuminate\\Cookie\\Middleware\\EncryptCookies->handle(Object(Illuminate\\Http\\Request), Object(Closure))
#27 C:\\Users\\Nathan\\Documents\\Cours\\BUT_2\\Photos\\vendor\\laravel\\framework\\src\\Illuminate\\Pipeline\\Pipeline.php(119): Illuminate\\Pipeline\\Pipeline->{closure:{closure:Illuminate\\Pipeline\\Pipeline::carry():158}:159}(Object(Illuminate\\Http\\Request))
#28 C:\\Users\\Nathan\\Documents\\Cours\\BUT_2\\Photos\\vendor\\laravel\\framework\\src\\Illuminate\\Routing\\Router.php(805): Illuminate\\Pipeline\\Pipeline->then(Object(Closure))
#29 C:\\Users\\Nathan\\Documents\\Cours\\BUT_2\\Photos\\vendor\\laravel\\framework\\src\\Illuminate\\Routing\\Router.php(784): Illuminate\\Routing\\Router->runRouteWithinStack(Object(Illuminate\\Routing\\Route), Object(Illuminate\\Http\\Request))
#30 C:\\Users\\Nathan\\Documents\\Cours\\BUT_2\\Photos\\vendor\\laravel\\framework\\src\\Illuminate\\Routing\\Router.php(748): Illuminate\\Routing\\Router->runRoute(Object(Illuminate\\Http\\Request), Object(Illuminate\\Routing\\Route))
#31 C:\\Users\\Nathan\\Documents\\Cours\\BUT_2\\Photos\\vendor\\laravel\\framework\\src\\Illuminate\\Routing\\Router.php(737): Illuminate\\Routing\\Router->dispatchToRoute(Object(Illuminate\\Http\\Request))
#32 C:\\Users\\Nathan\\Documents\\Cours\\BUT_2\\Photos\\vendor\\laravel\\framework\\src\\Illuminate\\Foundation\\Http\\Kernel.php(200): Illuminate\\Routing\\Router->dispatch(Object(Illuminate\\Http\\Request))
#33 C:\\Users\\Nathan\\Documents\\Cours\\BUT_2\\Photos\\vendor\\laravel\\framework\\src\\Illuminate\\Pipeline\\Pipeline.php(144): Illuminate\\Foundation\\Http\\Kernel->{closure:Illuminate\\Foundation\\Http\\Kernel::dispatchToRouter():197}(Object(Illuminate\\Http\\Request))
#34 C:\\Users\\Nathan\\Documents\\Cours\\BUT_2\\Photos\\vendor\\laravel\\framework\\src\\Illuminate\\Foundation\\Http\\Middleware\\TransformsRequest.php(21): Illuminate\\Pipeline\\Pipeline->{closure:Illuminate\\Pipeline\\Pipeline::prepareDestination():142}(Object(Illuminate\\Http\\Request))
#35 C:\\Users\\Nathan\\Documents\\Cours\\BUT_2\\Photos\\vendor\\laravel\\framework\\src\\Illuminate\\Foundation\\Http\\Middleware\\ConvertEmptyStringsToNull.php(31): Illuminate\\Foundation\\Http\\Middleware\\TransformsRequest->handle(Object(Illuminate\\Http\\Request), Object(Closure))
#36 C:\\Users\\Nathan\\Documents\\Cours\\BUT_2\\Photos\\vendor\\laravel\\framework\\src\\Illuminate\\Pipeline\\Pipeline.php(183): Illuminate\\Foundation\\Http\\Middleware\\ConvertEmptyStringsToNull->handle(Object(Illuminate\\Http\\Request), Object(Closure))
#37 C:\\Users\\Nathan\\Documents\\Cours\\BUT_2\\Photos\\vendor\\laravel\\framework\\src\\Illuminate\\Foundation\\Http\\Middleware\\TransformsRequest.php(21): Illuminate\\Pipeline\\Pipeline->{closure:{closure:Illuminate\\Pipeline\\Pipeline::carry():158}:159}(Object(Illuminate\\Http\\Request))
#38 C:\\Users\\Nathan\\Documents\\Cours\\BUT_2\\Photos\\vendor\\laravel\\framework\\src\\Illuminate\\Foundation\\Http\\Middleware\\TrimStrings.php(40): Illuminate\\Foundation\\Http\\Middleware\\TransformsRequest->handle(Object(Illuminate\\Http\\Request), Object(Closure))
#39 C:\\Users\\Nathan\\Documents\\Cours\\BUT_2\\Photos\\vendor\\laravel\\framework\\src\\Illuminate\\Pipeline\\Pipeline.php(183): Illuminate\\Foundation\\Http\\Middleware\\TrimStrings->handle(Object(Illuminate\\Http\\Request), Object(Closure))
#40 C:\\Users\\Nathan\\Documents\\Cours\\BUT_2\\Photos\\vendor\\laravel\\framework\\src\\Illuminate\\Foundation\\Http\\Middleware\\ValidatePostSize.php(27): Illuminate\\Pipeline\\Pipeline->{closure:{closure:Illuminate\\Pipeline\\Pipeline::carry():158}:159}(Object(Illuminate\\Http\\Request))
#41 C:\\Users\\Nathan\\Documents\\Cours\\BUT_2\\Photos\\vendor\\laravel\\framework\\src\\Illuminate\\Pipeline\\Pipeline.php(183): Illuminate\\Foundation\\Http\\Middleware\\ValidatePostSize->handle(Object(Illuminate\\Http\\Request), Object(Closure))
#42 C:\\Users\\Nathan\\Documents\\Cours\\BUT_2\\Photos\\vendor\\laravel\\framework\\src\\Illuminate\\Foundation\\Http\\Middleware\\PreventRequestsDuringMaintenance.php(99): Illuminate\\Pipeline\\Pipeline->{closure:{closure:Illuminate\\Pipeline\\Pipeline::carry():158}:159}(Object(Illuminate\\Http\\Request))
#43 C:\\Users\\Nathan\\Documents\\Cours\\BUT_2\\Photos\\vendor\\laravel\\framework\\src\\Illuminate\\Pipeline\\Pipeline.php(183): Illuminate\\Foundation\\Http\\Middleware\\PreventRequestsDuringMaintenance->handle(Object(Illuminate\\Http\\Request), Object(Closure))
#44 C:\\Users\\Nathan\\Documents\\Cours\\BUT_2\\Photos\\vendor\\laravel\\framework\\src\\Illuminate\\Http\\Middleware\\HandleCors.php(49): Illuminate\\Pipeline\\Pipeline->{closure:{closure:Illuminate\\Pipeline\\Pipeline::carry():158}:159}(Object(Illuminate\\Http\\Request))
#45 C:\\Users\\Nathan\\Documents\\Cours\\BUT_2\\Photos\\vendor\\laravel\\framework\\src\\Illuminate\\Pipeline\\Pipeline.php(183): Illuminate\\Http\\Middleware\\HandleCors->handle(Object(Illuminate\\Http\\Request), Object(Closure))
#46 C:\\Users\\Nathan\\Documents\\Cours\\BUT_2\\Photos\\vendor\\laravel\\framework\\src\\Illuminate\\Http\\Middleware\\TrustProxies.php(39): Illuminate\\Pipeline\\Pipeline->{closure:{closure:Illuminate\\Pipeline\\Pipeline::carry():158}:159}(Object(Illuminate\\Http\\Request))
#47 C:\\Users\\Nathan\\Documents\\Cours\\BUT_2\\Photos\\vendor\\laravel\\framework\\src\\Illuminate\\Pipeline\\Pipeline.php(183): Illuminate\\Http\\Middleware\\TrustProxies->handle(Object(Illuminate\\Http\\Request), Object(Closure))
#48 C:\\Users\\Nathan\\Documents\\Cours\\BUT_2\\Photos\\vendor\\laravel\\framework\\src\\Illuminate\\Pipeline\\Pipeline.php(119): Illuminate\\Pipeline\\Pipeline->{closure:{closure:Illuminate\\Pipeline\\Pipeline::carry():158}:159}(Object(Illuminate\\Http\\Request))
#49 C:\\Users\\Nathan\\Documents\\Cours\\BUT_2\\Photos\\vendor\\laravel\\framework\\src\\Illuminate\\Foundation\\Http\\Kernel.php(175): Illuminate\\Pipeline\\Pipeline->then(Object(Closure))
#50 C:\\Users\\Nathan\\Documents\\Cours\\BUT_2\\Photos\\vendor\\laravel\\framework\\src\\Illuminate\\Foundation\\Http\\Kernel.php(144): Illuminate\\Foundation\\Http\\Kernel->sendRequestThroughRouter(Object(Illuminate\\Http\\Request))
#51 C:\\Users\\Nathan\\Documents\\Cours\\BUT_2\\Photos\\public\\index.php(51): Illuminate\\Foundation\\Http\\Kernel->handle(Object(Illuminate\\Http\\Request))
#52 C:\\Users\\Nathan\\Documents\\Cours\\BUT_2\\Photos\\vendor\\laravel\\framework\\src\\Illuminate\\Foundation\\resources\\server.php(16): require_once('C:\\\\Users\\\\Nathan...')
#53 {main}

[previous exception] [object] (PDOException(code: 2002): SQLSTATE[HY000] [2002] Aucune connexion n’a pu être établie car l’ordinateur cible l’a expressément refusée at C:\\Users\\Nathan\\Documents\\Cours\\BUT_2\\Photos\\vendor\\laravel\\framework\\src\\Illuminate\\Database\\Connectors\\Connector.php:65)
[stacktrace]
#0 C:\\Users\\Nathan\\Documents\\Cours\\BUT_2\\Photos\\vendor\\laravel\\framework\\src\\Illuminate\\Database\\Connectors\\Connector.php(65): PDO->__construct('mysql:host=127....', 'root', Object(SensitiveParameterValue), Array)
#1 C:\\Users\\Nathan\\Documents\\Cours\\BUT_2\\Photos\\vendor\\laravel\\framework\\src\\Illuminate\\Database\\Connectors\\Connector.php(44): Illuminate\\Database\\Connectors\\Connector->createPdoConnection('mysql:host=127....', 'root', '', Array)
#2 C:\\Users\\Nathan\\Documents\\Cours\\BUT_2\\Photos\\vendor\\laravel\\framework\\src\\Illuminate\\Database\\Connectors\\MySqlConnector.php(24): Illuminate\\Database\\Connectors\\Connector->createConnection('mysql:host=127....', Array, Array)
#3 C:\\Users\\Nathan\\Documents\\Cours\\BUT_2\\Photos\\vendor\\laravel\\framework\\src\\Illuminate\\Database\\Connectors\\ConnectionFactory.php(184): Illuminate\\Database\\Connectors\\MySqlConnector->connect(Array)
#4 [internal function]: Illuminate\\Database\\Connectors\\ConnectionFactory->{closure:Illuminate\\Database\\Connectors\\ConnectionFactory::createPdoResolverWithHosts():179}()
#5 C:\\Users\\Nathan\\Documents\\Cours\\BUT_2\\Photos\\vendor\\laravel\\framework\\src\\Illuminate\\Database\\Connection.php(1339): call_user_func(Object(Closure))
#6 C:\\Users\\Nathan\\Documents\\Cours\\BUT_2\\Photos\\vendor\\laravel\\framework\\src\\Illuminate\\Database\\Connection.php(1375): Illuminate\\Database\\Connection->getPdo()
#7 C:\\Users\\Nathan\\Documents\\Cours\\BUT_2\\Photos\\vendor\\laravel\\framework\\src\\Illuminate\\Database\\Connection.php(528): Illuminate\\Database\\Connection->getReadPdo()
#8 C:\\Users\\Nathan\\Documents\\Cours\\BUT_2\\Photos\\vendor\\laravel\\framework\\src\\Illuminate\\Database\\Connection.php(423): Illuminate\\Database\\Connection->getPdoForSelect(true)
#9 C:\\Users\\Nathan\\Documents\\Cours\\BUT_2\\Photos\\vendor\\laravel\\framework\\src\\Illuminate\\Database\\Connection.php(816): Illuminate\\Database\\Connection->{closure:Illuminate\\Database\\Connection::select():414}('select * from `...', Array)
#10 C:\\Users\\Nathan\\Documents\\Cours\\BUT_2\\Photos\\vendor\\laravel\\framework\\src\\Illuminate\\Database\\Connection.php(783): Illuminate\\Database\\Connection->runQueryCallback('select * from `...', Array, Object(Closure))
#11 C:\\Users\\Nathan\\Documents\\Cours\\BUT_2\\Photos\\vendor\\laravel\\framework\\src\\Illuminate\\Database\\Connection.php(414): Illuminate\\Database\\Connection->run('select * from `...', Array, Object(Closure))
#12 C:\\Users\\Nathan\\Documents\\Cours\\BUT_2\\Photos\\vendor\\laravel\\framework\\src\\Illuminate\\Database\\Query\\Builder.php(2913): Illuminate\\Database\\Connection->select('select * from `...', Array, true)
#13 C:\\Users\\Nathan\\Documents\\Cours\\BUT_2\\Photos\\vendor\\laravel\\framework\\src\\Illuminate\\Database\\Query\\Builder.php(2902): Illuminate\\Database\\Query\\Builder->runSelect()
#14 C:\\Users\\Nathan\\Documents\\Cours\\BUT_2\\Photos\\vendor\\laravel\\framework\\src\\Illuminate\\Database\\Query\\Builder.php(3456): Illuminate\\Database\\Query\\Builder->{closure:Illuminate\\Database\\Query\\Builder::get():2901}()
#15 C:\\Users\\Nathan\\Documents\\Cours\\BUT_2\\Photos\\vendor\\laravel\\framework\\src\\Illuminate\\Database\\Query\\Builder.php(2901): Illuminate\\Database\\Query\\Builder->onceWithColumns(Array, Object(Closure))
#16 C:\\Users\\Nathan\\Documents\\Cours\\BUT_2\\Photos\\vendor\\laravel\\framework\\src\\Illuminate\\Database\\Eloquent\\Builder.php(739): Illuminate\\Database\\Query\\Builder->get(Array)
#17 C:\\Users\\Nathan\\Documents\\Cours\\BUT_2\\Photos\\vendor\\laravel\\framework\\src\\Illuminate\\Database\\Eloquent\\Builder.php(723): Illuminate\\Database\\Eloquent\\Builder->getModels(Array)
#18 C:\\Users\\Nathan\\Documents\\Cours\\BUT_2\\Photos\\routes\\web.php(23): Illuminate\\Database\\Eloquent\\Builder->get()
#19 C:\\Users\\Nathan\\Documents\\Cours\\BUT_2\\Photos\\vendor\\laravel\\framework\\src\\Illuminate\\Routing\\CallableDispatcher.php(40): Illuminate\\Routing\\RouteFileRegistrar->{closure:C:\\Users\\Nathan\\Documents\\Cours\\BUT_2\\Photos\\routes\\web.php:21}()
#20 C:\\Users\\Nathan\\Documents\\Cours\\BUT_2\\Photos\\vendor\\laravel\\framework\\src\\Illuminate\\Routing\\Route.php(237): Illuminate\\Routing\\CallableDispatcher->dispatch(Object(Illuminate\\Routing\\Route), Object(Closure))
#21 C:\\Users\\Nathan\\Documents\\Cours\\BUT_2\\Photos\\vendor\\laravel\\framework\\src\\Illuminate\\Routing\\Route.php(208): Illuminate\\Routing\\Route->runCallable()
#22 C:\\Users\\Nathan\\Documents\\Cours\\BUT_2\\Photos\\vendor\\laravel\\framework\\src\\Illuminate\\Routing\\Router.php(806): Illuminate\\Routing\\Route->run()
#23 C:\\Users\\Nathan\\Documents\\Cours\\BUT_2\\Photos\\vendor\\laravel\\framework\\src\\Illuminate\\Pipeline\\Pipeline.php(144): Illuminate\\Routing\\Router->{closure:Illuminate\\Routing\\Router::runRouteWithinStack():805}(Object(Illuminate\\Http\\Request))
#24 C:\\Users\\Nathan\\Documents\\Cours\\BUT_2\\Photos\\vendor\\laravel\\framework\\src\\Illuminate\\Routing\\Middleware\\SubstituteBindings.php(50): Illuminate\\Pipeline\\Pipeline->{closure:Illuminate\\Pipeline\\Pipeline::prepareDestination():142}(Object(Illuminate\\Http\\Request))
#25 C:\\Users\\Nathan\\Documents\\Cours\\BUT_2\\Photos\\vendor\\laravel\\framework\\src\\Illuminate\\Pipeline\\Pipeline.php(183): Illuminate\\Routing\\Middleware\\SubstituteBindings->handle(Object(Illuminate\\Http\\Request), Object(Closure))
#26 C:\\Users\\Nathan\\Documents\\Cours\\BUT_2\\Photos\\vendor\\laravel\\framework\\src\\Illuminate\\Foundation\\Http\\Middleware\\VerifyCsrfToken.php(78): Illuminate\\Pipeline\\Pipeline->{closure:{closure:Illuminate\\Pipeline\\Pipeline::carry():158}:159}(Object(Illuminate\\Http\\Request))
#27 C:\\Users\\Nathan\\Documents\\Cours\\BUT_2\\Photos\\vendor\\laravel\\framework\\src\\Illuminate\\Pipeline\\Pipeline.php(183): Illuminate\\Foundation\\Http\\Middleware\\VerifyCsrfToken->handle(Object(Illuminate\\Http\\Request), Object(Closure))
#28 C:\\Users\\Nathan\\Documents\\Cours\\BUT_2\\Photos\\vendor\\laravel\\framework\\src\\Illuminate\\View\\Middleware\\ShareErrorsFromSession.php(49): Illuminate\\Pipeline\\Pipeline->{closure:{closure:Illuminate\\Pipeline\\Pipeline::carry():158}:159}(Object(Illuminate\\Http\\Request))
#29 C:\\Users\\Nathan\\Documents\\Cours\\BUT_2\\Photos\\vendor\\laravel\\framework\\src\\Illuminate\\Pipeline\\Pipeline.php(183): Illuminate\\View\\Middleware\\ShareErrorsFromSession->handle(Object(Illuminate\\Http\\Request), Object(Closure))
#30 C:\\Users\\Nathan\\Documents\\Cours\\BUT_2\\Photos\\vendor\\laravel\\framework\\src\\Illuminate\\Session\\Middleware\\StartSession.php(121): Illuminate\\Pipeline\\Pipeline->{closure:{closure:Illuminate\\Pipeline\\Pipeline::carry():158}:159}(Object(Illuminate\\Http\\Request))
#31 C:\\Users\\Nathan\\Documents\\Cours\\BUT_2\\Photos\\vendor\\laravel\\framework\\src\\Illuminate\\Session\\Middleware\\StartSession.php(64): Illuminate\\Session\\Middleware\\StartSession->handleStatefulRequest(Object(Illuminate\\Http\\Request), Object(Illuminate\\Session\\Store), Object(Closure))
#32 C:\\Users\\Nathan\\Documents\\Cours\\BUT_2\\Photos\\vendor\\laravel\\framework\\src\\Illuminate\\Pipeline\\Pipeline.php(183): Illuminate\\Session\\Middleware\\StartSession->handle(Object(Illuminate\\Http\\Request), Object(Closure))
#33 C:\\Users\\Nathan\\Documents\\Cours\\BUT_2\\Photos\\vendor\\laravel\\framework\\src\\Illuminate\\Cookie\\Middleware\\AddQueuedCookiesToResponse.php(37): Illuminate\\Pipeline\\Pipeline->{closure:{closure:Illuminate\\Pipeline\\Pipeline::carry():158}:159}(Object(Illuminate\\Http\\Request))
#34 C:\\Users\\Nathan\\Documents\\Cours\\BUT_2\\Photos\\vendor\\laravel\\framework\\src\\Illuminate\\Pipeline\\Pipeline.php(183): Illuminate\\Cookie\\Middleware\\AddQueuedCookiesToResponse->handle(Object(Illuminate\\Http\\Request), Object(Closure))
#35 C:\\Users\\Nathan\\Documents\\Cours\\BUT_2\\Photos\\vendor\\laravel\\framework\\src\\Illuminate\\Cookie\\Middleware\\EncryptCookies.php(67): Illuminate\\Pipeline\\Pipeline->{closure:{closure:Illuminate\\Pipeline\\Pipeline::carry():158}:159}(Object(Illuminate\\Http\\Request))
#36 C:\\Users\\Nathan\\Documents\\Cours\\BUT_2\\Photos\\vendor\\laravel\\framework\\src\\Illuminate\\Pipeline\\Pipeline.php(183): Illuminate\\Cookie\\Middleware\\EncryptCookies->handle(Object(Illuminate\\Http\\Request), Object(Closure))
#37 C:\\Users\\Nathan\\Documents\\Cours\\BUT_2\\Photos\\vendor\\laravel\\framework\\src\\Illuminate\\Pipeline\\Pipeline.php(119): Illuminate\\Pipeline\\Pipeline->{closure:{closure:Illuminate\\Pipeline\\Pipeline::carry():158}:159}(Object(Illuminate\\Http\\Request))
#38 C:\\Users\\Nathan\\Documents\\Cours\\BUT_2\\Photos\\vendor\\laravel\\framework\\src\\Illuminate\\Routing\\Router.php(805): Illuminate\\Pipeline\\Pipeline->then(Object(Closure))
#39 C:\\Users\\Nathan\\Documents\\Cours\\BUT_2\\Photos\\vendor\\laravel\\framework\\src\\Illuminate\\Routing\\Router.php(784): Illuminate\\Routing\\Router->runRouteWithinStack(Object(Illuminate\\Routing\\Route), Object(Illuminate\\Http\\Request))
#40 C:\\Users\\Nathan\\Documents\\Cours\\BUT_2\\Photos\\vendor\\laravel\\framework\\src\\Illuminate\\Routing\\Router.php(748): Illuminate\\Routing\\Router->runRoute(Object(Illuminate\\Http\\Request), Object(Illuminate\\Routing\\Route))
#41 C:\\Users\\Nathan\\Documents\\Cours\\BUT_2\\Photos\\vendor\\laravel\\framework\\src\\Illuminate\\Routing\\Router.php(737): Illuminate\\Routing\\Router->dispatchToRoute(Object(Illuminate\\Http\\Request))
#42 C:\\Users\\Nathan\\Documents\\Cours\\BUT_2\\Photos\\vendor\\laravel\\framework\\src\\Illuminate\\Foundation\\Http\\Kernel.php(200): Illuminate\\Routing\\Router->dispatch(Object(Illuminate\\Http\\Request))
#43 C:\\Users\\Nathan\\Documents\\Cours\\BUT_2\\Photos\\vendor\\laravel\\framework\\src\\Illuminate\\Pipeline\\Pipeline.php(144): Illuminate\\Foundation\\Http\\Kernel->{closure:Illuminate\\Foundation\\Http\\Kernel::dispatchToRouter():197}(Object(Illuminate\\Http\\Request))
#44 C:\\Users\\Nathan\\Documents\\Cours\\BUT_2\\Photos\\vendor\\laravel\\framework\\src\\Illuminate\\Foundation\\Http\\Middleware\\TransformsRequest.php(21): Illuminate\\Pipeline\\Pipeline->{closure:Illuminate\\Pipeline\\Pipeline::prepareDestination():142}(Object(Illuminate\\Http\\Request))
#45 C:\\Users\\Nathan\\Documents\\Cours\\BUT_2\\Photos\\vendor\\laravel\\framework\\src\\Illuminate\\Foundation\\Http\\Middleware\\ConvertEmptyStringsToNull.php(31): Illuminate\\Foundation\\Http\\Middleware\\TransformsRequest->handle(Object(Illuminate\\Http\\Request), Object(Closure))
#46 C:\\Users\\Nathan\\Documents\\Cours\\BUT_2\\Photos\\vendor\\laravel\\framework\\src\\Illuminate\\Pipeline\\Pipeline.php(183): Illuminate\\Foundation\\Http\\Middleware\\ConvertEmptyStringsToNull->handle(Object(Illuminate\\Http\\Request), Object(Closure))
#47 C:\\Users\\Nathan\\Documents\\Cours\\BUT_2\\Photos\\vendor\\laravel\\framework\\src\\Illuminate\\Foundation\\Http\\Middleware\\TransformsRequest.php(21): Illuminate\\Pipeline\\Pipeline->{closure:{closure:Illuminate\\Pipeline\\Pipeline::carry():158}:159}(Object(Illuminate\\Http\\Request))
#48 C:\\Users\\Nathan\\Documents\\Cours\\BUT_2\\Photos\\vendor\\laravel\\framework\\src\\Illuminate\\Foundation\\Http\\Middleware\\TrimStrings.php(40): Illuminate\\Foundation\\Http\\Middleware\\TransformsRequest->handle(Object(Illuminate\\Http\\Request), Object(Closure))
#49 C:\\Users\\Nathan\\Documents\\Cours\\BUT_2\\Photos\\vendor\\laravel\\framework\\src\\Illuminate\\Pipeline\\Pipeline.php(183): Illuminate\\Foundation\\Http\\Middleware\\TrimStrings->handle(Object(Illuminate\\Http\\Request), Object(Closure))
#50 C:\\Users\\Nathan\\Documents\\Cours\\BUT_2\\Photos\\vendor\\laravel\\framework\\src\\Illuminate\\Foundation\\Http\\Middleware\\ValidatePostSize.php(27): Illuminate\\Pipeline\\Pipeline->{closure:{closure:Illuminate\\Pipeline\\Pipeline::carry():158}:159}(Object(Illuminate\\Http\\Request))
#51 C:\\Users\\Nathan\\Documents\\Cours\\BUT_2\\Photos\\vendor\\laravel\\framework\\src\\Illuminate\\Pipeline\\Pipeline.php(183): Illuminate\\Foundation\\Http\\Middleware\\ValidatePostSize->handle(Object(Illuminate\\Http\\Request), Object(Closure))
#52 C:\\Users\\Nathan\\Documents\\Cours\\BUT_2\\Photos\\vendor\\laravel\\framework\\src\\Illuminate\\Foundation\\Http\\Middleware\\PreventRequestsDuringMaintenance.php(99): Illuminate\\Pipeline\\Pipeline->{closure:{closure:Illuminate\\Pipeline\\Pipeline::carry():158}:159}(Object(Illuminate\\Http\\Request))
#53 C:\\Users\\Nathan\\Documents\\Cours\\BUT_2\\Photos\\vendor\\laravel\\framework\\src\\Illuminate\\Pipeline\\Pipeline.php(183): Illuminate\\Foundation\\Http\\Middleware\\PreventRequestsDuringMaintenance->handle(Object(Illuminate\\Http\\Request), Object(Closure))
#54 C:\\Users\\Nathan\\Documents\\Cours\\BUT_2\\Photos\\vendor\\laravel\\framework\\src\\Illuminate\\Http\\Middleware\\HandleCors.php(49): Illuminate\\Pipeline\\Pipeline->{closure:{closure:Illuminate\\Pipeline\\Pipeline::carry():158}:159}(Object(Illuminate\\Http\\Request))
#55 C:\\Users\\Nathan\\Documents\\Cours\\BUT_2\\Photos\\vendor\\laravel\\framework\\src\\Illuminate\\Pipeline\\Pipeline.php(183): Illuminate\\Http\\Middleware\\HandleCors->handle(Object(Illuminate\\Http\\Request), Object(Closure))
#56 C:\\Users\\Nathan\\Documents\\Cours\\BUT_2\\Photos\\vendor\\laravel\\framework\\src\\Illuminate\\Http\\Middleware\\TrustProxies.php(39): Illuminate\\Pipeline\\Pipeline->{closure:{closure:Illuminate\\Pipeline\\Pipeline::carry():158}:159}(Object(Illuminate\\Http\\Request))
#57 C:\\Users\\Nathan\\Documents\\Cours\\BUT_2\\Photos\\vendor\\laravel\\framework\\src\\Illuminate\\Pipeline\\Pipeline.php(183): Illuminate\\Http\\Middleware\\TrustProxies->handle(Object(Illuminate\\Http\\Request), Object(Closure))
#58 C:\\Users\\Nathan\\Documents\\Cours\\BUT_2\\Photos\\vendor\\laravel\\framework\\src\\Illuminate\\Pipeline\\Pipeline.php(119): Illuminate\\Pipeline\\Pipeline->{closure:{closure:Illuminate\\Pipeline\\Pipeline::carry():158}:159}(Object(Illuminate\\Http\\Request))
#59 C:\\Users\\Nathan\\Documents\\Cours\\BUT_2\\Photos\\vendor\\laravel\\framework\\src\\Illuminate\\Foundation\\Http\\Kernel.php(175): Illuminate\\Pipeline\\Pipeline->then(Object(Closure))
#60 C:\\Users\\Nathan\\Documents\\Cours\\BUT_2\\Photos\\vendor\\laravel\\framework\\src\\Illuminate\\Foundation\\Http\\Kernel.php(144): Illuminate\\Foundation\\Http\\Kernel->sendRequestThroughRouter(Object(Illuminate\\Http\\Request))
#61 C:\\Users\\Nathan\\Documents\\Cours\\BUT_2\\Photos\\public\\index.php(51): Illuminate\\Foundation\\Http\\Kernel->handle(Object(Illuminate\\Http\\Request))
#62 C:\\Users\\Nathan\\Documents\\Cours\\BUT_2\\Photos\\vendor\\laravel\\framework\\src\\Illuminate\\Foundation\\resources\\server.php(16): require_once('C:\\\\Users\\\\Nathan...')
#63 {main}
"} 
[2025-11-25 09:17:08] local.ERROR: SQLSTATE[HY000] [2002] Aucune connexion n’a pu être établie car l’ordinateur cible l’a expressément refusée (Connection: mysql, SQL: select * from `albums` order by `id` desc) {"exception":"[object] (Illuminate\\Database\\QueryException(code: 2002): SQLSTATE[HY000] [2002] Aucune connexion n’a pu être établie car l’ordinateur cible l’a expressément refusée (Connection: mysql, SQL: select * from `albums` order by `id` desc) at C:\\Users\\Nathan\\Documents\\Cours\\BUT_2\\Photos\\vendor\\laravel\\framework\\src\\Illuminate\\Database\\Connection.php:829)
[stacktrace]
#0 C:\\Users\\Nathan\\Documents\\Cours\\BUT_2\\Photos\\vendor\\laravel\\framework\\src\\Illuminate\\Database\\Connection.php(783): Illuminate\\Database\\Connection->runQueryCallback('select * from `...', Array, Object(Closure))
#1 C:\\Users\\Nathan\\Documents\\Cours\\BUT_2\\Photos\\vendor\\laravel\\framework\\src\\Illuminate\\Database\\Connection.php(414): Illuminate\\Database\\Connection->run('select * from `...', Array, Object(Closure))
#2 C:\\Users\\Nathan\\Documents\\Cours\\BUT_2\\Photos\\vendor\\laravel\\framework\\src\\Illuminate\\Database\\Query\\Builder.php(2913): Illuminate\\Database\\Connection->select('select * from `...', Array, true)
#3 C:\\Users\\Nathan\\Documents\\Cours\\BUT_2\\Photos\\vendor\\laravel\\framework\\src\\Illuminate\\Database\\Query\\Builder.php(2902): Illuminate\\Database\\Query\\Builder->runSelect()
#4 C:\\Users\\Nathan\\Documents\\Cours\\BUT_2\\Photos\\vendor\\laravel\\framework\\src\\Illuminate\\Database\\Query\\Builder.php(3456): Illuminate\\Database\\Query\\Builder->{closure:Illuminate\\Database\\Query\\Builder::get():2901}()
#5 C:\\Users\\Nathan\\Documents\\Cours\\BUT_2\\Photos\\vendor\\laravel\\framework\\src\\Illuminate\\Database\\Query\\Builder.php(2901): Illuminate\\Database\\Query\\Builder->onceWithColumns(Array, Object(Closure))
#6 C:\\Users\\Nathan\\Documents\\Cours\\BUT_2\\Photos\\vendor\\laravel\\framework\\src\\Illuminate\\Database\\Eloquent\\Builder.php(739): Illuminate\\Database\\Query\\Builder->get(Array)
#7 C:\\Users\\Nathan\\Documents\\Cours\\BUT_2\\Photos\\vendor\\laravel\\framework\\src\\Illuminate\\Database\\Eloquent\\Builder.php(723): Illuminate\\Database\\Eloquent\\Builder->getModels(Array)
#8 C:\\Users\\Nathan\\Documents\\Cours\\BUT_2\\Photos\\routes\\web.php(23): Illuminate\\Database\\Eloquent\\Builder->get()
#9 C:\\Users\\Nathan\\Documents\\Cours\\BUT_2\\Photos\\vendor\\laravel\\framework\\src\\Illuminate\\Routing\\CallableDispatcher.php(40): Illuminate\\Routing\\RouteFileRegistrar->{closure:C:\\Users\\Nathan\\Documents\\Cours\\BUT_2\\Photos\\routes\\web.php:21}()
#10 C:\\Users\\Nathan\\Documents\\Cours\\BUT_2\\Photos\\vendor\\laravel\\framework\\src\\Illuminate\\Routing\\Route.php(237): Illuminate\\Routing\\CallableDispatcher->dispatch(Object(Illuminate\\Routing\\Route), Object(Closure))
#11 C:\\Users\\Nathan\\Documents\\Cours\\BUT_2\\Photos\\vendor\\laravel\\framework\\src\\Illuminate\\Routing\\Route.php(208): Illuminate\\Routing\\Route->runCallable()
#12 C:\\Users\\Nathan\\Documents\\Cours\\BUT_2\\Photos\\vendor\\laravel\\framework\\src\\Illuminate\\Routing\\Router.php(806): Illuminate\\Routing\\Route->run()
#13 C:\\Users\\Nathan\\Documents\\Cours\\BUT_2\\Photos\\vendor\\laravel\\framework\\src\\Illuminate\\Pipeline\\Pipeline.php(144): Illuminate\\Routing\\Router->{closure:Illuminate\\Routing\\Router::runRouteWithinStack():805}(Object(Illuminate\\Http\\Request))
#14 C:\\Users\\Nathan\\Documents\\Cours\\BUT_2\\Photos\\vendor\\laravel\\framework\\src\\Illuminate\\Routing\\Middleware\\SubstituteBindings.php(50): Illuminate\\Pipeline\\Pipeline->{closure:Illuminate\\Pipeline\\Pipeline::prepareDestination():142}(Object(Illuminate\\Http\\Request))
#15 C:\\Users\\Nathan\\Documents\\Cours\\BUT_2\\Photos\\vendor\\laravel\\framework\\src\\Illuminate\\Pipeline\\Pipeline.php(183): Illuminate\\Routing\\Middleware\\SubstituteBindings->handle(Object(Illuminate\\Http\\Request), Object(Closure))
#16 C:\\Users\\Nathan\\Documents\\Cours\\BUT_2\\Photos\\vendor\\laravel\\framework\\src\\Illuminate\\Foundation\\Http\\Middleware\\VerifyCsrfToken.php(78): Illuminate\\Pipeline\\Pipeline->{closure:{closure:Illuminate\\Pipeline\\Pipeline::carry():158}:159}(Object(Illuminate\\Http\\Request))
#17 C:\\Users\\Nathan\\Documents\\Cours\\BUT_2\\Photos\\vendor\\laravel\\framework\\src\\Illuminate\\Pipeline\\Pipeline.php(183): Illuminate\\Foundation\\Http\\Middleware\\VerifyCsrfToken->handle(Object(Illuminate\\Http\\Request), Object(Closure))
#18 C:\\Users\\Nathan\\Documents\\Cours\\BUT_2\\Photos\\vendor\\laravel\\framework\\src\\Illuminate\\View\\Middleware\\ShareErrorsFromSession.php(49): Illuminate\\Pipeline\\Pipeline->{closure:{closure:Illuminate\\Pipeline\\Pipeline::carry():158}:159}(Object(Illuminate\\Http\\Request))
#19 C:\\Users\\Nathan\\Documents\\Cours\\BUT_2\\Photos\\vendor\\laravel\\framework\\src\\Illuminate\\Pipeline\\Pipeline.php(183): Illuminate\\View\\Middleware\\ShareErrorsFromSession->handle(Object(Illuminate\\Http\\Request), Object(Closure))
#20 C:\\Users\\Nathan\\Documents\\Cours\\BUT_2\\Photos\\vendor\\laravel\\framework\\src\\Illuminate\\Session\\Middleware\\StartSession.php(121): Illuminate\\Pipeline\\Pipeline->{closure:{closure:Illuminate\\Pipeline\\Pipeline::carry():158}:159}(Object(Illuminate\\Http\\Request))
#21 C:\\Users\\Nathan\\Documents\\Cours\\BUT_2\\Photos\\vendor\\laravel\\framework\\src\\Illuminate\\Session\\Middleware\\StartSession.php(64): Illuminate\\Session\\Middleware\\StartSession->handleStatefulRequest(Object(Illuminate\\Http\\Request), Object(Illuminate\\Session\\Store), Object(Closure))
#22 C:\\Users\\Nathan\\Documents\\Cours\\BUT_2\\Photos\\vendor\\laravel\\framework\\src\\Illuminate\\Pipeline\\Pipeline.php(183): Illuminate\\Session\\Middleware\\StartSession->handle(Object(Illuminate\\Http\\Request), Object(Closure))
#23 C:\\Users\\Nathan\\Documents\\Cours\\BUT_2\\Photos\\vendor\\laravel\\framework\\src\\Illuminate\\Cookie\\Middleware\\AddQueuedCookiesToResponse.php(37): Illuminate\\Pipeline\\Pipeline->{closure:{closure:Illuminate\\Pipeline\\Pipeline::carry():158}:159}(Object(Illuminate\\Http\\Request))
#24 C:\\Users\\Nathan\\Documents\\Cours\\BUT_2\\Photos\\vendor\\laravel\\framework\\src\\Illuminate\\Pipeline\\Pipeline.php(183): Illuminate\\Cookie\\Middleware\\AddQueuedCookiesToResponse->handle(Object(Illuminate\\Http\\Request), Object(Closure))
#25 C:\\Users\\Nathan\\Documents\\Cours\\BUT_2\\Photos\\vendor\\laravel\\framework\\src\\Illuminate\\Cookie\\Middleware\\EncryptCookies.php(67): Illuminate\\Pipeline\\Pipeline->{closure:{closure:Illuminate\\Pipeline\\Pipeline::carry():158}:159}(Object(Illuminate\\Http\\Request))
#26 C:\\Users\\Nathan\\Documents\\Cours\\BUT_2\\Photos\\vendor\\laravel\\framework\\src\\Illuminate\\Pipeline\\Pipeline.php(183): Illuminate\\Cookie\\Middleware\\EncryptCookies->handle(Object(Illuminate\\Http\\Request), Object(Closure))
#27 C:\\Users\\Nathan\\Documents\\Cours\\BUT_2\\Photos\\vendor\\laravel\\framework\\src\\Illuminate\\Pipeline\\Pipeline.php(119): Illuminate\\Pipeline\\Pipeline->{closure:{closure:Illuminate\\Pipeline\\Pipeline::carry():158}:159}(Object(Illuminate\\Http\\Request))
#28 C:\\Users\\Nathan\\Documents\\Cours\\BUT_2\\Photos\\vendor\\laravel\\framework\\src\\Illuminate\\Routing\\Router.php(805): Illuminate\\Pipeline\\Pipeline->then(Object(Closure))
#29 C:\\Users\\Nathan\\Documents\\Cours\\BUT_2\\Photos\\vendor\\laravel\\framework\\src\\Illuminate\\Routing\\Router.php(784): Illuminate\\Routing\\Router->runRouteWithinStack(Object(Illuminate\\Routing\\Route), Object(Illuminate\\Http\\Request))
#30 C:\\Users\\Nathan\\Documents\\Cours\\BUT_2\\Photos\\vendor\\laravel\\framework\\src\\Illuminate\\Routing\\Router.php(748): Illuminate\\Routing\\Router->runRoute(Object(Illuminate\\Http\\Request), Object(Illuminate\\Routing\\Route))
#31 C:\\Users\\Nathan\\Documents\\Cours\\BUT_2\\Photos\\vendor\\laravel\\framework\\src\\Illuminate\\Routing\\Router.php(737): Illuminate\\Routing\\Router->dispatchToRoute(Object(Illuminate\\Http\\Request))
#32 C:\\Users\\Nathan\\Documents\\Cours\\BUT_2\\Photos\\vendor\\laravel\\framework\\src\\Illuminate\\Foundation\\Http\\Kernel.php(200): Illuminate\\Routing\\Router->dispatch(Object(Illuminate\\Http\\Request))
#33 C:\\Users\\Nathan\\Documents\\Cours\\BUT_2\\Photos\\vendor\\laravel\\framework\\src\\Illuminate\\Pipeline\\Pipeline.php(144): Illuminate\\Foundation\\Http\\Kernel->{closure:Illuminate\\Foundation\\Http\\Kernel::dispatchToRouter():197}(Object(Illuminate\\Http\\Request))
#34 C:\\Users\\Nathan\\Documents\\Cours\\BUT_2\\Photos\\vendor\\laravel\\framework\\src\\Illuminate\\Foundation\\Http\\Middleware\\TransformsRequest.php(21): Illuminate\\Pipeline\\Pipeline->{closure:Illuminate\\Pipeline\\Pipeline::prepareDestination():142}(Object(Illuminate\\Http\\Request))
#35 C:\\Users\\Nathan\\Documents\\Cours\\BUT_2\\Photos\\vendor\\laravel\\framework\\src\\Illuminate\\Foundation\\Http\\Middleware\\ConvertEmptyStringsToNull.php(31): Illuminate\\Foundation\\Http\\Middleware\\TransformsRequest->handle(Object(Illuminate\\Http\\Request), Object(Closure))
#36 C:\\Users\\Nathan\\Documents\\Cours\\BUT_2\\Photos\\vendor\\laravel\\framework\\src\\Illuminate\\Pipeline\\Pipeline.php(183): Illuminate\\Foundation\\Http\\Middleware\\ConvertEmptyStringsToNull->handle(Object(Illuminate\\Http\\Request), Object(Closure))
#37 C:\\Users\\Nathan\\Documents\\Cours\\BUT_2\\Photos\\vendor\\laravel\\framework\\src\\Illuminate\\Foundation\\Http\\Middleware\\TransformsRequest.php(21): Illuminate\\Pipeline\\Pipeline->{closure:{closure:Illuminate\\Pipeline\\Pipeline::carry():158}:159}(Object(Illuminate\\Http\\Request))
#38 C:\\Users\\Nathan\\Documents\\Cours\\BUT_2\\Photos\\vendor\\laravel\\framework\\src\\Illuminate\\Foundation\\Http\\Middleware\\TrimStrings.php(40): Illuminate\\Foundation\\Http\\Middleware\\TransformsRequest->handle(Object(Illuminate\\Http\\Request), Object(Closure))
#39 C:\\Users\\Nathan\\Documents\\Cours\\BUT_2\\Photos\\vendor\\laravel\\framework\\src\\Illuminate\\Pipeline\\Pipeline.php(183): Illuminate\\Foundation\\Http\\Middleware\\TrimStrings->handle(Object(Illuminate\\Http\\Request), Object(Closure))
#40 C:\\Users\\Nathan\\Documents\\Cours\\BUT_2\\Photos\\vendor\\laravel\\framework\\src\\Illuminate\\Foundation\\Http\\Middleware\\ValidatePostSize.php(27): Illuminate\\Pipeline\\Pipeline->{closure:{closure:Illuminate\\Pipeline\\Pipeline::carry():158}:159}(Object(Illuminate\\Http\\Request))
#41 C:\\Users\\Nathan\\Documents\\Cours\\BUT_2\\Photos\\vendor\\laravel\\framework\\src\\Illuminate\\Pipeline\\Pipeline.php(183): Illuminate\\Foundation\\Http\\Middleware\\ValidatePostSize->handle(Object(Illuminate\\Http\\Request), Object(Closure))
#42 C:\\Users\\Nathan\\Documents\\Cours\\BUT_2\\Photos\\vendor\\laravel\\framework\\src\\Illuminate\\Foundation\\Http\\Middleware\\PreventRequestsDuringMaintenance.php(99): Illuminate\\Pipeline\\Pipeline->{closure:{closure:Illuminate\\Pipeline\\Pipeline::carry():158}:159}(Object(Illuminate\\Http\\Request))
#43 C:\\Users\\Nathan\\Documents\\Cours\\BUT_2\\Photos\\vendor\\laravel\\framework\\src\\Illuminate\\Pipeline\\Pipeline.php(183): Illuminate\\Foundation\\Http\\Middleware\\PreventRequestsDuringMaintenance->handle(Object(Illuminate\\Http\\Request), Object(Closure))
#44 C:\\Users\\Nathan\\Documents\\Cours\\BUT_2\\Photos\\vendor\\laravel\\framework\\src\\Illuminate\\Http\\Middleware\\HandleCors.php(49): Illuminate\\Pipeline\\Pipeline->{closure:{closure:Illuminate\\Pipeline\\Pipeline::carry():158}:159}(Object(Illuminate\\Http\\Request))
#45 C:\\Users\\Nathan\\Documents\\Cours\\BUT_2\\Photos\\vendor\\laravel\\framework\\src\\Illuminate\\Pipeline\\Pipeline.php(183): Illuminate\\Http\\Middleware\\HandleCors->handle(Object(Illuminate\\Http\\Request), Object(Closure))
#46 C:\\Users\\Nathan\\Documents\\Cours\\BUT_2\\Photos\\vendor\\laravel\\framework\\src\\Illuminate\\Http\\Middleware\\TrustProxies.php(39): Illuminate\\Pipeline\\Pipeline->{closure:{closure:Illuminate\\Pipeline\\Pipeline::carry():158}:159}(Object(Illuminate\\Http\\Request))
#47 C:\\Users\\Nathan\\Documents\\Cours\\BUT_2\\Photos\\vendor\\laravel\\framework\\src\\Illuminate\\Pipeline\\Pipeline.php(183): Illuminate\\Http\\Middleware\\TrustProxies->handle(Object(Illuminate\\Http\\Request), Object(Closure))
#48 C:\\Users\\Nathan\\Documents\\Cours\\BUT_2\\Photos\\vendor\\laravel\\framework\\src\\Illuminate\\Pipeline\\Pipeline.php(119): Illuminate\\Pipeline\\Pipeline->{closure:{closure:Illuminate\\Pipeline\\Pipeline::carry():158}:159}(Object(Illuminate\\Http\\Request))
#49 C:\\Users\\Nathan\\Documents\\Cours\\BUT_2\\Photos\\vendor\\laravel\\framework\\src\\Illuminate\\Foundation\\Http\\Kernel.php(175): Illuminate\\Pipeline\\Pipeline->then(Object(Closure))
#50 C:\\Users\\Nathan\\Documents\\Cours\\BUT_2\\Photos\\vendor\\laravel\\framework\\src\\Illuminate\\Foundation\\Http\\Kernel.php(144): Illuminate\\Foundation\\Http\\Kernel->sendRequestThroughRouter(Object(Illuminate\\Http\\Request))
#51 C:\\Users\\Nathan\\Documents\\Cours\\BUT_2\\Photos\\public\\index.php(51): Illuminate\\Foundation\\Http\\Kernel->handle(Object(Illuminate\\Http\\Request))
#52 C:\\Users\\Nathan\\Documents\\Cours\\BUT_2\\Photos\\vendor\\laravel\\framework\\src\\Illuminate\\Foundation\\resources\\server.php(16): require_once('C:\\\\Users\\\\Nathan...')
#53 {main}

[previous exception] [object] (PDOException(code: 2002): SQLSTATE[HY000] [2002] Aucune connexion n’a pu être établie car l’ordinateur cible l’a expressément refusée at C:\\Users\\Nathan\\Documents\\Cours\\BUT_2\\Photos\\vendor\\laravel\\framework\\src\\Illuminate\\Database\\Connectors\\Connector.php:65)
[stacktrace]
#0 C:\\Users\\Nathan\\Documents\\Cours\\BUT_2\\Photos\\vendor\\laravel\\framework\\src\\Illuminate\\Database\\Connectors\\Connector.php(65): PDO->__construct('mysql:host=127....', 'root', Object(SensitiveParameterValue), Array)
#1 C:\\Users\\Nathan\\Documents\\Cours\\BUT_2\\Photos\\vendor\\laravel\\framework\\src\\Illuminate\\Database\\Connectors\\Connector.php(44): Illuminate\\Database\\Connectors\\Connector->createPdoConnection('mysql:host=127....', 'root', '', Array)
#2 C:\\Users\\Nathan\\Documents\\Cours\\BUT_2\\Photos\\vendor\\laravel\\framework\\src\\Illuminate\\Database\\Connectors\\MySqlConnector.php(24): Illuminate\\Database\\Connectors\\Connector->createConnection('mysql:host=127....', Array, Array)
#3 C:\\Users\\Nathan\\Documents\\Cours\\BUT_2\\Photos\\vendor\\laravel\\framework\\src\\Illuminate\\Database\\Connectors\\ConnectionFactory.php(184): Illuminate\\Database\\Connectors\\MySqlConnector->connect(Array)
#4 [internal function]: Illuminate\\Database\\Connectors\\ConnectionFactory->{closure:Illuminate\\Database\\Connectors\\ConnectionFactory::createPdoResolverWithHosts():179}()
#5 C:\\Users\\Nathan\\Documents\\Cours\\BUT_2\\Photos\\vendor\\laravel\\framework\\src\\Illuminate\\Database\\Connection.php(1339): call_user_func(Object(Closure))
#6 C:\\Users\\Nathan\\Documents\\Cours\\BUT_2\\Photos\\vendor\\laravel\\framework\\src\\Illuminate\\Database\\Connection.php(1375): Illuminate\\Database\\Connection->getPdo()
#7 C:\\Users\\Nathan\\Documents\\Cours\\BUT_2\\Photos\\vendor\\laravel\\framework\\src\\Illuminate\\Database\\Connection.php(528): Illuminate\\Database\\Connection->getReadPdo()
#8 C:\\Users\\Nathan\\Documents\\Cours\\BUT_2\\Photos\\vendor\\laravel\\framework\\src\\Illuminate\\Database\\Connection.php(423): Illuminate\\Database\\Connection->getPdoForSelect(true)
#9 C:\\Users\\Nathan\\Documents\\Cours\\BUT_2\\Photos\\vendor\\laravel\\framework\\src\\Illuminate\\Database\\Connection.php(816): Illuminate\\Database\\Connection->{closure:Illuminate\\Database\\Connection::select():414}('select * from `...', Array)
#10 C:\\Users\\Nathan\\Documents\\Cours\\BUT_2\\Photos\\vendor\\laravel\\framework\\src\\Illuminate\\Database\\Connection.php(783): Illuminate\\Database\\Connection->runQueryCallback('select * from `...', Array, Object(Closure))
#11 C:\\Users\\Nathan\\Documents\\Cours\\BUT_2\\Photos\\vendor\\laravel\\framework\\src\\Illuminate\\Database\\Connection.php(414): Illuminate\\Database\\Connection->run('select * from `...', Array, Object(Closure))
#12 C:\\Users\\Nathan\\Documents\\Cours\\BUT_2\\Photos\\vendor\\laravel\\framework\\src\\Illuminate\\Database\\Query\\Builder.php(2913): Illuminate\\Database\\Connection->select('select * from `...', Array, true)
#13 C:\\Users\\Nathan\\Documents\\Cours\\BUT_2\\Photos\\vendor\\laravel\\framework\\src\\Illuminate\\Database\\Query\\Builder.php(2902): Illuminate\\Database\\Query\\Builder->runSelect()
#14 C:\\Users\\Nathan\\Documents\\Cours\\BUT_2\\Photos\\vendor\\laravel\\framework\\src\\Illuminate\\Database\\Query\\Builder.php(3456): Illuminate\\Database\\Query\\Builder->{closure:Illuminate\\Database\\Query\\Builder::get():2901}()
#15 C:\\Users\\Nathan\\Documents\\Cours\\BUT_2\\Photos\\vendor\\laravel\\framework\\src\\Illuminate\\Database\\Query\\Builder.php(2901): Illuminate\\Database\\Query\\Builder->onceWithColumns(Array, Object(Closure))
#16 C:\\Users\\Nathan\\Documents\\Cours\\BUT_2\\Photos\\vendor\\laravel\\framework\\src\\Illuminate\\Database\\Eloquent\\Builder.php(739): Illuminate\\Database\\Query\\Builder->get(Array)
#17 C:\\Users\\Nathan\\Documents\\Cours\\BUT_2\\Photos\\vendor\\laravel\\framework\\src\\Illuminate\\Database\\Eloquent\\Builder.php(723): Illuminate\\Database\\Eloquent\\Builder->getModels(Array)
#18 C:\\Users\\Nathan\\Documents\\Cours\\BUT_2\\Photos\\routes\\web.php(23): Illuminate\\Database\\Eloquent\\Builder->get()
#19 C:\\Users\\Nathan\\Documents\\Cours\\BUT_2\\Photos\\vendor\\laravel\\framework\\src\\Illuminate\\Routing\\CallableDispatcher.php(40): Illuminate\\Routing\\RouteFileRegistrar->{closure:C:\\Users\\Nathan\\Documents\\Cours\\BUT_2\\Photos\\routes\\web.php:21}()
#20 C:\\Users\\Nathan\\Documents\\Cours\\BUT_2\\Photos\\vendor\\laravel\\framework\\src\\Illuminate\\Routing\\Route.php(237): Illuminate\\Routing\\CallableDispatcher->dispatch(Object(Illuminate\\Routing\\Route), Object(Closure))
#21 C:\\Users\\Nathan\\Documents\\Cours\\BUT_2\\Photos\\vendor\\laravel\\framework\\src\\Illuminate\\Routing\\Route.php(208): Illuminate\\Routing\\Route->runCallable()
#22 C:\\Users\\Nathan\\Documents\\Cours\\BUT_2\\Photos\\vendor\\laravel\\framework\\src\\Illuminate\\Routing\\Router.php(806): Illuminate\\Routing\\Route->run()
#23 C:\\Users\\Nathan\\Documents\\Cours\\BUT_2\\Photos\\vendor\\laravel\\framework\\src\\Illuminate\\Pipeline\\Pipeline.php(144): Illuminate\\Routing\\Router->{closure:Illuminate\\Routing\\Router::runRouteWithinStack():805}(Object(Illuminate\\Http\\Request))
#24 C:\\Users\\Nathan\\Documents\\Cours\\BUT_2\\Photos\\vendor\\laravel\\framework\\src\\Illuminate\\Routing\\Middleware\\SubstituteBindings.php(50): Illuminate\\Pipeline\\Pipeline->{closure:Illuminate\\Pipeline\\Pipeline::prepareDestination():142}(Object(Illuminate\\Http\\Request))
#25 C:\\Users\\Nathan\\Documents\\Cours\\BUT_2\\Photos\\vendor\\laravel\\framework\\src\\Illuminate\\Pipeline\\Pipeline.php(183): Illuminate\\Routing\\Middleware\\SubstituteBindings->handle(Object(Illuminate\\Http\\Request), Object(Closure))
#26 C:\\Users\\Nathan\\Documents\\Cours\\BUT_2\\Photos\\vendor\\laravel\\framework\\src\\Illuminate\\Foundation\\Http\\Middleware\\VerifyCsrfToken.php(78): Illuminate\\Pipeline\\Pipeline->{closure:{closure:Illuminate\\Pipeline\\Pipeline::carry():158}:159}(Object(Illuminate\\Http\\Request))
#27 C:\\Users\\Nathan\\Documents\\Cours\\BUT_2\\Photos\\vendor\\laravel\\framework\\src\\Illuminate\\Pipeline\\Pipeline.php(183): Illuminate\\Foundation\\Http\\Middleware\\VerifyCsrfToken->handle(Object(Illuminate\\Http\\Request), Object(Closure))
#28 C:\\Users\\Nathan\\Documents\\Cours\\BUT_2\\Photos\\vendor\\laravel\\framework\\src\\Illuminate\\View\\Middleware\\ShareErrorsFromSession.php(49): Illuminate\\Pipeline\\Pipeline->{closure:{closure:Illuminate\\Pipeline\\Pipeline::carry():158}:159}(Object(Illuminate\\Http\\Request))
#29 C:\\Users\\Nathan\\Documents\\Cours\\BUT_2\\Photos\\vendor\\laravel\\framework\\src\\Illuminate\\Pipeline\\Pipeline.php(183): Illuminate\\View\\Middleware\\ShareErrorsFromSession->handle(Object(Illuminate\\Http\\Request), Object(Closure))
#30 C:\\Users\\Nathan\\Documents\\Cours\\BUT_2\\Photos\\vendor\\laravel\\framework\\src\\Illuminate\\Session\\Middleware\\StartSession.php(121): Illuminate\\Pipeline\\Pipeline->{closure:{closure:Illuminate\\Pipeline\\Pipeline::carry():158}:159}(Object(Illuminate\\Http\\Request))
#31 C:\\Users\\Nathan\\Documents\\Cours\\BUT_2\\Photos\\vendor\\laravel\\framework\\src\\Illuminate\\Session\\Middleware\\StartSession.php(64): Illuminate\\Session\\Middleware\\StartSession->handleStatefulRequest(Object(Illuminate\\Http\\Request), Object(Illuminate\\Session\\Store), Object(Closure))
#32 C:\\Users\\Nathan\\Documents\\Cours\\BUT_2\\Photos\\vendor\\laravel\\framework\\src\\Illuminate\\Pipeline\\Pipeline.php(183): Illuminate\\Session\\Middleware\\StartSession->handle(Object(Illuminate\\Http\\Request), Object(Closure))
#33 C:\\Users\\Nathan\\Documents\\Cours\\BUT_2\\Photos\\vendor\\laravel\\framework\\src\\Illuminate\\Cookie\\Middleware\\AddQueuedCookiesToResponse.php(37): Illuminate\\Pipeline\\Pipeline->{closure:{closure:Illuminate\\Pipeline\\Pipeline::carry():158}:159}(Object(Illuminate\\Http\\Request))
#34 C:\\Users\\Nathan\\Documents\\Cours\\BUT_2\\Photos\\vendor\\laravel\\framework\\src\\Illuminate\\Pipeline\\Pipeline.php(183): Illuminate\\Cookie\\Middleware\\AddQueuedCookiesToResponse->handle(Object(Illuminate\\Http\\Request), Object(Closure))
#35 C:\\Users\\Nathan\\Documents\\Cours\\BUT_2\\Photos\\vendor\\laravel\\framework\\src\\Illuminate\\Cookie\\Middleware\\EncryptCookies.php(67): Illuminate\\Pipeline\\Pipeline->{closure:{closure:Illuminate\\Pipeline\\Pipeline::carry():158}:159}(Object(Illuminate\\Http\\Request))
#36 C:\\Users\\Nathan\\Documents\\Cours\\BUT_2\\Photos\\vendor\\laravel\\framework\\src\\Illuminate\\Pipeline\\Pipeline.php(183): Illuminate\\Cookie\\Middleware\\EncryptCookies->handle(Object(Illuminate\\Http\\Request), Object(Closure))
#37 C:\\Users\\Nathan\\Documents\\Cours\\BUT_2\\Photos\\vendor\\laravel\\framework\\src\\Illuminate\\Pipeline\\Pipeline.php(119): Illuminate\\Pipeline\\Pipeline->{closure:{closure:Illuminate\\Pipeline\\Pipeline::carry():158}:159}(Object(Illuminate\\Http\\Request))
#38 C:\\Users\\Nathan\\Documents\\Cours\\BUT_2\\Photos\\vendor\\laravel\\framework\\src\\Illuminate\\Routing\\Router.php(805): Illuminate\\Pipeline\\Pipeline->then(Object(Closure))
#39 C:\\Users\\Nathan\\Documents\\Cours\\BUT_2\\Photos\\vendor\\laravel\\framework\\src\\Illuminate\\Routing\\Router.php(784): Illuminate\\Routing\\Router->runRouteWithinStack(Object(Illuminate\\Routing\\Route), Object(Illuminate\\Http\\Request))
#40 C:\\Users\\Nathan\\Documents\\Cours\\BUT_2\\Photos\\vendor\\laravel\\framework\\src\\Illuminate\\Routing\\Router.php(748): Illuminate\\Routing\\Router->runRoute(Object(Illuminate\\Http\\Request), Object(Illuminate\\Routing\\Route))
#41 C:\\Users\\Nathan\\Documents\\Cours\\BUT_2\\Photos\\vendor\\laravel\\framework\\src\\Illuminate\\Routing\\Router.php(737): Illuminate\\Routing\\Router->dispatchToRoute(Object(Illuminate\\Http\\Request))
#42 C:\\Users\\Nathan\\Documents\\Cours\\BUT_2\\Photos\\vendor\\laravel\\framework\\src\\Illuminate\\Foundation\\Http\\Kernel.php(200): Illuminate\\Routing\\Router->dispatch(Object(Illuminate\\Http\\Request))
#43 C:\\Users\\Nathan\\Documents\\Cours\\BUT_2\\Photos\\vendor\\laravel\\framework\\src\\Illuminate\\Pipeline\\Pipeline.php(144): Illuminate\\Foundation\\Http\\Kernel->{closure:Illuminate\\Foundation\\Http\\Kernel::dispatchToRouter():197}(Object(Illuminate\\Http\\Request))
#44 C:\\Users\\Nathan\\Documents\\Cours\\BUT_2\\Photos\\vendor\\laravel\\framework\\src\\Illuminate\\Foundation\\Http\\Middleware\\TransformsRequest.php(21): Illuminate\\Pipeline\\Pipeline->{closure:Illuminate\\Pipeline\\Pipeline::prepareDestination():142}(Object(Illuminate\\Http\\Request))
#45 C:\\Users\\Nathan\\Documents\\Cours\\BUT_2\\Photos\\vendor\\laravel\\framework\\src\\Illuminate\\Foundation\\Http\\Middleware\\ConvertEmptyStringsToNull.php(31): Illuminate\\Foundation\\Http\\Middleware\\TransformsRequest->handle(Object(Illuminate\\Http\\Request), Object(Closure))
#46 C:\\Users\\Nathan\\Documents\\Cours\\BUT_2\\Photos\\vendor\\laravel\\framework\\src\\Illuminate\\Pipeline\\Pipeline.php(183): Illuminate\\Foundation\\Http\\Middleware\\ConvertEmptyStringsToNull->handle(Object(Illuminate\\Http\\Request), Object(Closure))
#47 C:\\Users\\Nathan\\Documents\\Cours\\BUT_2\\Photos\\vendor\\laravel\\framework\\src\\Illuminate\\Foundation\\Http\\Middleware\\TransformsRequest.php(21): Illuminate\\Pipeline\\Pipeline->{closure:{closure:Illuminate\\Pipeline\\Pipeline::carry():158}:159}(Object(Illuminate\\Http\\Request))
#48 C:\\Users\\Nathan\\Documents\\Cours\\BUT_2\\Photos\\vendor\\laravel\\framework\\src\\Illuminate\\Foundation\\Http\\Middleware\\TrimStrings.php(40): Illuminate\\Foundation\\Http\\Middleware\\TransformsRequest->handle(Object(Illuminate\\Http\\Request), Object(Closure))
#49 C:\\Users\\Nathan\\Documents\\Cours\\BUT_2\\Photos\\vendor\\laravel\\framework\\src\\Illuminate\\Pipeline\\Pipeline.php(183): Illuminate\\Foundation\\Http\\Middleware\\TrimStrings->handle(Object(Illuminate\\Http\\Request), Object(Closure))
#50 C:\\Users\\Nathan\\Documents\\Cours\\BUT_2\\Photos\\vendor\\laravel\\framework\\src\\Illuminate\\Foundation\\Http\\Middleware\\ValidatePostSize.php(27): Illuminate\\Pipeline\\Pipeline->{closure:{closure:Illuminate\\Pipeline\\Pipeline::carry():158}:159}(Object(Illuminate\\Http\\Request))
#51 C:\\Users\\Nathan\\Documents\\Cours\\BUT_2\\Photos\\vendor\\laravel\\framework\\src\\Illuminate\\Pipeline\\Pipeline.php(183): Illuminate\\Foundation\\Http\\Middleware\\ValidatePostSize->handle(Object(Illuminate\\Http\\Request), Object(Closure))
#52 C:\\Users\\Nathan\\Documents\\Cours\\BUT_2\\Photos\\vendor\\laravel\\framework\\src\\Illuminate\\Foundation\\Http\\Middleware\\PreventRequestsDuringMaintenance.php(99): Illuminate\\Pipeline\\Pipeline->{closure:{closure:Illuminate\\Pipeline\\Pipeline::carry():158}:159}(Object(Illuminate\\Http\\Request))
#53 C:\\Users\\Nathan\\Documents\\Cours\\BUT_2\\Photos\\vendor\\laravel\\framework\\src\\Illuminate\\Pipeline\\Pipeline.php(183): Illuminate\\Foundation\\Http\\Middleware\\PreventRequestsDuringMaintenance->handle(Object(Illuminate\\Http\\Request), Object(Closure))
#54 C:\\Users\\Nathan\\Documents\\Cours\\BUT_2\\Photos\\vendor\\laravel\\framework\\src\\Illuminate\\Http\\Middleware\\HandleCors.php(49): Illuminate\\Pipeline\\Pipeline->{closure:{closure:Illuminate\\Pipeline\\Pipeline::carry():158}:159}(Object(Illuminate\\Http\\Request))
#55 C:\\Users\\Nathan\\Documents\\Cours\\BUT_2\\Photos\\vendor\\laravel\\framework\\src\\Illuminate\\Pipeline\\Pipeline.php(183): Illuminate\\Http\\Middleware\\HandleCors->handle(Object(Illuminate\\Http\\Request), Object(Closure))
#56 C:\\Users\\Nathan\\Documents\\Cours\\BUT_2\\Photos\\vendor\\laravel\\framework\\src\\Illuminate\\Http\\Middleware\\TrustProxies.php(39): Illuminate\\Pipeline\\Pipeline->{closure:{closure:Illuminate\\Pipeline\\Pipeline::carry():158}:159}(Object(Illuminate\\Http\\Request))
#57 C:\\Users\\Nathan\\Documents\\Cours\\BUT_2\\Photos\\vendor\\laravel\\framework\\src\\Illuminate\\Pipeline\\Pipeline.php(183): Illuminate\\Http\\Middleware\\TrustProxies->handle(Object(Illuminate\\Http\\Request), Object(Closure))
#58 C:\\Users\\Nathan\\Documents\\Cours\\BUT_2\\Photos\\vendor\\laravel\\framework\\src\\Illuminate\\Pipeline\\Pipeline.php(119): Illuminate\\Pipeline\\Pipeline->{closure:{closure:Illuminate\\Pipeline\\Pipeline::carry():158}:159}(Object(Illuminate\\Http\\Request))
#59 C:\\Users\\Nathan\\Documents\\Cours\\BUT_2\\Photos\\vendor\\laravel\\framework\\src\\Illuminate\\Foundation\\Http\\Kernel.php(175): Illuminate\\Pipeline\\Pipeline->then(Object(Closure))
#60 C:\\Users\\Nathan\\Documents\\Cours\\BUT_2\\Photos\\vendor\\laravel\\framework\\src\\Illuminate\\Foundation\\Http\\Kernel.php(144): Illuminate\\Foundation\\Http\\Kernel->sendRequestThroughRouter(Object(Illuminate\\Http\\Request))
#61 C:\\Users\\Nathan\\Documents\\Cours\\BUT_2\\Photos\\public\\index.php(51): Illuminate\\Foundation\\Http\\Kernel->handle(Object(Illuminate\\Http\\Request))
#62 C:\\Users\\Nathan\\Documents\\Cours\\BUT_2\\Photos\\vendor\\laravel\\framework\\src\\Illuminate\\Foundation\\resources\\server.php(16): require_once('C:\\\\Users\\\\Nathan...')
#63 {main}
"} 
[2025-11-25 09:19:16] local.ERROR: SQLSTATE[HY000] [2002] Aucune connexion n’a pu être établie car l’ordinateur cible l’a expressément refusée (Connection: mysql, SQL: select * from `albums` order by `id` desc) {"exception":"[object] (Illuminate\\Database\\QueryException(code: 2002): SQLSTATE[HY000] [2002] Aucune connexion n’a pu être établie car l’ordinateur cible l’a expressément refusée (Connection: mysql, SQL: select * from `albums` order by `id` desc) at C:\\Users\\Nathan\\Documents\\Cours\\BUT_2\\Photos\\vendor\\laravel\\framework\\src\\Illuminate\\Database\\Connection.php:829)
[stacktrace]
#0 C:\\Users\\Nathan\\Documents\\Cours\\BUT_2\\Photos\\vendor\\laravel\\framework\\src\\Illuminate\\Database\\Connection.php(783): Illuminate\\Database\\Connection->runQueryCallback('select * from `...', Array, Object(Closure))
#1 C:\\Users\\Nathan\\Documents\\Cours\\BUT_2\\Photos\\vendor\\laravel\\framework\\src\\Illuminate\\Database\\Connection.php(414): Illuminate\\Database\\Connection->run('select * from `...', Array, Object(Closure))
#2 C:\\Users\\Nathan\\Documents\\Cours\\BUT_2\\Photos\\vendor\\laravel\\framework\\src\\Illuminate\\Database\\Query\\Builder.php(2913): Illuminate\\Database\\Connection->select('select * from `...', Array, true)
#3 C:\\Users\\Nathan\\Documents\\Cours\\BUT_2\\Photos\\vendor\\laravel\\framework\\src\\Illuminate\\Database\\Query\\Builder.php(2902): Illuminate\\Database\\Query\\Builder->runSelect()
#4 C:\\Users\\Nathan\\Documents\\Cours\\BUT_2\\Photos\\vendor\\laravel\\framework\\src\\Illuminate\\Database\\Query\\Builder.php(3456): Illuminate\\Database\\Query\\Builder->{closure:Illuminate\\Database\\Query\\Builder::get():2901}()
#5 C:\\Users\\Nathan\\Documents\\Cours\\BUT_2\\Photos\\vendor\\laravel\\framework\\src\\Illuminate\\Database\\Query\\Builder.php(2901): Illuminate\\Database\\Query\\Builder->onceWithColumns(Array, Object(Closure))
#6 C:\\Users\\Nathan\\Documents\\Cours\\BUT_2\\Photos\\vendor\\laravel\\framework\\src\\Illuminate\\Database\\Eloquent\\Builder.php(739): Illuminate\\Database\\Query\\Builder->get(Array)
#7 C:\\Users\\Nathan\\Documents\\Cours\\BUT_2\\Photos\\vendor\\laravel\\framework\\src\\Illuminate\\Database\\Eloquent\\Builder.php(723): Illuminate\\Database\\Eloquent\\Builder->getModels(Array)
#8 C:\\Users\\Nathan\\Documents\\Cours\\BUT_2\\Photos\\routes\\web.php(23): Illuminate\\Database\\Eloquent\\Builder->get()
#9 C:\\Users\\Nathan\\Documents\\Cours\\BUT_2\\Photos\\vendor\\laravel\\framework\\src\\Illuminate\\Routing\\CallableDispatcher.php(40): Illuminate\\Routing\\RouteFileRegistrar->{closure:C:\\Users\\Nathan\\Documents\\Cours\\BUT_2\\Photos\\routes\\web.php:21}()
#10 C:\\Users\\Nathan\\Documents\\Cours\\BUT_2\\Photos\\vendor\\laravel\\framework\\src\\Illuminate\\Routing\\Route.php(237): Illuminate\\Routing\\CallableDispatcher->dispatch(Object(Illuminate\\Routing\\Route), Object(Closure))
#11 C:\\Users\\Nathan\\Documents\\Cours\\BUT_2\\Photos\\vendor\\laravel\\framework\\src\\Illuminate\\Routing\\Route.php(208): Illuminate\\Routing\\Route->runCallable()
#12 C:\\Users\\Nathan\\Documents\\Cours\\BUT_2\\Photos\\vendor\\laravel\\framework\\src\\Illuminate\\Routing\\Router.php(806): Illuminate\\Routing\\Route->run()
#13 C:\\Users\\Nathan\\Documents\\Cours\\BUT_2\\Photos\\vendor\\laravel\\framework\\src\\Illuminate\\Pipeline\\Pipeline.php(144): Illuminate\\Routing\\Router->{closure:Illuminate\\Routing\\Router::runRouteWithinStack():805}(Object(Illuminate\\Http\\Request))
#14 C:\\Users\\Nathan\\Documents\\Cours\\BUT_2\\Photos\\vendor\\laravel\\framework\\src\\Illuminate\\Routing\\Middleware\\SubstituteBindings.php(50): Illuminate\\Pipeline\\Pipeline->{closure:Illuminate\\Pipeline\\Pipeline::prepareDestination():142}(Object(Illuminate\\Http\\Request))
#15 C:\\Users\\Nathan\\Documents\\Cours\\BUT_2\\Photos\\vendor\\laravel\\framework\\src\\Illuminate\\Pipeline\\Pipeline.php(183): Illuminate\\Routing\\Middleware\\SubstituteBindings->handle(Object(Illuminate\\Http\\Request), Object(Closure))
#16 C:\\Users\\Nathan\\Documents\\Cours\\BUT_2\\Photos\\vendor\\laravel\\framework\\src\\Illuminate\\Foundation\\Http\\Middleware\\VerifyCsrfToken.php(78): Illuminate\\Pipeline\\Pipeline->{closure:{closure:Illuminate\\Pipeline\\Pipeline::carry():158}:159}(Object(Illuminate\\Http\\Request))
#17 C:\\Users\\Nathan\\Documents\\Cours\\BUT_2\\Photos\\vendor\\laravel\\framework\\src\\Illuminate\\Pipeline\\Pipeline.php(183): Illuminate\\Foundation\\Http\\Middleware\\VerifyCsrfToken->handle(Object(Illuminate\\Http\\Request), Object(Closure))
#18 C:\\Users\\Nathan\\Documents\\Cours\\BUT_2\\Photos\\vendor\\laravel\\framework\\src\\Illuminate\\View\\Middleware\\ShareErrorsFromSession.php(49): Illuminate\\Pipeline\\Pipeline->{closure:{closure:Illuminate\\Pipeline\\Pipeline::carry():158}:159}(Object(Illuminate\\Http\\Request))
#19 C:\\Users\\Nathan\\Documents\\Cours\\BUT_2\\Photos\\vendor\\laravel\\framework\\src\\Illuminate\\Pipeline\\Pipeline.php(183): Illuminate\\View\\Middleware\\ShareErrorsFromSession->handle(Object(Illuminate\\Http\\Request), Object(Closure))
#20 C:\\Users\\Nathan\\Documents\\Cours\\BUT_2\\Photos\\vendor\\laravel\\framework\\src\\Illuminate\\Session\\Middleware\\StartSession.php(121): Illuminate\\Pipeline\\Pipeline->{closure:{closure:Illuminate\\Pipeline\\Pipeline::carry():158}:159}(Object(Illuminate\\Http\\Request))
#21 C:\\Users\\Nathan\\Documents\\Cours\\BUT_2\\Photos\\vendor\\laravel\\framework\\src\\Illuminate\\Session\\Middleware\\StartSession.php(64): Illuminate\\Session\\Middleware\\StartSession->handleStatefulRequest(Object(Illuminate\\Http\\Request), Object(Illuminate\\Session\\Store), Object(Closure))
#22 C:\\Users\\Nathan\\Documents\\Cours\\BUT_2\\Photos\\vendor\\laravel\\framework\\src\\Illuminate\\Pipeline\\Pipeline.php(183): Illuminate\\Session\\Middleware\\StartSession->handle(Object(Illuminate\\Http\\Request), Object(Closure))
#23 C:\\Users\\Nathan\\Documents\\Cours\\BUT_2\\Photos\\vendor\\laravel\\framework\\src\\Illuminate\\Cookie\\Middleware\\AddQueuedCookiesToResponse.php(37): Illuminate\\Pipeline\\Pipeline->{closure:{closure:Illuminate\\Pipeline\\Pipeline::carry():158}:159}(Object(Illuminate\\Http\\Request))
#24 C:\\Users\\Nathan\\Documents\\Cours\\BUT_2\\Photos\\vendor\\laravel\\framework\\src\\Illuminate\\Pipeline\\Pipeline.php(183): Illuminate\\Cookie\\Middleware\\AddQueuedCookiesToResponse->handle(Object(Illuminate\\Http\\Request), Object(Closure))
#25 C:\\Users\\Nathan\\Documents\\Cours\\BUT_2\\Photos\\vendor\\laravel\\framework\\src\\Illuminate\\Cookie\\Middleware\\EncryptCookies.php(67): Illuminate\\Pipeline\\Pipeline->{closure:{closure:Illuminate\\Pipeline\\Pipeline::carry():158}:159}(Object(Illuminate\\Http\\Request))
#26 C:\\Users\\Nathan\\Documents\\Cours\\BUT_2\\Photos\\vendor\\laravel\\framework\\src\\Illuminate\\Pipeline\\Pipeline.php(183): Illuminate\\Cookie\\Middleware\\EncryptCookies->handle(Object(Illuminate\\Http\\Request), Object(Closure))
#27 C:\\Users\\Nathan\\Documents\\Cours\\BUT_2\\Photos\\vendor\\laravel\\framework\\src\\Illuminate\\Pipeline\\Pipeline.php(119): Illuminate\\Pipeline\\Pipeline->{closure:{closure:Illuminate\\Pipeline\\Pipeline::carry():158}:159}(Object(Illuminate\\Http\\Request))
#28 C:\\Users\\Nathan\\Documents\\Cours\\BUT_2\\Photos\\vendor\\laravel\\framework\\src\\Illuminate\\Routing\\Router.php(805): Illuminate\\Pipeline\\Pipeline->then(Object(Closure))
#29 C:\\Users\\Nathan\\Documents\\Cours\\BUT_2\\Photos\\vendor\\laravel\\framework\\src\\Illuminate\\Routing\\Router.php(784): Illuminate\\Routing\\Router->runRouteWithinStack(Object(Illuminate\\Routing\\Route), Object(Illuminate\\Http\\Request))
#30 C:\\Users\\Nathan\\Documents\\Cours\\BUT_2\\Photos\\vendor\\laravel\\framework\\src\\Illuminate\\Routing\\Router.php(748): Illuminate\\Routing\\Router->runRoute(Object(Illuminate\\Http\\Request), Object(Illuminate\\Routing\\Route))
#31 C:\\Users\\Nathan\\Documents\\Cours\\BUT_2\\Photos\\vendor\\laravel\\framework\\src\\Illuminate\\Routing\\Router.php(737): Illuminate\\Routing\\Router->dispatchToRoute(Object(Illuminate\\Http\\Request))
#32 C:\\Users\\Nathan\\Documents\\Cours\\BUT_2\\Photos\\vendor\\laravel\\framework\\src\\Illuminate\\Foundation\\Http\\Kernel.php(200): Illuminate\\Routing\\Router->dispatch(Object(Illuminate\\Http\\Request))
#33 C:\\Users\\Nathan\\Documents\\Cours\\BUT_2\\Photos\\vendor\\laravel\\framework\\src\\Illuminate\\Pipeline\\Pipeline.php(144): Illuminate\\Foundation\\Http\\Kernel->{closure:Illuminate\\Foundation\\Http\\Kernel::dispatchToRouter():197}(Object(Illuminate\\Http\\Request))
#34 C:\\Users\\Nathan\\Documents\\Cours\\BUT_2\\Photos\\vendor\\laravel\\framework\\src\\Illuminate\\Foundation\\Http\\Middleware\\TransformsRequest.php(21): Illuminate\\Pipeline\\Pipeline->{closure:Illuminate\\Pipeline\\Pipeline::prepareDestination():142}(Object(Illuminate\\Http\\Request))
#35 C:\\Users\\Nathan\\Documents\\Cours\\BUT_2\\Photos\\vendor\\laravel\\framework\\src\\Illuminate\\Foundation\\Http\\Middleware\\ConvertEmptyStringsToNull.php(31): Illuminate\\Foundation\\Http\\Middleware\\TransformsRequest->handle(Object(Illuminate\\Http\\Request), Object(Closure))
#36 C:\\Users\\Nathan\\Documents\\Cours\\BUT_2\\Photos\\vendor\\laravel\\framework\\src\\Illuminate\\Pipeline\\Pipeline.php(183): Illuminate\\Foundation\\Http\\Middleware\\ConvertEmptyStringsToNull->handle(Object(Illuminate\\Http\\Request), Object(Closure))
#37 C:\\Users\\Nathan\\Documents\\Cours\\BUT_2\\Photos\\vendor\\laravel\\framework\\src\\Illuminate\\Foundation\\Http\\Middleware\\TransformsRequest.php(21): Illuminate\\Pipeline\\Pipeline->{closure:{closure:Illuminate\\Pipeline\\Pipeline::carry():158}:159}(Object(Illuminate\\Http\\Request))
#38 C:\\Users\\Nathan\\Documents\\Cours\\BUT_2\\Photos\\vendor\\laravel\\framework\\src\\Illuminate\\Foundation\\Http\\Middleware\\TrimStrings.php(40): Illuminate\\Foundation\\Http\\Middleware\\TransformsRequest->handle(Object(Illuminate\\Http\\Request), Object(Closure))
#39 C:\\Users\\Nathan\\Documents\\Cours\\BUT_2\\Photos\\vendor\\laravel\\framework\\src\\Illuminate\\Pipeline\\Pipeline.php(183): Illuminate\\Foundation\\Http\\Middleware\\TrimStrings->handle(Object(Illuminate\\Http\\Request), Object(Closure))
#40 C:\\Users\\Nathan\\Documents\\Cours\\BUT_2\\Photos\\vendor\\laravel\\framework\\src\\Illuminate\\Foundation\\Http\\Middleware\\ValidatePostSize.php(27): Illuminate\\Pipeline\\Pipeline->{closure:{closure:Illuminate\\Pipeline\\Pipeline::carry():158}:159}(Object(Illuminate\\Http\\Request))
#41 C:\\Users\\Nathan\\Documents\\Cours\\BUT_2\\Photos\\vendor\\laravel\\framework\\src\\Illuminate\\Pipeline\\Pipeline.php(183): Illuminate\\Foundation\\Http\\Middleware\\ValidatePostSize->handle(Object(Illuminate\\Http\\Request), Object(Closure))
#42 C:\\Users\\Nathan\\Documents\\Cours\\BUT_2\\Photos\\vendor\\laravel\\framework\\src\\Illuminate\\Foundation\\Http\\Middleware\\PreventRequestsDuringMaintenance.php(99): Illuminate\\Pipeline\\Pipeline->{closure:{closure:Illuminate\\Pipeline\\Pipeline::carry():158}:159}(Object(Illuminate\\Http\\Request))
#43 C:\\Users\\Nathan\\Documents\\Cours\\BUT_2\\Photos\\vendor\\laravel\\framework\\src\\Illuminate\\Pipeline\\Pipeline.php(183): Illuminate\\Foundation\\Http\\Middleware\\PreventRequestsDuringMaintenance->handle(Object(Illuminate\\Http\\Request), Object(Closure))
#44 C:\\Users\\Nathan\\Documents\\Cours\\BUT_2\\Photos\\vendor\\laravel\\framework\\src\\Illuminate\\Http\\Middleware\\HandleCors.php(49): Illuminate\\Pipeline\\Pipeline->{closure:{closure:Illuminate\\Pipeline\\Pipeline::carry():158}:159}(Object(Illuminate\\Http\\Request))
#45 C:\\Users\\Nathan\\Documents\\Cours\\BUT_2\\Photos\\vendor\\laravel\\framework\\src\\Illuminate\\Pipeline\\Pipeline.php(183): Illuminate\\Http\\Middleware\\HandleCors->handle(Object(Illuminate\\Http\\Request), Object(Closure))
#46 C:\\Users\\Nathan\\Documents\\Cours\\BUT_2\\Photos\\vendor\\laravel\\framework\\src\\Illuminate\\Http\\Middleware\\TrustProxies.php(39): Illuminate\\Pipeline\\Pipeline->{closure:{closure:Illuminate\\Pipeline\\Pipeline::carry():158}:159}(Object(Illuminate\\Http\\Request))
#47 C:\\Users\\Nathan\\Documents\\Cours\\BUT_2\\Photos\\vendor\\laravel\\framework\\src\\Illuminate\\Pipeline\\Pipeline.php(183): Illuminate\\Http\\Middleware\\TrustProxies->handle(Object(Illuminate\\Http\\Request), Object(Closure))
#48 C:\\Users\\Nathan\\Documents\\Cours\\BUT_2\\Photos\\vendor\\laravel\\framework\\src\\Illuminate\\Pipeline\\Pipeline.php(119): Illuminate\\Pipeline\\Pipeline->{closure:{closure:Illuminate\\Pipeline\\Pipeline::carry():158}:159}(Object(Illuminate\\Http\\Request))
#49 C:\\Users\\Nathan\\Documents\\Cours\\BUT_2\\Photos\\vendor\\laravel\\framework\\src\\Illuminate\\Foundation\\Http\\Kernel.php(175): Illuminate\\Pipeline\\Pipeline->then(Object(Closure))
#50 C:\\Users\\Nathan\\Documents\\Cours\\BUT_2\\Photos\\vendor\\laravel\\framework\\src\\Illuminate\\Foundation\\Http\\Kernel.php(144): Illuminate\\Foundation\\Http\\Kernel->sendRequestThroughRouter(Object(Illuminate\\Http\\Request))
#51 C:\\Users\\Nathan\\Documents\\Cours\\BUT_2\\Photos\\public\\index.php(51): Illuminate\\Foundation\\Http\\Kernel->handle(Object(Illuminate\\Http\\Request))
#52 C:\\Users\\Nathan\\Documents\\Cours\\BUT_2\\Photos\\vendor\\laravel\\framework\\src\\Illuminate\\Foundation\\resources\\server.php(16): require_once('C:\\\\Users\\\\Nathan...')
#53 {main}

[previous exception] [object] (PDOException(code: 2002): SQLSTATE[HY000] [2002] Aucune connexion n’a pu être établie car l’ordinateur cible l’a expressément refusée at C:\\Users\\Nathan\\Documents\\Cours\\BUT_2\\Photos\\vendor\\laravel\\framework\\src\\Illuminate\\Database\\Connectors\\Connector.php:65)
[stacktrace]
#0 C:\\Users\\Nathan\\Documents\\Cours\\BUT_2\\Photos\\vendor\\laravel\\framework\\src\\Illuminate\\Database\\Connectors\\Connector.php(65): PDO->__construct('mysql:host=127....', 'root', Object(SensitiveParameterValue), Array)
#1 C:\\Users\\Nathan\\Documents\\Cours\\BUT_2\\Photos\\vendor\\laravel\\framework\\src\\Illuminate\\Database\\Connectors\\Connector.php(44): Illuminate\\Database\\Connectors\\Connector->createPdoConnection('mysql:host=127....', 'root', '', Array)
#2 C:\\Users\\Nathan\\Documents\\Cours\\BUT_2\\Photos\\vendor\\laravel\\framework\\src\\Illuminate\\Database\\Connectors\\MySqlConnector.php(24): Illuminate\\Database\\Connectors\\Connector->createConnection('mysql:host=127....', Array, Array)
#3 C:\\Users\\Nathan\\Documents\\Cours\\BUT_2\\Photos\\vendor\\laravel\\framework\\src\\Illuminate\\Database\\Connectors\\ConnectionFactory.php(184): Illuminate\\Database\\Connectors\\MySqlConnector->connect(Array)
#4 [internal function]: Illuminate\\Database\\Connectors\\ConnectionFactory->{closure:Illuminate\\Database\\Connectors\\ConnectionFactory::createPdoResolverWithHosts():179}()
#5 C:\\Users\\Nathan\\Documents\\Cours\\BUT_2\\Photos\\vendor\\laravel\\framework\\src\\Illuminate\\Database\\Connection.php(1339): call_user_func(Object(Closure))
#6 C:\\Users\\Nathan\\Documents\\Cours\\BUT_2\\Photos\\vendor\\laravel\\framework\\src\\Illuminate\\Database\\Connection.php(1375): Illuminate\\Database\\Connection->getPdo()
#7 C:\\Users\\Nathan\\Documents\\Cours\\BUT_2\\Photos\\vendor\\laravel\\framework\\src\\Illuminate\\Database\\Connection.php(528): Illuminate\\Database\\Connection->getReadPdo()
#8 C:\\Users\\Nathan\\Documents\\Cours\\BUT_2\\Photos\\vendor\\laravel\\framework\\src\\Illuminate\\Database\\Connection.php(423): Illuminate\\Database\\Connection->getPdoForSelect(true)
#9 C:\\Users\\Nathan\\Documents\\Cours\\BUT_2\\Photos\\vendor\\laravel\\framework\\src\\Illuminate\\Database\\Connection.php(816): Illuminate\\Database\\Connection->{closure:Illuminate\\Database\\Connection::select():414}('select * from `...', Array)
#10 C:\\Users\\Nathan\\Documents\\Cours\\BUT_2\\Photos\\vendor\\laravel\\framework\\src\\Illuminate\\Database\\Connection.php(783): Illuminate\\Database\\Connection->runQueryCallback('select * from `...', Array, Object(Closure))
#11 C:\\Users\\Nathan\\Documents\\Cours\\BUT_2\\Photos\\vendor\\laravel\\framework\\src\\Illuminate\\Database\\Connection.php(414): Illuminate\\Database\\Connection->run('select * from `...', Array, Object(Closure))
#12 C:\\Users\\Nathan\\Documents\\Cours\\BUT_2\\Photos\\vendor\\laravel\\framework\\src\\Illuminate\\Database\\Query\\Builder.php(2913): Illuminate\\Database\\Connection->select('select * from `...', Array, true)
#13 C:\\Users\\Nathan\\Documents\\Cours\\BUT_2\\Photos\\vendor\\laravel\\framework\\src\\Illuminate\\Database\\Query\\Builder.php(2902): Illuminate\\Database\\Query\\Builder->runSelect()
#14 C:\\Users\\Nathan\\Documents\\Cours\\BUT_2\\Photos\\vendor\\laravel\\framework\\src\\Illuminate\\Database\\Query\\Builder.php(3456): Illuminate\\Database\\Query\\Builder->{closure:Illuminate\\Database\\Query\\Builder::get():2901}()
#15 C:\\Users\\Nathan\\Documents\\Cours\\BUT_2\\Photos\\vendor\\laravel\\framework\\src\\Illuminate\\Database\\Query\\Builder.php(2901): Illuminate\\Database\\Query\\Builder->onceWithColumns(Array, Object(Closure))
#16 C:\\Users\\Nathan\\Documents\\Cours\\BUT_2\\Photos\\vendor\\laravel\\framework\\src\\Illuminate\\Database\\Eloquent\\Builder.php(739): Illuminate\\Database\\Query\\Builder->get(Array)
#17 C:\\Users\\Nathan\\Documents\\Cours\\BUT_2\\Photos\\vendor\\laravel\\framework\\src\\Illuminate\\Database\\Eloquent\\Builder.php(723): Illuminate\\Database\\Eloquent\\Builder->getModels(Array)
#18 C:\\Users\\Nathan\\Documents\\Cours\\BUT_2\\Photos\\routes\\web.php(23): Illuminate\\Database\\Eloquent\\Builder->get()
#19 C:\\Users\\Nathan\\Documents\\Cours\\BUT_2\\Photos\\vendor\\laravel\\framework\\src\\Illuminate\\Routing\\CallableDispatcher.php(40): Illuminate\\Routing\\RouteFileRegistrar->{closure:C:\\Users\\Nathan\\Documents\\Cours\\BUT_2\\Photos\\routes\\web.php:21}()
#20 C:\\Users\\Nathan\\Documents\\Cours\\BUT_2\\Photos\\vendor\\laravel\\framework\\src\\Illuminate\\Routing\\Route.php(237): Illuminate\\Routing\\CallableDispatcher->dispatch(Object(Illuminate\\Routing\\Route), Object(Closure))
#21 C:\\Users\\Nathan\\Documents\\Cours\\BUT_2\\Photos\\vendor\\laravel\\framework\\src\\Illuminate\\Routing\\Route.php(208): Illuminate\\Routing\\Route->runCallable()
#22 C:\\Users\\Nathan\\Documents\\Cours\\BUT_2\\Photos\\vendor\\laravel\\framework\\src\\Illuminate\\Routing\\Router.php(806): Illuminate\\Routing\\Route->run()
#23 C:\\Users\\Nathan\\Documents\\Cours\\BUT_2\\Photos\\vendor\\laravel\\framework\\src\\Illuminate\\Pipeline\\Pipeline.php(144): Illuminate\\Routing\\Router->{closure:Illuminate\\Routing\\Router::runRouteWithinStack():805}(Object(Illuminate\\Http\\Request))
#24 C:\\Users\\Nathan\\Documents\\Cours\\BUT_2\\Photos\\vendor\\laravel\\framework\\src\\Illuminate\\Routing\\Middleware\\SubstituteBindings.php(50): Illuminate\\Pipeline\\Pipeline->{closure:Illuminate\\Pipeline\\Pipeline::prepareDestination():142}(Object(Illuminate\\Http\\Request))
#25 C:\\Users\\Nathan\\Documents\\Cours\\BUT_2\\Photos\\vendor\\laravel\\framework\\src\\Illuminate\\Pipeline\\Pipeline.php(183): Illuminate\\Routing\\Middleware\\SubstituteBindings->handle(Object(Illuminate\\Http\\Request), Object(Closure))
#26 C:\\Users\\Nathan\\Documents\\Cours\\BUT_2\\Photos\\vendor\\laravel\\framework\\src\\Illuminate\\Foundation\\Http\\Middleware\\VerifyCsrfToken.php(78): Illuminate\\Pipeline\\Pipeline->{closure:{closure:Illuminate\\Pipeline\\Pipeline::carry():158}:159}(Object(Illuminate\\Http\\Request))
#27 C:\\Users\\Nathan\\Documents\\Cours\\BUT_2\\Photos\\vendor\\laravel\\framework\\src\\Illuminate\\Pipeline\\Pipeline.php(183): Illuminate\\Foundation\\Http\\Middleware\\VerifyCsrfToken->handle(Object(Illuminate\\Http\\Request), Object(Closure))
#28 C:\\Users\\Nathan\\Documents\\Cours\\BUT_2\\Photos\\vendor\\laravel\\framework\\src\\Illuminate\\View\\Middleware\\ShareErrorsFromSession.php(49): Illuminate\\Pipeline\\Pipeline->{closure:{closure:Illuminate\\Pipeline\\Pipeline::carry():158}:159}(Object(Illuminate\\Http\\Request))
#29 C:\\Users\\Nathan\\Documents\\Cours\\BUT_2\\Photos\\vendor\\laravel\\framework\\src\\Illuminate\\Pipeline\\Pipeline.php(183): Illuminate\\View\\Middleware\\ShareErrorsFromSession->handle(Object(Illuminate\\Http\\Request), Object(Closure))
#30 C:\\Users\\Nathan\\Documents\\Cours\\BUT_2\\Photos\\vendor\\laravel\\framework\\src\\Illuminate\\Session\\Middleware\\StartSession.php(121): Illuminate\\Pipeline\\Pipeline->{closure:{closure:Illuminate\\Pipeline\\Pipeline::carry():158}:159}(Object(Illuminate\\Http\\Request))
#31 C:\\Users\\Nathan\\Documents\\Cours\\BUT_2\\Photos\\vendor\\laravel\\framework\\src\\Illuminate\\Session\\Middleware\\StartSession.php(64): Illuminate\\Session\\Middleware\\StartSession->handleStatefulRequest(Object(Illuminate\\Http\\Request), Object(Illuminate\\Session\\Store), Object(Closure))
#32 C:\\Users\\Nathan\\Documents\\Cours\\BUT_2\\Photos\\vendor\\laravel\\framework\\src\\Illuminate\\Pipeline\\Pipeline.php(183): Illuminate\\Session\\Middleware\\StartSession->handle(Object(Illuminate\\Http\\Request), Object(Closure))
#33 C:\\Users\\Nathan\\Documents\\Cours\\BUT_2\\Photos\\vendor\\laravel\\framework\\src\\Illuminate\\Cookie\\Middleware\\AddQueuedCookiesToResponse.php(37): Illuminate\\Pipeline\\Pipeline->{closure:{closure:Illuminate\\Pipeline\\Pipeline::carry():158}:159}(Object(Illuminate\\Http\\Request))
#34 C:\\Users\\Nathan\\Documents\\Cours\\BUT_2\\Photos\\vendor\\laravel\\framework\\src\\Illuminate\\Pipeline\\Pipeline.php(183): Illuminate\\Cookie\\Middleware\\AddQueuedCookiesToResponse->handle(Object(Illuminate\\Http\\Request), Object(Closure))
#35 C:\\Users\\Nathan\\Documents\\Cours\\BUT_2\\Photos\\vendor\\laravel\\framework\\src\\Illuminate\\Cookie\\Middleware\\EncryptCookies.php(67): Illuminate\\Pipeline\\Pipeline->{closure:{closure:Illuminate\\Pipeline\\Pipeline::carry():158}:159}(Object(Illuminate\\Http\\Request))
#36 C:\\Users\\Nathan\\Documents\\Cours\\BUT_2\\Photos\\vendor\\laravel\\framework\\src\\Illuminate\\Pipeline\\Pipeline.php(183): Illuminate\\Cookie\\Middleware\\EncryptCookies->handle(Object(Illuminate\\Http\\Request), Object(Closure))
#37 C:\\Users\\Nathan\\Documents\\Cours\\BUT_2\\Photos\\vendor\\laravel\\framework\\src\\Illuminate\\Pipeline\\Pipeline.php(119): Illuminate\\Pipeline\\Pipeline->{closure:{closure:Illuminate\\Pipeline\\Pipeline::carry():158}:159}(Object(Illuminate\\Http\\Request))
#38 C:\\Users\\Nathan\\Documents\\Cours\\BUT_2\\Photos\\vendor\\laravel\\framework\\src\\Illuminate\\Routing\\Router.php(805): Illuminate\\Pipeline\\Pipeline->then(Object(Closure))
#39 C:\\Users\\Nathan\\Documents\\Cours\\BUT_2\\Photos\\vendor\\laravel\\framework\\src\\Illuminate\\Routing\\Router.php(784): Illuminate\\Routing\\Router->runRouteWithinStack(Object(Illuminate\\Routing\\Route), Object(Illuminate\\Http\\Request))
#40 C:\\Users\\Nathan\\Documents\\Cours\\BUT_2\\Photos\\vendor\\laravel\\framework\\src\\Illuminate\\Routing\\Router.php(748): Illuminate\\Routing\\Router->runRoute(Object(Illuminate\\Http\\Request), Object(Illuminate\\Routing\\Route))
#41 C:\\Users\\Nathan\\Documents\\Cours\\BUT_2\\Photos\\vendor\\laravel\\framework\\src\\Illuminate\\Routing\\Router.php(737): Illuminate\\Routing\\Router->dispatchToRoute(Object(Illuminate\\Http\\Request))
#42 C:\\Users\\Nathan\\Documents\\Cours\\BUT_2\\Photos\\vendor\\laravel\\framework\\src\\Illuminate\\Foundation\\Http\\Kernel.php(200): Illuminate\\Routing\\Router->dispatch(Object(Illuminate\\Http\\Request))
#43 C:\\Users\\Nathan\\Documents\\Cours\\BUT_2\\Photos\\vendor\\laravel\\framework\\src\\Illuminate\\Pipeline\\Pipeline.php(144): Illuminate\\Foundation\\Http\\Kernel->{closure:Illuminate\\Foundation\\Http\\Kernel::dispatchToRouter():197}(Object(Illuminate\\Http\\Request))
#44 C:\\Users\\Nathan\\Documents\\Cours\\BUT_2\\Photos\\vendor\\laravel\\framework\\src\\Illuminate\\Foundation\\Http\\Middleware\\TransformsRequest.php(21): Illuminate\\Pipeline\\Pipeline->{closure:Illuminate\\Pipeline\\Pipeline::prepareDestination():142}(Object(Illuminate\\Http\\Request))
#45 C:\\Users\\Nathan\\Documents\\Cours\\BUT_2\\Photos\\vendor\\laravel\\framework\\src\\Illuminate\\Foundation\\Http\\Middleware\\ConvertEmptyStringsToNull.php(31): Illuminate\\Foundation\\Http\\Middleware\\TransformsRequest->handle(Object(Illuminate\\Http\\Request), Object(Closure))
#46 C:\\Users\\Nathan\\Documents\\Cours\\BUT_2\\Photos\\vendor\\laravel\\framework\\src\\Illuminate\\Pipeline\\Pipeline.php(183): Illuminate\\Foundation\\Http\\Middleware\\ConvertEmptyStringsToNull->handle(Object(Illuminate\\Http\\Request), Object(Closure))
#47 C:\\Users\\Nathan\\Documents\\Cours\\BUT_2\\Photos\\vendor\\laravel\\framework\\src\\Illuminate\\Foundation\\Http\\Middleware\\TransformsRequest.php(21): Illuminate\\Pipeline\\Pipeline->{closure:{closure:Illuminate\\Pipeline\\Pipeline::carry():158}:159}(Object(Illuminate\\Http\\Request))
#48 C:\\Users\\Nathan\\Documents\\Cours\\BUT_2\\Photos\\vendor\\laravel\\framework\\src\\Illuminate\\Foundation\\Http\\Middleware\\TrimStrings.php(40): Illuminate\\Foundation\\Http\\Middleware\\TransformsRequest->handle(Object(Illuminate\\Http\\Request), Object(Closure))
#49 C:\\Users\\Nathan\\Documents\\Cours\\BUT_2\\Photos\\vendor\\laravel\\framework\\src\\Illuminate\\Pipeline\\Pipeline.php(183): Illuminate\\Foundation\\Http\\Middleware\\TrimStrings->handle(Object(Illuminate\\Http\\Request), Object(Closure))
#50 C:\\Users\\Nathan\\Documents\\Cours\\BUT_2\\Photos\\vendor\\laravel\\framework\\src\\Illuminate\\Foundation\\Http\\Middleware\\ValidatePostSize.php(27): Illuminate\\Pipeline\\Pipeline->{closure:{closure:Illuminate\\Pipeline\\Pipeline::carry():158}:159}(Object(Illuminate\\Http\\Request))
#51 C:\\Users\\Nathan\\Documents\\Cours\\BUT_2\\Photos\\vendor\\laravel\\framework\\src\\Illuminate\\Pipeline\\Pipeline.php(183): Illuminate\\Foundation\\Http\\Middleware\\ValidatePostSize->handle(Object(Illuminate\\Http\\Request), Object(Closure))
#52 C:\\Users\\Nathan\\Documents\\Cours\\BUT_2\\Photos\\vendor\\laravel\\framework\\src\\Illuminate\\Foundation\\Http\\Middleware\\PreventRequestsDuringMaintenance.php(99): Illuminate\\Pipeline\\Pipeline->{closure:{closure:Illuminate\\Pipeline\\Pipeline::carry():158}:159}(Object(Illuminate\\Http\\Request))
#53 C:\\Users\\Nathan\\Documents\\Cours\\BUT_2\\Photos\\vendor\\laravel\\framework\\src\\Illuminate\\Pipeline\\Pipeline.php(183): Illuminate\\Foundation\\Http\\Middleware\\PreventRequestsDuringMaintenance->handle(Object(Illuminate\\Http\\Request), Object(Closure))
#54 C:\\Users\\Nathan\\Documents\\Cours\\BUT_2\\Photos\\vendor\\laravel\\framework\\src\\Illuminate\\Http\\Middleware\\HandleCors.php(49): Illuminate\\Pipeline\\Pipeline->{closure:{closure:Illuminate\\Pipeline\\Pipeline::carry():158}:159}(Object(Illuminate\\Http\\Request))
#55 C:\\Users\\Nathan\\Documents\\Cours\\BUT_2\\Photos\\vendor\\laravel\\framework\\src\\Illuminate\\Pipeline\\Pipeline.php(183): Illuminate\\Http\\Middleware\\HandleCors->handle(Object(Illuminate\\Http\\Request), Object(Closure))
#56 C:\\Users\\Nathan\\Documents\\Cours\\BUT_2\\Photos\\vendor\\laravel\\framework\\src\\Illuminate\\Http\\Middleware\\TrustProxies.php(39): Illuminate\\Pipeline\\Pipeline->{closure:{closure:Illuminate\\Pipeline\\Pipeline::carry():158}:159}(Object(Illuminate\\Http\\Request))
#57 C:\\Users\\Nathan\\Documents\\Cours\\BUT_2\\Photos\\vendor\\laravel\\framework\\src\\Illuminate\\Pipeline\\Pipeline.php(183): Illuminate\\Http\\Middleware\\TrustProxies->handle(Object(Illuminate\\Http\\Request), Object(Closure))
#58 C:\\Users\\Nathan\\Documents\\Cours\\BUT_2\\Photos\\vendor\\laravel\\framework\\src\\Illuminate\\Pipeline\\Pipeline.php(119): Illuminate\\Pipeline\\Pipeline->{closure:{closure:Illuminate\\Pipeline\\Pipeline::carry():158}:159}(Object(Illuminate\\Http\\Request))
#59 C:\\Users\\Nathan\\Documents\\Cours\\BUT_2\\Photos\\vendor\\laravel\\framework\\src\\Illuminate\\Foundation\\Http\\Kernel.php(175): Illuminate\\Pipeline\\Pipeline->then(Object(Closure))
#60 C:\\Users\\Nathan\\Documents\\Cours\\BUT_2\\Photos\\vendor\\laravel\\framework\\src\\Illuminate\\Foundation\\Http\\Kernel.php(144): Illuminate\\Foundation\\Http\\Kernel->sendRequestThroughRouter(Object(Illuminate\\Http\\Request))
#61 C:\\Users\\Nathan\\Documents\\Cours\\BUT_2\\Photos\\public\\index.php(51): Illuminate\\Foundation\\Http\\Kernel->handle(Object(Illuminate\\Http\\Request))
#62 C:\\Users\\Nathan\\Documents\\Cours\\BUT_2\\Photos\\vendor\\laravel\\framework\\src\\Illuminate\\Foundation\\resources\\server.php(16): require_once('C:\\\\Users\\\\Nathan...')
#63 {main}
"} 
[2025-11-25 09:19:21] local.ERROR: SQLSTATE[HY000] [2002] Aucune connexion n’a pu être établie car l’ordinateur cible l’a expressément refusée (Connection: mysql, SQL: select * from `albums` order by `id` desc) {"exception":"[object] (Illuminate\\Database\\QueryException(code: 2002): SQLSTATE[HY000] [2002] Aucune connexion n’a pu être établie car l’ordinateur cible l’a expressément refusée (Connection: mysql, SQL: select * from `albums` order by `id` desc) at C:\\Users\\Nathan\\Documents\\Cours\\BUT_2\\Photos\\vendor\\laravel\\framework\\src\\Illuminate\\Database\\Connection.php:829)
[stacktrace]
#0 C:\\Users\\Nathan\\Documents\\Cours\\BUT_2\\Photos\\vendor\\laravel\\framework\\src\\Illuminate\\Database\\Connection.php(783): Illuminate\\Database\\Connection->runQueryCallback('select * from `...', Array, Object(Closure))
#1 C:\\Users\\Nathan\\Documents\\Cours\\BUT_2\\Photos\\vendor\\laravel\\framework\\src\\Illuminate\\Database\\Connection.php(414): Illuminate\\Database\\Connection->run('select * from `...', Array, Object(Closure))
#2 C:\\Users\\Nathan\\Documents\\Cours\\BUT_2\\Photos\\vendor\\laravel\\framework\\src\\Illuminate\\Database\\Query\\Builder.php(2913): Illuminate\\Database\\Connection->select('select * from `...', Array, true)
#3 C:\\Users\\Nathan\\Documents\\Cours\\BUT_2\\Photos\\vendor\\laravel\\framework\\src\\Illuminate\\Database\\Query\\Builder.php(2902): Illuminate\\Database\\Query\\Builder->runSelect()
#4 C:\\Users\\Nathan\\Documents\\Cours\\BUT_2\\Photos\\vendor\\laravel\\framework\\src\\Illuminate\\Database\\Query\\Builder.php(3456): Illuminate\\Database\\Query\\Builder->{closure:Illuminate\\Database\\Query\\Builder::get():2901}()
#5 C:\\Users\\Nathan\\Documents\\Cours\\BUT_2\\Photos\\vendor\\laravel\\framework\\src\\Illuminate\\Database\\Query\\Builder.php(2901): Illuminate\\Database\\Query\\Builder->onceWithColumns(Array, Object(Closure))
#6 C:\\Users\\Nathan\\Documents\\Cours\\BUT_2\\Photos\\vendor\\laravel\\framework\\src\\Illuminate\\Database\\Eloquent\\Builder.php(739): Illuminate\\Database\\Query\\Builder->get(Array)
#7 C:\\Users\\Nathan\\Documents\\Cours\\BUT_2\\Photos\\vendor\\laravel\\framework\\src\\Illuminate\\Database\\Eloquent\\Builder.php(723): Illuminate\\Database\\Eloquent\\Builder->getModels(Array)
#8 C:\\Users\\Nathan\\Documents\\Cours\\BUT_2\\Photos\\routes\\web.php(23): Illuminate\\Database\\Eloquent\\Builder->get()
#9 C:\\Users\\Nathan\\Documents\\Cours\\BUT_2\\Photos\\vendor\\laravel\\framework\\src\\Illuminate\\Routing\\CallableDispatcher.php(40): Illuminate\\Routing\\RouteFileRegistrar->{closure:C:\\Users\\Nathan\\Documents\\Cours\\BUT_2\\Photos\\routes\\web.php:21}()
#10 C:\\Users\\Nathan\\Documents\\Cours\\BUT_2\\Photos\\vendor\\laravel\\framework\\src\\Illuminate\\Routing\\Route.php(237): Illuminate\\Routing\\CallableDispatcher->dispatch(Object(Illuminate\\Routing\\Route), Object(Closure))
#11 C:\\Users\\Nathan\\Documents\\Cours\\BUT_2\\Photos\\vendor\\laravel\\framework\\src\\Illuminate\\Routing\\Route.php(208): Illuminate\\Routing\\Route->runCallable()
#12 C:\\Users\\Nathan\\Documents\\Cours\\BUT_2\\Photos\\vendor\\laravel\\framework\\src\\Illuminate\\Routing\\Router.php(806): Illuminate\\Routing\\Route->run()
#13 C:\\Users\\Nathan\\Documents\\Cours\\BUT_2\\Photos\\vendor\\laravel\\framework\\src\\Illuminate\\Pipeline\\Pipeline.php(144): Illuminate\\Routing\\Router->{closure:Illuminate\\Routing\\Router::runRouteWithinStack():805}(Object(Illuminate\\Http\\Request))
#14 C:\\Users\\Nathan\\Documents\\Cours\\BUT_2\\Photos\\vendor\\laravel\\framework\\src\\Illuminate\\Routing\\Middleware\\SubstituteBindings.php(50): Illuminate\\Pipeline\\Pipeline->{closure:Illuminate\\Pipeline\\Pipeline::prepareDestination():142}(Object(Illuminate\\Http\\Request))
#15 C:\\Users\\Nathan\\Documents\\Cours\\BUT_2\\Photos\\vendor\\laravel\\framework\\src\\Illuminate\\Pipeline\\Pipeline.php(183): Illuminate\\Routing\\Middleware\\SubstituteBindings->handle(Object(Illuminate\\Http\\Request), Object(Closure))
#16 C:\\Users\\Nathan\\Documents\\Cours\\BUT_2\\Photos\\vendor\\laravel\\framework\\src\\Illuminate\\Foundation\\Http\\Middleware\\VerifyCsrfToken.php(78): Illuminate\\Pipeline\\Pipeline->{closure:{closure:Illuminate\\Pipeline\\Pipeline::carry():158}:159}(Object(Illuminate\\Http\\Request))
#17 C:\\Users\\Nathan\\Documents\\Cours\\BUT_2\\Photos\\vendor\\laravel\\framework\\src\\Illuminate\\Pipeline\\Pipeline.php(183): Illuminate\\Foundation\\Http\\Middleware\\VerifyCsrfToken->handle(Object(Illuminate\\Http\\Request), Object(Closure))
#18 C:\\Users\\Nathan\\Documents\\Cours\\BUT_2\\Photos\\vendor\\laravel\\framework\\src\\Illuminate\\View\\Middleware\\ShareErrorsFromSession.php(49): Illuminate\\Pipeline\\Pipeline->{closure:{closure:Illuminate\\Pipeline\\Pipeline::carry():158}:159}(Object(Illuminate\\Http\\Request))
#19 C:\\Users\\Nathan\\Documents\\Cours\\BUT_2\\Photos\\vendor\\laravel\\framework\\src\\Illuminate\\Pipeline\\Pipeline.php(183): Illuminate\\View\\Middleware\\ShareErrorsFromSession->handle(Object(Illuminate\\Http\\Request), Object(Closure))
#20 C:\\Users\\Nathan\\Documents\\Cours\\BUT_2\\Photos\\vendor\\laravel\\framework\\src\\Illuminate\\Session\\Middleware\\StartSession.php(121): Illuminate\\Pipeline\\Pipeline->{closure:{closure:Illuminate\\Pipeline\\Pipeline::carry():158}:159}(Object(Illuminate\\Http\\Request))
#21 C:\\Users\\Nathan\\Documents\\Cours\\BUT_2\\Photos\\vendor\\laravel\\framework\\src\\Illuminate\\Session\\Middleware\\StartSession.php(64): Illuminate\\Session\\Middleware\\StartSession->handleStatefulRequest(Object(Illuminate\\Http\\Request), Object(Illuminate\\Session\\Store), Object(Closure))
#22 C:\\Users\\Nathan\\Documents\\Cours\\BUT_2\\Photos\\vendor\\laravel\\framework\\src\\Illuminate\\Pipeline\\Pipeline.php(183): Illuminate\\Session\\Middleware\\StartSession->handle(Object(Illuminate\\Http\\Request), Object(Closure))
#23 C:\\Users\\Nathan\\Documents\\Cours\\BUT_2\\Photos\\vendor\\laravel\\framework\\src\\Illuminate\\Cookie\\Middleware\\AddQueuedCookiesToResponse.php(37): Illuminate\\Pipeline\\Pipeline->{closure:{closure:Illuminate\\Pipeline\\Pipeline::carry():158}:159}(Object(Illuminate\\Http\\Request))
#24 C:\\Users\\Nathan\\Documents\\Cours\\BUT_2\\Photos\\vendor\\laravel\\framework\\src\\Illuminate\\Pipeline\\Pipeline.php(183): Illuminate\\Cookie\\Middleware\\AddQueuedCookiesToResponse->handle(Object(Illuminate\\Http\\Request), Object(Closure))
#25 C:\\Users\\Nathan\\Documents\\Cours\\BUT_2\\Photos\\vendor\\laravel\\framework\\src\\Illuminate\\Cookie\\Middleware\\EncryptCookies.php(67): Illuminate\\Pipeline\\Pipeline->{closure:{closure:Illuminate\\Pipeline\\Pipeline::carry():158}:159}(Object(Illuminate\\Http\\Request))
#26 C:\\Users\\Nathan\\Documents\\Cours\\BUT_2\\Photos\\vendor\\laravel\\framework\\src\\Illuminate\\Pipeline\\Pipeline.php(183): Illuminate\\Cookie\\Middleware\\EncryptCookies->handle(Object(Illuminate\\Http\\Request), Object(Closure))
#27 C:\\Users\\Nathan\\Documents\\Cours\\BUT_2\\Photos\\vendor\\laravel\\framework\\src\\Illuminate\\Pipeline\\Pipeline.php(119): Illuminate\\Pipeline\\Pipeline->{closure:{closure:Illuminate\\Pipeline\\Pipeline::carry():158}:159}(Object(Illuminate\\Http\\Request))
#28 C:\\Users\\Nathan\\Documents\\Cours\\BUT_2\\Photos\\vendor\\laravel\\framework\\src\\Illuminate\\Routing\\Router.php(805): Illuminate\\Pipeline\\Pipeline->then(Object(Closure))
#29 C:\\Users\\Nathan\\Documents\\Cours\\BUT_2\\Photos\\vendor\\laravel\\framework\\src\\Illuminate\\Routing\\Router.php(784): Illuminate\\Routing\\Router->runRouteWithinStack(Object(Illuminate\\Routing\\Route), Object(Illuminate\\Http\\Request))
#30 C:\\Users\\Nathan\\Documents\\Cours\\BUT_2\\Photos\\vendor\\laravel\\framework\\src\\Illuminate\\Routing\\Router.php(748): Illuminate\\Routing\\Router->runRoute(Object(Illuminate\\Http\\Request), Object(Illuminate\\Routing\\Route))
#31 C:\\Users\\Nathan\\Documents\\Cours\\BUT_2\\Photos\\vendor\\laravel\\framework\\src\\Illuminate\\Routing\\Router.php(737): Illuminate\\Routing\\Router->dispatchToRoute(Object(Illuminate\\Http\\Request))
#32 C:\\Users\\Nathan\\Documents\\Cours\\BUT_2\\Photos\\vendor\\laravel\\framework\\src\\Illuminate\\Foundation\\Http\\Kernel.php(200): Illuminate\\Routing\\Router->dispatch(Object(Illuminate\\Http\\Request))
#33 C:\\Users\\Nathan\\Documents\\Cours\\BUT_2\\Photos\\vendor\\laravel\\framework\\src\\Illuminate\\Pipeline\\Pipeline.php(144): Illuminate\\Foundation\\Http\\Kernel->{closure:Illuminate\\Foundation\\Http\\Kernel::dispatchToRouter():197}(Object(Illuminate\\Http\\Request))
#34 C:\\Users\\Nathan\\Documents\\Cours\\BUT_2\\Photos\\vendor\\laravel\\framework\\src\\Illuminate\\Foundation\\Http\\Middleware\\TransformsRequest.php(21): Illuminate\\Pipeline\\Pipeline->{closure:Illuminate\\Pipeline\\Pipeline::prepareDestination():142}(Object(Illuminate\\Http\\Request))
#35 C:\\Users\\Nathan\\Documents\\Cours\\BUT_2\\Photos\\vendor\\laravel\\framework\\src\\Illuminate\\Foundation\\Http\\Middleware\\ConvertEmptyStringsToNull.php(31): Illuminate\\Foundation\\Http\\Middleware\\TransformsRequest->handle(Object(Illuminate\\Http\\Request), Object(Closure))
#36 C:\\Users\\Nathan\\Documents\\Cours\\BUT_2\\Photos\\vendor\\laravel\\framework\\src\\Illuminate\\Pipeline\\Pipeline.php(183): Illuminate\\Foundation\\Http\\Middleware\\ConvertEmptyStringsToNull->handle(Object(Illuminate\\Http\\Request), Object(Closure))
#37 C:\\Users\\Nathan\\Documents\\Cours\\BUT_2\\Photos\\vendor\\laravel\\framework\\src\\Illuminate\\Foundation\\Http\\Middleware\\TransformsRequest.php(21): Illuminate\\Pipeline\\Pipeline->{closure:{closure:Illuminate\\Pipeline\\Pipeline::carry():158}:159}(Object(Illuminate\\Http\\Request))
#38 C:\\Users\\Nathan\\Documents\\Cours\\BUT_2\\Photos\\vendor\\laravel\\framework\\src\\Illuminate\\Foundation\\Http\\Middleware\\TrimStrings.php(40): Illuminate\\Foundation\\Http\\Middleware\\TransformsRequest->handle(Object(Illuminate\\Http\\Request), Object(Closure))
#39 C:\\Users\\Nathan\\Documents\\Cours\\BUT_2\\Photos\\vendor\\laravel\\framework\\src\\Illuminate\\Pipeline\\Pipeline.php(183): Illuminate\\Foundation\\Http\\Middleware\\TrimStrings->handle(Object(Illuminate\\Http\\Request), Object(Closure))
#40 C:\\Users\\Nathan\\Documents\\Cours\\BUT_2\\Photos\\vendor\\laravel\\framework\\src\\Illuminate\\Foundation\\Http\\Middleware\\ValidatePostSize.php(27): Illuminate\\Pipeline\\Pipeline->{closure:{closure:Illuminate\\Pipeline\\Pipeline::carry():158}:159}(Object(Illuminate\\Http\\Request))
#41 C:\\Users\\Nathan\\Documents\\Cours\\BUT_2\\Photos\\vendor\\laravel\\framework\\src\\Illuminate\\Pipeline\\Pipeline.php(183): Illuminate\\Foundation\\Http\\Middleware\\ValidatePostSize->handle(Object(Illuminate\\Http\\Request), Object(Closure))
#42 C:\\Users\\Nathan\\Documents\\Cours\\BUT_2\\Photos\\vendor\\laravel\\framework\\src\\Illuminate\\Foundation\\Http\\Middleware\\PreventRequestsDuringMaintenance.php(99): Illuminate\\Pipeline\\Pipeline->{closure:{closure:Illuminate\\Pipeline\\Pipeline::carry():158}:159}(Object(Illuminate\\Http\\Request))
#43 C:\\Users\\Nathan\\Documents\\Cours\\BUT_2\\Photos\\vendor\\laravel\\framework\\src\\Illuminate\\Pipeline\\Pipeline.php(183): Illuminate\\Foundation\\Http\\Middleware\\PreventRequestsDuringMaintenance->handle(Object(Illuminate\\Http\\Request), Object(Closure))
#44 C:\\Users\\Nathan\\Documents\\Cours\\BUT_2\\Photos\\vendor\\laravel\\framework\\src\\Illuminate\\Http\\Middleware\\HandleCors.php(49): Illuminate\\Pipeline\\Pipeline->{closure:{closure:Illuminate\\Pipeline\\Pipeline::carry():158}:159}(Object(Illuminate\\Http\\Request))
#45 C:\\Users\\Nathan\\Documents\\Cours\\BUT_2\\Photos\\vendor\\laravel\\framework\\src\\Illuminate\\Pipeline\\Pipeline.php(183): Illuminate\\Http\\Middleware\\HandleCors->handle(Object(Illuminate\\Http\\Request), Object(Closure))
#46 C:\\Users\\Nathan\\Documents\\Cours\\BUT_2\\Photos\\vendor\\laravel\\framework\\src\\Illuminate\\Http\\Middleware\\TrustProxies.php(39): Illuminate\\Pipeline\\Pipeline->{closure:{closure:Illuminate\\Pipeline\\Pipeline::carry():158}:159}(Object(Illuminate\\Http\\Request))
#47 C:\\Users\\Nathan\\Documents\\Cours\\BUT_2\\Photos\\vendor\\laravel\\framework\\src\\Illuminate\\Pipeline\\Pipeline.php(183): Illuminate\\Http\\Middleware\\TrustProxies->handle(Object(Illuminate\\Http\\Request), Object(Closure))
#48 C:\\Users\\Nathan\\Documents\\Cours\\BUT_2\\Photos\\vendor\\laravel\\framework\\src\\Illuminate\\Pipeline\\Pipeline.php(119): Illuminate\\Pipeline\\Pipeline->{closure:{closure:Illuminate\\Pipeline\\Pipeline::carry():158}:159}(Object(Illuminate\\Http\\Request))
#49 C:\\Users\\Nathan\\Documents\\Cours\\BUT_2\\Photos\\vendor\\laravel\\framework\\src\\Illuminate\\Foundation\\Http\\Kernel.php(175): Illuminate\\Pipeline\\Pipeline->then(Object(Closure))
#50 C:\\Users\\Nathan\\Documents\\Cours\\BUT_2\\Photos\\vendor\\laravel\\framework\\src\\Illuminate\\Foundation\\Http\\Kernel.php(144): Illuminate\\Foundation\\Http\\Kernel->sendRequestThroughRouter(Object(Illuminate\\Http\\Request))
#51 C:\\Users\\Nathan\\Documents\\Cours\\BUT_2\\Photos\\public\\index.php(51): Illuminate\\Foundation\\Http\\Kernel->handle(Object(Illuminate\\Http\\Request))
#52 C:\\Users\\Nathan\\Documents\\Cours\\BUT_2\\Photos\\vendor\\laravel\\framework\\src\\Illuminate\\Foundation\\resources\\server.php(16): require_once('C:\\\\Users\\\\Nathan...')
#53 {main}

[previous exception] [object] (PDOException(code: 2002): SQLSTATE[HY000] [2002] Aucune connexion n’a pu être établie car l’ordinateur cible l’a expressément refusée at C:\\Users\\Nathan\\Documents\\Cours\\BUT_2\\Photos\\vendor\\laravel\\framework\\src\\Illuminate\\Database\\Connectors\\Connector.php:65)
[stacktrace]
#0 C:\\Users\\Nathan\\Documents\\Cours\\BUT_2\\Photos\\vendor\\laravel\\framework\\src\\Illuminate\\Database\\Connectors\\Connector.php(65): PDO->__construct('mysql:host=127....', 'root', Object(SensitiveParameterValue), Array)
#1 C:\\Users\\Nathan\\Documents\\Cours\\BUT_2\\Photos\\vendor\\laravel\\framework\\src\\Illuminate\\Database\\Connectors\\Connector.php(44): Illuminate\\Database\\Connectors\\Connector->createPdoConnection('mysql:host=127....', 'root', '', Array)
#2 C:\\Users\\Nathan\\Documents\\Cours\\BUT_2\\Photos\\vendor\\laravel\\framework\\src\\Illuminate\\Database\\Connectors\\MySqlConnector.php(24): Illuminate\\Database\\Connectors\\Connector->createConnection('mysql:host=127....', Array, Array)
#3 C:\\Users\\Nathan\\Documents\\Cours\\BUT_2\\Photos\\vendor\\laravel\\framework\\src\\Illuminate\\Database\\Connectors\\ConnectionFactory.php(184): Illuminate\\Database\\Connectors\\MySqlConnector->connect(Array)
#4 [internal function]: Illuminate\\Database\\Connectors\\ConnectionFactory->{closure:Illuminate\\Database\\Connectors\\ConnectionFactory::createPdoResolverWithHosts():179}()
#5 C:\\Users\\Nathan\\Documents\\Cours\\BUT_2\\Photos\\vendor\\laravel\\framework\\src\\Illuminate\\Database\\Connection.php(1339): call_user_func(Object(Closure))
#6 C:\\Users\\Nathan\\Documents\\Cours\\BUT_2\\Photos\\vendor\\laravel\\framework\\src\\Illuminate\\Database\\Connection.php(1375): Illuminate\\Database\\Connection->getPdo()
#7 C:\\Users\\Nathan\\Documents\\Cours\\BUT_2\\Photos\\vendor\\laravel\\framework\\src\\Illuminate\\Database\\Connection.php(528): Illuminate\\Database\\Connection->getReadPdo()
#8 C:\\Users\\Nathan\\Documents\\Cours\\BUT_2\\Photos\\vendor\\laravel\\framework\\src\\Illuminate\\Database\\Connection.php(423): Illuminate\\Database\\Connection->getPdoForSelect(true)
#9 C:\\Users\\Nathan\\Documents\\Cours\\BUT_2\\Photos\\vendor\\laravel\\framework\\src\\Illuminate\\Database\\Connection.php(816): Illuminate\\Database\\Connection->{closure:Illuminate\\Database\\Connection::select():414}('select * from `...', Array)
#10 C:\\Users\\Nathan\\Documents\\Cours\\BUT_2\\Photos\\vendor\\laravel\\framework\\src\\Illuminate\\Database\\Connection.php(783): Illuminate\\Database\\Connection->runQueryCallback('select * from `...', Array, Object(Closure))
#11 C:\\Users\\Nathan\\Documents\\Cours\\BUT_2\\Photos\\vendor\\laravel\\framework\\src\\Illuminate\\Database\\Connection.php(414): Illuminate\\Database\\Connection->run('select * from `...', Array, Object(Closure))
#12 C:\\Users\\Nathan\\Documents\\Cours\\BUT_2\\Photos\\vendor\\laravel\\framework\\src\\Illuminate\\Database\\Query\\Builder.php(2913): Illuminate\\Database\\Connection->select('select * from `...', Array, true)
#13 C:\\Users\\Nathan\\Documents\\Cours\\BUT_2\\Photos\\vendor\\laravel\\framework\\src\\Illuminate\\Database\\Query\\Builder.php(2902): Illuminate\\Database\\Query\\Builder->runSelect()
#14 C:\\Users\\Nathan\\Documents\\Cours\\BUT_2\\Photos\\vendor\\laravel\\framework\\src\\Illuminate\\Database\\Query\\Builder.php(3456): Illuminate\\Database\\Query\\Builder->{closure:Illuminate\\Database\\Query\\Builder::get():2901}()
#15 C:\\Users\\Nathan\\Documents\\Cours\\BUT_2\\Photos\\vendor\\laravel\\framework\\src\\Illuminate\\Database\\Query\\Builder.php(2901): Illuminate\\Database\\Query\\Builder->onceWithColumns(Array, Object(Closure))
#16 C:\\Users\\Nathan\\Documents\\Cours\\BUT_2\\Photos\\vendor\\laravel\\framework\\src\\Illuminate\\Database\\Eloquent\\Builder.php(739): Illuminate\\Database\\Query\\Builder->get(Array)
#17 C:\\Users\\Nathan\\Documents\\Cours\\BUT_2\\Photos\\vendor\\laravel\\framework\\src\\Illuminate\\Database\\Eloquent\\Builder.php(723): Illuminate\\Database\\Eloquent\\Builder->getModels(Array)
#18 C:\\Users\\Nathan\\Documents\\Cours\\BUT_2\\Photos\\routes\\web.php(23): Illuminate\\Database\\Eloquent\\Builder->get()
#19 C:\\Users\\Nathan\\Documents\\Cours\\BUT_2\\Photos\\vendor\\laravel\\framework\\src\\Illuminate\\Routing\\CallableDispatcher.php(40): Illuminate\\Routing\\RouteFileRegistrar->{closure:C:\\Users\\Nathan\\Documents\\Cours\\BUT_2\\Photos\\routes\\web.php:21}()
#20 C:\\Users\\Nathan\\Documents\\Cours\\BUT_2\\Photos\\vendor\\laravel\\framework\\src\\Illuminate\\Routing\\Route.php(237): Illuminate\\Routing\\CallableDispatcher->dispatch(Object(Illuminate\\Routing\\Route), Object(Closure))
#21 C:\\Users\\Nathan\\Documents\\Cours\\BUT_2\\Photos\\vendor\\laravel\\framework\\src\\Illuminate\\Routing\\Route.php(208): Illuminate\\Routing\\Route->runCallable()
#22 C:\\Users\\Nathan\\Documents\\Cours\\BUT_2\\Photos\\vendor\\laravel\\framework\\src\\Illuminate\\Routing\\Router.php(806): Illuminate\\Routing\\Route->run()
#23 C:\\Users\\Nathan\\Documents\\Cours\\BUT_2\\Photos\\vendor\\laravel\\framework\\src\\Illuminate\\Pipeline\\Pipeline.php(144): Illuminate\\Routing\\Router->{closure:Illuminate\\Routing\\Router::runRouteWithinStack():805}(Object(Illuminate\\Http\\Request))
#24 C:\\Users\\Nathan\\Documents\\Cours\\BUT_2\\Photos\\vendor\\laravel\\framework\\src\\Illuminate\\Routing\\Middleware\\SubstituteBindings.php(50): Illuminate\\Pipeline\\Pipeline->{closure:Illuminate\\Pipeline\\Pipeline::prepareDestination():142}(Object(Illuminate\\Http\\Request))
#25 C:\\Users\\Nathan\\Documents\\Cours\\BUT_2\\Photos\\vendor\\laravel\\framework\\src\\Illuminate\\Pipeline\\Pipeline.php(183): Illuminate\\Routing\\Middleware\\SubstituteBindings->handle(Object(Illuminate\\Http\\Request), Object(Closure))
#26 C:\\Users\\Nathan\\Documents\\Cours\\BUT_2\\Photos\\vendor\\laravel\\framework\\src\\Illuminate\\Foundation\\Http\\Middleware\\VerifyCsrfToken.php(78): Illuminate\\Pipeline\\Pipeline->{closure:{closure:Illuminate\\Pipeline\\Pipeline::carry():158}:159}(Object(Illuminate\\Http\\Request))
#27 C:\\Users\\Nathan\\Documents\\Cours\\BUT_2\\Photos\\vendor\\laravel\\framework\\src\\Illuminate\\Pipeline\\Pipeline.php(183): Illuminate\\Foundation\\Http\\Middleware\\VerifyCsrfToken->handle(Object(Illuminate\\Http\\Request), Object(Closure))
#28 C:\\Users\\Nathan\\Documents\\Cours\\BUT_2\\Photos\\vendor\\laravel\\framework\\src\\Illuminate\\View\\Middleware\\ShareErrorsFromSession.php(49): Illuminate\\Pipeline\\Pipeline->{closure:{closure:Illuminate\\Pipeline\\Pipeline::carry():158}:159}(Object(Illuminate\\Http\\Request))
#29 C:\\Users\\Nathan\\Documents\\Cours\\BUT_2\\Photos\\vendor\\laravel\\framework\\src\\Illuminate\\Pipeline\\Pipeline.php(183): Illuminate\\View\\Middleware\\ShareErrorsFromSession->handle(Object(Illuminate\\Http\\Request), Object(Closure))
#30 C:\\Users\\Nathan\\Documents\\Cours\\BUT_2\\Photos\\vendor\\laravel\\framework\\src\\Illuminate\\Session\\Middleware\\StartSession.php(121): Illuminate\\Pipeline\\Pipeline->{closure:{closure:Illuminate\\Pipeline\\Pipeline::carry():158}:159}(Object(Illuminate\\Http\\Request))
#31 C:\\Users\\Nathan\\Documents\\Cours\\BUT_2\\Photos\\vendor\\laravel\\framework\\src\\Illuminate\\Session\\Middleware\\StartSession.php(64): Illuminate\\Session\\Middleware\\StartSession->handleStatefulRequest(Object(Illuminate\\Http\\Request), Object(Illuminate\\Session\\Store), Object(Closure))
#32 C:\\Users\\Nathan\\Documents\\Cours\\BUT_2\\Photos\\vendor\\laravel\\framework\\src\\Illuminate\\Pipeline\\Pipeline.php(183): Illuminate\\Session\\Middleware\\StartSession->handle(Object(Illuminate\\Http\\Request), Object(Closure))
#33 C:\\Users\\Nathan\\Documents\\Cours\\BUT_2\\Photos\\vendor\\laravel\\framework\\src\\Illuminate\\Cookie\\Middleware\\AddQueuedCookiesToResponse.php(37): Illuminate\\Pipeline\\Pipeline->{closure:{closure:Illuminate\\Pipeline\\Pipeline::carry():158}:159}(Object(Illuminate\\Http\\Request))
#34 C:\\Users\\Nathan\\Documents\\Cours\\BUT_2\\Photos\\vendor\\laravel\\framework\\src\\Illuminate\\Pipeline\\Pipeline.php(183): Illuminate\\Cookie\\Middleware\\AddQueuedCookiesToResponse->handle(Object(Illuminate\\Http\\Request), Object(Closure))
#35 C:\\Users\\Nathan\\Documents\\Cours\\BUT_2\\Photos\\vendor\\laravel\\framework\\src\\Illuminate\\Cookie\\Middleware\\EncryptCookies.php(67): Illuminate\\Pipeline\\Pipeline->{closure:{closure:Illuminate\\Pipeline\\Pipeline::carry():158}:159}(Object(Illuminate\\Http\\Request))
#36 C:\\Users\\Nathan\\Documents\\Cours\\BUT_2\\Photos\\vendor\\laravel\\framework\\src\\Illuminate\\Pipeline\\Pipeline.php(183): Illuminate\\Cookie\\Middleware\\EncryptCookies->handle(Object(Illuminate\\Http\\Request), Object(Closure))
#37 C:\\Users\\Nathan\\Documents\\Cours\\BUT_2\\Photos\\vendor\\laravel\\framework\\src\\Illuminate\\Pipeline\\Pipeline.php(119): Illuminate\\Pipeline\\Pipeline->{closure:{closure:Illuminate\\Pipeline\\Pipeline::carry():158}:159}(Object(Illuminate\\Http\\Request))
#38 C:\\Users\\Nathan\\Documents\\Cours\\BUT_2\\Photos\\vendor\\laravel\\framework\\src\\Illuminate\\Routing\\Router.php(805): Illuminate\\Pipeline\\Pipeline->then(Object(Closure))
#39 C:\\Users\\Nathan\\Documents\\Cours\\BUT_2\\Photos\\vendor\\laravel\\framework\\src\\Illuminate\\Routing\\Router.php(784): Illuminate\\Routing\\Router->runRouteWithinStack(Object(Illuminate\\Routing\\Route), Object(Illuminate\\Http\\Request))
#40 C:\\Users\\Nathan\\Documents\\Cours\\BUT_2\\Photos\\vendor\\laravel\\framework\\src\\Illuminate\\Routing\\Router.php(748): Illuminate\\Routing\\Router->runRoute(Object(Illuminate\\Http\\Request), Object(Illuminate\\Routing\\Route))
#41 C:\\Users\\Nathan\\Documents\\Cours\\BUT_2\\Photos\\vendor\\laravel\\framework\\src\\Illuminate\\Routing\\Router.php(737): Illuminate\\Routing\\Router->dispatchToRoute(Object(Illuminate\\Http\\Request))
#42 C:\\Users\\Nathan\\Documents\\Cours\\BUT_2\\Photos\\vendor\\laravel\\framework\\src\\Illuminate\\Foundation\\Http\\Kernel.php(200): Illuminate\\Routing\\Router->dispatch(Object(Illuminate\\Http\\Request))
#43 C:\\Users\\Nathan\\Documents\\Cours\\BUT_2\\Photos\\vendor\\laravel\\framework\\src\\Illuminate\\Pipeline\\Pipeline.php(144): Illuminate\\Foundation\\Http\\Kernel->{closure:Illuminate\\Foundation\\Http\\Kernel::dispatchToRouter():197}(Object(Illuminate\\Http\\Request))
#44 C:\\Users\\Nathan\\Documents\\Cours\\BUT_2\\Photos\\vendor\\laravel\\framework\\src\\Illuminate\\Foundation\\Http\\Middleware\\TransformsRequest.php(21): Illuminate\\Pipeline\\Pipeline->{closure:Illuminate\\Pipeline\\Pipeline::prepareDestination():142}(Object(Illuminate\\Http\\Request))
#45 C:\\Users\\Nathan\\Documents\\Cours\\BUT_2\\Photos\\vendor\\laravel\\framework\\src\\Illuminate\\Foundation\\Http\\Middleware\\ConvertEmptyStringsToNull.php(31): Illuminate\\Foundation\\Http\\Middleware\\TransformsRequest->handle(Object(Illuminate\\Http\\Request), Object(Closure))
#46 C:\\Users\\Nathan\\Documents\\Cours\\BUT_2\\Photos\\vendor\\laravel\\framework\\src\\Illuminate\\Pipeline\\Pipeline.php(183): Illuminate\\Foundation\\Http\\Middleware\\ConvertEmptyStringsToNull->handle(Object(Illuminate\\Http\\Request), Object(Closure))
#47 C:\\Users\\Nathan\\Documents\\Cours\\BUT_2\\Photos\\vendor\\laravel\\framework\\src\\Illuminate\\Foundation\\Http\\Middleware\\TransformsRequest.php(21): Illuminate\\Pipeline\\Pipeline->{closure:{closure:Illuminate\\Pipeline\\Pipeline::carry():158}:159}(Object(Illuminate\\Http\\Request))
#48 C:\\Users\\Nathan\\Documents\\Cours\\BUT_2\\Photos\\vendor\\laravel\\framework\\src\\Illuminate\\Foundation\\Http\\Middleware\\TrimStrings.php(40): Illuminate\\Foundation\\Http\\Middleware\\TransformsRequest->handle(Object(Illuminate\\Http\\Request), Object(Closure))
#49 C:\\Users\\Nathan\\Documents\\Cours\\BUT_2\\Photos\\vendor\\laravel\\framework\\src\\Illuminate\\Pipeline\\Pipeline.php(183): Illuminate\\Foundation\\Http\\Middleware\\TrimStrings->handle(Object(Illuminate\\Http\\Request), Object(Closure))
#50 C:\\Users\\Nathan\\Documents\\Cours\\BUT_2\\Photos\\vendor\\laravel\\framework\\src\\Illuminate\\Foundation\\Http\\Middleware\\ValidatePostSize.php(27): Illuminate\\Pipeline\\Pipeline->{closure:{closure:Illuminate\\Pipeline\\Pipeline::carry():158}:159}(Object(Illuminate\\Http\\Request))
#51 C:\\Users\\Nathan\\Documents\\Cours\\BUT_2\\Photos\\vendor\\laravel\\framework\\src\\Illuminate\\Pipeline\\Pipeline.php(183): Illuminate\\Foundation\\Http\\Middleware\\ValidatePostSize->handle(Object(Illuminate\\Http\\Request), Object(Closure))
#52 C:\\Users\\Nathan\\Documents\\Cours\\BUT_2\\Photos\\vendor\\laravel\\framework\\src\\Illuminate\\Foundation\\Http\\Middleware\\PreventRequestsDuringMaintenance.php(99): Illuminate\\Pipeline\\Pipeline->{closure:{closure:Illuminate\\Pipeline\\Pipeline::carry():158}:159}(Object(Illuminate\\Http\\Request))
#53 C:\\Users\\Nathan\\Documents\\Cours\\BUT_2\\Photos\\vendor\\laravel\\framework\\src\\Illuminate\\Pipeline\\Pipeline.php(183): Illuminate\\Foundation\\Http\\Middleware\\PreventRequestsDuringMaintenance->handle(Object(Illuminate\\Http\\Request), Object(Closure))
#54 C:\\Users\\Nathan\\Documents\\Cours\\BUT_2\\Photos\\vendor\\laravel\\framework\\src\\Illuminate\\Http\\Middleware\\HandleCors.php(49): Illuminate\\Pipeline\\Pipeline->{closure:{closure:Illuminate\\Pipeline\\Pipeline::carry():158}:159}(Object(Illuminate\\Http\\Request))
#55 C:\\Users\\Nathan\\Documents\\Cours\\BUT_2\\Photos\\vendor\\laravel\\framework\\src\\Illuminate\\Pipeline\\Pipeline.php(183): Illuminate\\Http\\Middleware\\HandleCors->handle(Object(Illuminate\\Http\\Request), Object(Closure))
#56 C:\\Users\\Nathan\\Documents\\Cours\\BUT_2\\Photos\\vendor\\laravel\\framework\\src\\Illuminate\\Http\\Middleware\\TrustProxies.php(39): Illuminate\\Pipeline\\Pipeline->{closure:{closure:Illuminate\\Pipeline\\Pipeline::carry():158}:159}(Object(Illuminate\\Http\\Request))
#57 C:\\Users\\Nathan\\Documents\\Cours\\BUT_2\\Photos\\vendor\\laravel\\framework\\src\\Illuminate\\Pipeline\\Pipeline.php(183): Illuminate\\Http\\Middleware\\TrustProxies->handle(Object(Illuminate\\Http\\Request), Object(Closure))
#58 C:\\Users\\Nathan\\Documents\\Cours\\BUT_2\\Photos\\vendor\\laravel\\framework\\src\\Illuminate\\Pipeline\\Pipeline.php(119): Illuminate\\Pipeline\\Pipeline->{closure:{closure:Illuminate\\Pipeline\\Pipeline::carry():158}:159}(Object(Illuminate\\Http\\Request))
#59 C:\\Users\\Nathan\\Documents\\Cours\\BUT_2\\Photos\\vendor\\laravel\\framework\\src\\Illuminate\\Foundation\\Http\\Kernel.php(175): Illuminate\\Pipeline\\Pipeline->then(Object(Closure))
#60 C:\\Users\\Nathan\\Documents\\Cours\\BUT_2\\Photos\\vendor\\laravel\\framework\\src\\Illuminate\\Foundation\\Http\\Kernel.php(144): Illuminate\\Foundation\\Http\\Kernel->sendRequestThroughRouter(Object(Illuminate\\Http\\Request))
#61 C:\\Users\\Nathan\\Documents\\Cours\\BUT_2\\Photos\\public\\index.php(51): Illuminate\\Foundation\\Http\\Kernel->handle(Object(Illuminate\\Http\\Request))
#62 C:\\Users\\Nathan\\Documents\\Cours\\BUT_2\\Photos\\vendor\\laravel\\framework\\src\\Illuminate\\Foundation\\resources\\server.php(16): require_once('C:\\\\Users\\\\Nathan...')
#63 {main}
"} 
[2025-11-25 09:20:42] local.ERROR: SQLSTATE[HY000] [2002] Aucune connexion n’a pu être établie car l’ordinateur cible l’a expressément refusée (Connection: mysql, SQL: select * from `albums` order by `id` desc) {"exception":"[object] (Illuminate\\Database\\QueryException(code: 2002): SQLSTATE[HY000] [2002] Aucune connexion n’a pu être établie car l’ordinateur cible l’a expressément refusée (Connection: mysql, SQL: select * from `albums` order by `id` desc) at C:\\Users\\Nathan\\Documents\\Cours\\BUT_2\\Photos\\vendor\\laravel\\framework\\src\\Illuminate\\Database\\Connection.php:829)
[stacktrace]
#0 C:\\Users\\Nathan\\Documents\\Cours\\BUT_2\\Photos\\vendor\\laravel\\framework\\src\\Illuminate\\Database\\Connection.php(783): Illuminate\\Database\\Connection->runQueryCallback('select * from `...', Array, Object(Closure))
#1 C:\\Users\\Nathan\\Documents\\Cours\\BUT_2\\Photos\\vendor\\laravel\\framework\\src\\Illuminate\\Database\\Connection.php(414): Illuminate\\Database\\Connection->run('select * from `...', Array, Object(Closure))
#2 C:\\Users\\Nathan\\Documents\\Cours\\BUT_2\\Photos\\vendor\\laravel\\framework\\src\\Illuminate\\Database\\Query\\Builder.php(2913): Illuminate\\Database\\Connection->select('select * from `...', Array, true)
#3 C:\\Users\\Nathan\\Documents\\Cours\\BUT_2\\Photos\\vendor\\laravel\\framework\\src\\Illuminate\\Database\\Query\\Builder.php(2902): Illuminate\\Database\\Query\\Builder->runSelect()
#4 C:\\Users\\Nathan\\Documents\\Cours\\BUT_2\\Photos\\vendor\\laravel\\framework\\src\\Illuminate\\Database\\Query\\Builder.php(3456): Illuminate\\Database\\Query\\Builder->{closure:Illuminate\\Database\\Query\\Builder::get():2901}()
#5 C:\\Users\\Nathan\\Documents\\Cours\\BUT_2\\Photos\\vendor\\laravel\\framework\\src\\Illuminate\\Database\\Query\\Builder.php(2901): Illuminate\\Database\\Query\\Builder->onceWithColumns(Array, Object(Closure))
#6 C:\\Users\\Nathan\\Documents\\Cours\\BUT_2\\Photos\\vendor\\laravel\\framework\\src\\Illuminate\\Database\\Eloquent\\Builder.php(739): Illuminate\\Database\\Query\\Builder->get(Array)
#7 C:\\Users\\Nathan\\Documents\\Cours\\BUT_2\\Photos\\vendor\\laravel\\framework\\src\\Illuminate\\Database\\Eloquent\\Builder.php(723): Illuminate\\Database\\Eloquent\\Builder->getModels(Array)
#8 C:\\Users\\Nathan\\Documents\\Cours\\BUT_2\\Photos\\routes\\web.php(23): Illuminate\\Database\\Eloquent\\Builder->get()
#9 C:\\Users\\Nathan\\Documents\\Cours\\BUT_2\\Photos\\vendor\\laravel\\framework\\src\\Illuminate\\Routing\\CallableDispatcher.php(40): Illuminate\\Routing\\RouteFileRegistrar->{closure:C:\\Users\\Nathan\\Documents\\Cours\\BUT_2\\Photos\\routes\\web.php:21}()
#10 C:\\Users\\Nathan\\Documents\\Cours\\BUT_2\\Photos\\vendor\\laravel\\framework\\src\\Illuminate\\Routing\\Route.php(237): Illuminate\\Routing\\CallableDispatcher->dispatch(Object(Illuminate\\Routing\\Route), Object(Closure))
#11 C:\\Users\\Nathan\\Documents\\Cours\\BUT_2\\Photos\\vendor\\laravel\\framework\\src\\Illuminate\\Routing\\Route.php(208): Illuminate\\Routing\\Route->runCallable()
#12 C:\\Users\\Nathan\\Documents\\Cours\\BUT_2\\Photos\\vendor\\laravel\\framework\\src\\Illuminate\\Routing\\Router.php(806): Illuminate\\Routing\\Route->run()
#13 C:\\Users\\Nathan\\Documents\\Cours\\BUT_2\\Photos\\vendor\\laravel\\framework\\src\\Illuminate\\Pipeline\\Pipeline.php(144): Illuminate\\Routing\\Router->{closure:Illuminate\\Routing\\Router::runRouteWithinStack():805}(Object(Illuminate\\Http\\Request))
#14 C:\\Users\\Nathan\\Documents\\Cours\\BUT_2\\Photos\\vendor\\laravel\\framework\\src\\Illuminate\\Routing\\Middleware\\SubstituteBindings.php(50): Illuminate\\Pipeline\\Pipeline->{closure:Illuminate\\Pipeline\\Pipeline::prepareDestination():142}(Object(Illuminate\\Http\\Request))
#15 C:\\Users\\Nathan\\Documents\\Cours\\BUT_2\\Photos\\vendor\\laravel\\framework\\src\\Illuminate\\Pipeline\\Pipeline.php(183): Illuminate\\Routing\\Middleware\\SubstituteBindings->handle(Object(Illuminate\\Http\\Request), Object(Closure))
#16 C:\\Users\\Nathan\\Documents\\Cours\\BUT_2\\Photos\\vendor\\laravel\\framework\\src\\Illuminate\\Foundation\\Http\\Middleware\\VerifyCsrfToken.php(78): Illuminate\\Pipeline\\Pipeline->{closure:{closure:Illuminate\\Pipeline\\Pipeline::carry():158}:159}(Object(Illuminate\\Http\\Request))
#17 C:\\Users\\Nathan\\Documents\\Cours\\BUT_2\\Photos\\vendor\\laravel\\framework\\src\\Illuminate\\Pipeline\\Pipeline.php(183): Illuminate\\Foundation\\Http\\Middleware\\VerifyCsrfToken->handle(Object(Illuminate\\Http\\Request), Object(Closure))
#18 C:\\Users\\Nathan\\Documents\\Cours\\BUT_2\\Photos\\vendor\\laravel\\framework\\src\\Illuminate\\View\\Middleware\\ShareErrorsFromSession.php(49): Illuminate\\Pipeline\\Pipeline->{closure:{closure:Illuminate\\Pipeline\\Pipeline::carry():158}:159}(Object(Illuminate\\Http\\Request))
#19 C:\\Users\\Nathan\\Documents\\Cours\\BUT_2\\Photos\\vendor\\laravel\\framework\\src\\Illuminate\\Pipeline\\Pipeline.php(183): Illuminate\\View\\Middleware\\ShareErrorsFromSession->handle(Object(Illuminate\\Http\\Request), Object(Closure))
#20 C:\\Users\\Nathan\\Documents\\Cours\\BUT_2\\Photos\\vendor\\laravel\\framework\\src\\Illuminate\\Session\\Middleware\\StartSession.php(121): Illuminate\\Pipeline\\Pipeline->{closure:{closure:Illuminate\\Pipeline\\Pipeline::carry():158}:159}(Object(Illuminate\\Http\\Request))
#21 C:\\Users\\Nathan\\Documents\\Cours\\BUT_2\\Photos\\vendor\\laravel\\framework\\src\\Illuminate\\Session\\Middleware\\StartSession.php(64): Illuminate\\Session\\Middleware\\StartSession->handleStatefulRequest(Object(Illuminate\\Http\\Request), Object(Illuminate\\Session\\Store), Object(Closure))
#22 C:\\Users\\Nathan\\Documents\\Cours\\BUT_2\\Photos\\vendor\\laravel\\framework\\src\\Illuminate\\Pipeline\\Pipeline.php(183): Illuminate\\Session\\Middleware\\StartSession->handle(Object(Illuminate\\Http\\Request), Object(Closure))
#23 C:\\Users\\Nathan\\Documents\\Cours\\BUT_2\\Photos\\vendor\\laravel\\framework\\src\\Illuminate\\Cookie\\Middleware\\AddQueuedCookiesToResponse.php(37): Illuminate\\Pipeline\\Pipeline->{closure:{closure:Illuminate\\Pipeline\\Pipeline::carry():158}:159}(Object(Illuminate\\Http\\Request))
#24 C:\\Users\\Nathan\\Documents\\Cours\\BUT_2\\Photos\\vendor\\laravel\\framework\\src\\Illuminate\\Pipeline\\Pipeline.php(183): Illuminate\\Cookie\\Middleware\\AddQueuedCookiesToResponse->handle(Object(Illuminate\\Http\\Request), Object(Closure))
#25 C:\\Users\\Nathan\\Documents\\Cours\\BUT_2\\Photos\\vendor\\laravel\\framework\\src\\Illuminate\\Cookie\\Middleware\\EncryptCookies.php(67): Illuminate\\Pipeline\\Pipeline->{closure:{closure:Illuminate\\Pipeline\\Pipeline::carry():158}:159}(Object(Illuminate\\Http\\Request))
#26 C:\\Users\\Nathan\\Documents\\Cours\\BUT_2\\Photos\\vendor\\laravel\\framework\\src\\Illuminate\\Pipeline\\Pipeline.php(183): Illuminate\\Cookie\\Middleware\\EncryptCookies->handle(Object(Illuminate\\Http\\Request), Object(Closure))
#27 C:\\Users\\Nathan\\Documents\\Cours\\BUT_2\\Photos\\vendor\\laravel\\framework\\src\\Illuminate\\Pipeline\\Pipeline.php(119): Illuminate\\Pipeline\\Pipeline->{closure:{closure:Illuminate\\Pipeline\\Pipeline::carry():158}:159}(Object(Illuminate\\Http\\Request))
#28 C:\\Users\\Nathan\\Documents\\Cours\\BUT_2\\Photos\\vendor\\laravel\\framework\\src\\Illuminate\\Routing\\Router.php(805): Illuminate\\Pipeline\\Pipeline->then(Object(Closure))
#29 C:\\Users\\Nathan\\Documents\\Cours\\BUT_2\\Photos\\vendor\\laravel\\framework\\src\\Illuminate\\Routing\\Router.php(784): Illuminate\\Routing\\Router->runRouteWithinStack(Object(Illuminate\\Routing\\Route), Object(Illuminate\\Http\\Request))
#30 C:\\Users\\Nathan\\Documents\\Cours\\BUT_2\\Photos\\vendor\\laravel\\framework\\src\\Illuminate\\Routing\\Router.php(748): Illuminate\\Routing\\Router->runRoute(Object(Illuminate\\Http\\Request), Object(Illuminate\\Routing\\Route))
#31 C:\\Users\\Nathan\\Documents\\Cours\\BUT_2\\Photos\\vendor\\laravel\\framework\\src\\Illuminate\\Routing\\Router.php(737): Illuminate\\Routing\\Router->dispatchToRoute(Object(Illuminate\\Http\\Request))
#32 C:\\Users\\Nathan\\Documents\\Cours\\BUT_2\\Photos\\vendor\\laravel\\framework\\src\\Illuminate\\Foundation\\Http\\Kernel.php(200): Illuminate\\Routing\\Router->dispatch(Object(Illuminate\\Http\\Request))
#33 C:\\Users\\Nathan\\Documents\\Cours\\BUT_2\\Photos\\vendor\\laravel\\framework\\src\\Illuminate\\Pipeline\\Pipeline.php(144): Illuminate\\Foundation\\Http\\Kernel->{closure:Illuminate\\Foundation\\Http\\Kernel::dispatchToRouter():197}(Object(Illuminate\\Http\\Request))
#34 C:\\Users\\Nathan\\Documents\\Cours\\BUT_2\\Photos\\vendor\\laravel\\framework\\src\\Illuminate\\Foundation\\Http\\Middleware\\TransformsRequest.php(21): Illuminate\\Pipeline\\Pipeline->{closure:Illuminate\\Pipeline\\Pipeline::prepareDestination():142}(Object(Illuminate\\Http\\Request))
#35 C:\\Users\\Nathan\\Documents\\Cours\\BUT_2\\Photos\\vendor\\laravel\\framework\\src\\Illuminate\\Foundation\\Http\\Middleware\\ConvertEmptyStringsToNull.php(31): Illuminate\\Foundation\\Http\\Middleware\\TransformsRequest->handle(Object(Illuminate\\Http\\Request), Object(Closure))
#36 C:\\Users\\Nathan\\Documents\\Cours\\BUT_2\\Photos\\vendor\\laravel\\framework\\src\\Illuminate\\Pipeline\\Pipeline.php(183): Illuminate\\Foundation\\Http\\Middleware\\ConvertEmptyStringsToNull->handle(Object(Illuminate\\Http\\Request), Object(Closure))
#37 C:\\Users\\Nathan\\Documents\\Cours\\BUT_2\\Photos\\vendor\\laravel\\framework\\src\\Illuminate\\Foundation\\Http\\Middleware\\TransformsRequest.php(21): Illuminate\\Pipeline\\Pipeline->{closure:{closure:Illuminate\\Pipeline\\Pipeline::carry():158}:159}(Object(Illuminate\\Http\\Request))
#38 C:\\Users\\Nathan\\Documents\\Cours\\BUT_2\\Photos\\vendor\\laravel\\framework\\src\\Illuminate\\Foundation\\Http\\Middleware\\TrimStrings.php(40): Illuminate\\Foundation\\Http\\Middleware\\TransformsRequest->handle(Object(Illuminate\\Http\\Request), Object(Closure))
#39 C:\\Users\\Nathan\\Documents\\Cours\\BUT_2\\Photos\\vendor\\laravel\\framework\\src\\Illuminate\\Pipeline\\Pipeline.php(183): Illuminate\\Foundation\\Http\\Middleware\\TrimStrings->handle(Object(Illuminate\\Http\\Request), Object(Closure))
#40 C:\\Users\\Nathan\\Documents\\Cours\\BUT_2\\Photos\\vendor\\laravel\\framework\\src\\Illuminate\\Foundation\\Http\\Middleware\\ValidatePostSize.php(27): Illuminate\\Pipeline\\Pipeline->{closure:{closure:Illuminate\\Pipeline\\Pipeline::carry():158}:159}(Object(Illuminate\\Http\\Request))
#41 C:\\Users\\Nathan\\Documents\\Cours\\BUT_2\\Photos\\vendor\\laravel\\framework\\src\\Illuminate\\Pipeline\\Pipeline.php(183): Illuminate\\Foundation\\Http\\Middleware\\ValidatePostSize->handle(Object(Illuminate\\Http\\Request), Object(Closure))
#42 C:\\Users\\Nathan\\Documents\\Cours\\BUT_2\\Photos\\vendor\\laravel\\framework\\src\\Illuminate\\Foundation\\Http\\Middleware\\PreventRequestsDuringMaintenance.php(99): Illuminate\\Pipeline\\Pipeline->{closure:{closure:Illuminate\\Pipeline\\Pipeline::carry():158}:159}(Object(Illuminate\\Http\\Request))
#43 C:\\Users\\Nathan\\Documents\\Cours\\BUT_2\\Photos\\vendor\\laravel\\framework\\src\\Illuminate\\Pipeline\\Pipeline.php(183): Illuminate\\Foundation\\Http\\Middleware\\PreventRequestsDuringMaintenance->handle(Object(Illuminate\\Http\\Request), Object(Closure))
#44 C:\\Users\\Nathan\\Documents\\Cours\\BUT_2\\Photos\\vendor\\laravel\\framework\\src\\Illuminate\\Http\\Middleware\\HandleCors.php(49): Illuminate\\Pipeline\\Pipeline->{closure:{closure:Illuminate\\Pipeline\\Pipeline::carry():158}:159}(Object(Illuminate\\Http\\Request))
#45 C:\\Users\\Nathan\\Documents\\Cours\\BUT_2\\Photos\\vendor\\laravel\\framework\\src\\Illuminate\\Pipeline\\Pipeline.php(183): Illuminate\\Http\\Middleware\\HandleCors->handle(Object(Illuminate\\Http\\Request), Object(Closure))
#46 C:\\Users\\Nathan\\Documents\\Cours\\BUT_2\\Photos\\vendor\\laravel\\framework\\src\\Illuminate\\Http\\Middleware\\TrustProxies.php(39): Illuminate\\Pipeline\\Pipeline->{closure:{closure:Illuminate\\Pipeline\\Pipeline::carry():158}:159}(Object(Illuminate\\Http\\Request))
#47 C:\\Users\\Nathan\\Documents\\Cours\\BUT_2\\Photos\\vendor\\laravel\\framework\\src\\Illuminate\\Pipeline\\Pipeline.php(183): Illuminate\\Http\\Middleware\\TrustProxies->handle(Object(Illuminate\\Http\\Request), Object(Closure))
#48 C:\\Users\\Nathan\\Documents\\Cours\\BUT_2\\Photos\\vendor\\laravel\\framework\\src\\Illuminate\\Pipeline\\Pipeline.php(119): Illuminate\\Pipeline\\Pipeline->{closure:{closure:Illuminate\\Pipeline\\Pipeline::carry():158}:159}(Object(Illuminate\\Http\\Request))
#49 C:\\Users\\Nathan\\Documents\\Cours\\BUT_2\\Photos\\vendor\\laravel\\framework\\src\\Illuminate\\Foundation\\Http\\Kernel.php(175): Illuminate\\Pipeline\\Pipeline->then(Object(Closure))
#50 C:\\Users\\Nathan\\Documents\\Cours\\BUT_2\\Photos\\vendor\\laravel\\framework\\src\\Illuminate\\Foundation\\Http\\Kernel.php(144): Illuminate\\Foundation\\Http\\Kernel->sendRequestThroughRouter(Object(Illuminate\\Http\\Request))
#51 C:\\Users\\Nathan\\Documents\\Cours\\BUT_2\\Photos\\public\\index.php(51): Illuminate\\Foundation\\Http\\Kernel->handle(Object(Illuminate\\Http\\Request))
#52 C:\\Users\\Nathan\\Documents\\Cours\\BUT_2\\Photos\\vendor\\laravel\\framework\\src\\Illuminate\\Foundation\\resources\\server.php(16): require_once('C:\\\\Users\\\\Nathan...')
#53 {main}

[previous exception] [object] (PDOException(code: 2002): SQLSTATE[HY000] [2002] Aucune connexion n’a pu être établie car l’ordinateur cible l’a expressément refusée at C:\\Users\\Nathan\\Documents\\Cours\\BUT_2\\Photos\\vendor\\laravel\\framework\\src\\Illuminate\\Database\\Connectors\\Connector.php:65)
[stacktrace]
#0 C:\\Users\\Nathan\\Documents\\Cours\\BUT_2\\Photos\\vendor\\laravel\\framework\\src\\Illuminate\\Database\\Connectors\\Connector.php(65): PDO->__construct('mysql:host=127....', 'root', Object(SensitiveParameterValue), Array)
#1 C:\\Users\\Nathan\\Documents\\Cours\\BUT_2\\Photos\\vendor\\laravel\\framework\\src\\Illuminate\\Database\\Connectors\\Connector.php(44): Illuminate\\Database\\Connectors\\Connector->createPdoConnection('mysql:host=127....', 'root', '', Array)
#2 C:\\Users\\Nathan\\Documents\\Cours\\BUT_2\\Photos\\vendor\\laravel\\framework\\src\\Illuminate\\Database\\Connectors\\MySqlConnector.php(24): Illuminate\\Database\\Connectors\\Connector->createConnection('mysql:host=127....', Array, Array)
#3 C:\\Users\\Nathan\\Documents\\Cours\\BUT_2\\Photos\\vendor\\laravel\\framework\\src\\Illuminate\\Database\\Connectors\\ConnectionFactory.php(184): Illuminate\\Database\\Connectors\\MySqlConnector->connect(Array)
#4 [internal function]: Illuminate\\Database\\Connectors\\ConnectionFactory->{closure:Illuminate\\Database\\Connectors\\ConnectionFactory::createPdoResolverWithHosts():179}()
#5 C:\\Users\\Nathan\\Documents\\Cours\\BUT_2\\Photos\\vendor\\laravel\\framework\\src\\Illuminate\\Database\\Connection.php(1339): call_user_func(Object(Closure))
#6 C:\\Users\\Nathan\\Documents\\Cours\\BUT_2\\Photos\\vendor\\laravel\\framework\\src\\Illuminate\\Database\\Connection.php(1375): Illuminate\\Database\\Connection->getPdo()
#7 C:\\Users\\Nathan\\Documents\\Cours\\BUT_2\\Photos\\vendor\\laravel\\framework\\src\\Illuminate\\Database\\Connection.php(528): Illuminate\\Database\\Connection->getReadPdo()
#8 C:\\Users\\Nathan\\Documents\\Cours\\BUT_2\\Photos\\vendor\\laravel\\framework\\src\\Illuminate\\Database\\Connection.php(423): Illuminate\\Database\\Connection->getPdoForSelect(true)
#9 C:\\Users\\Nathan\\Documents\\Cours\\BUT_2\\Photos\\vendor\\laravel\\framework\\src\\Illuminate\\Database\\Connection.php(816): Illuminate\\Database\\Connection->{closure:Illuminate\\Database\\Connection::select():414}('select * from `...', Array)
#10 C:\\Users\\Nathan\\Documents\\Cours\\BUT_2\\Photos\\vendor\\laravel\\framework\\src\\Illuminate\\Database\\Connection.php(783): Illuminate\\Database\\Connection->runQueryCallback('select * from `...', Array, Object(Closure))
#11 C:\\Users\\Nathan\\Documents\\Cours\\BUT_2\\Photos\\vendor\\laravel\\framework\\src\\Illuminate\\Database\\Connection.php(414): Illuminate\\Database\\Connection->run('select * from `...', Array, Object(Closure))
#12 C:\\Users\\Nathan\\Documents\\Cours\\BUT_2\\Photos\\vendor\\laravel\\framework\\src\\Illuminate\\Database\\Query\\Builder.php(2913): Illuminate\\Database\\Connection->select('select * from `...', Array, true)
#13 C:\\Users\\Nathan\\Documents\\Cours\\BUT_2\\Photos\\vendor\\laravel\\framework\\src\\Illuminate\\Database\\Query\\Builder.php(2902): Illuminate\\Database\\Query\\Builder->runSelect()
#14 C:\\Users\\Nathan\\Documents\\Cours\\BUT_2\\Photos\\vendor\\laravel\\framework\\src\\Illuminate\\Database\\Query\\Builder.php(3456): Illuminate\\Database\\Query\\Builder->{closure:Illuminate\\Database\\Query\\Builder::get():2901}()
#15 C:\\Users\\Nathan\\Documents\\Cours\\BUT_2\\Photos\\vendor\\laravel\\framework\\src\\Illuminate\\Database\\Query\\Builder.php(2901): Illuminate\\Database\\Query\\Builder->onceWithColumns(Array, Object(Closure))
#16 C:\\Users\\Nathan\\Documents\\Cours\\BUT_2\\Photos\\vendor\\laravel\\framework\\src\\Illuminate\\Database\\Eloquent\\Builder.php(739): Illuminate\\Database\\Query\\Builder->get(Array)
#17 C:\\Users\\Nathan\\Documents\\Cours\\BUT_2\\Photos\\vendor\\laravel\\framework\\src\\Illuminate\\Database\\Eloquent\\Builder.php(723): Illuminate\\Database\\Eloquent\\Builder->getModels(Array)
#18 C:\\Users\\Nathan\\Documents\\Cours\\BUT_2\\Photos\\routes\\web.php(23): Illuminate\\Database\\Eloquent\\Builder->get()
#19 C:\\Users\\Nathan\\Documents\\Cours\\BUT_2\\Photos\\vendor\\laravel\\framework\\src\\Illuminate\\Routing\\CallableDispatcher.php(40): Illuminate\\Routing\\RouteFileRegistrar->{closure:C:\\Users\\Nathan\\Documents\\Cours\\BUT_2\\Photos\\routes\\web.php:21}()
#20 C:\\Users\\Nathan\\Documents\\Cours\\BUT_2\\Photos\\vendor\\laravel\\framework\\src\\Illuminate\\Routing\\Route.php(237): Illuminate\\Routing\\CallableDispatcher->dispatch(Object(Illuminate\\Routing\\Route), Object(Closure))
#21 C:\\Users\\Nathan\\Documents\\Cours\\BUT_2\\Photos\\vendor\\laravel\\framework\\src\\Illuminate\\Routing\\Route.php(208): Illuminate\\Routing\\Route->runCallable()
#22 C:\\Users\\Nathan\\Documents\\Cours\\BUT_2\\Photos\\vendor\\laravel\\framework\\src\\Illuminate\\Routing\\Router.php(806): Illuminate\\Routing\\Route->run()
#23 C:\\Users\\Nathan\\Documents\\Cours\\BUT_2\\Photos\\vendor\\laravel\\framework\\src\\Illuminate\\Pipeline\\Pipeline.php(144): Illuminate\\Routing\\Router->{closure:Illuminate\\Routing\\Router::runRouteWithinStack():805}(Object(Illuminate\\Http\\Request))
#24 C:\\Users\\Nathan\\Documents\\Cours\\BUT_2\\Photos\\vendor\\laravel\\framework\\src\\Illuminate\\Routing\\Middleware\\SubstituteBindings.php(50): Illuminate\\Pipeline\\Pipeline->{closure:Illuminate\\Pipeline\\Pipeline::prepareDestination():142}(Object(Illuminate\\Http\\Request))
#25 C:\\Users\\Nathan\\Documents\\Cours\\BUT_2\\Photos\\vendor\\laravel\\framework\\src\\Illuminate\\Pipeline\\Pipeline.php(183): Illuminate\\Routing\\Middleware\\SubstituteBindings->handle(Object(Illuminate\\Http\\Request), Object(Closure))
#26 C:\\Users\\Nathan\\Documents\\Cours\\BUT_2\\Photos\\vendor\\laravel\\framework\\src\\Illuminate\\Foundation\\Http\\Middleware\\VerifyCsrfToken.php(78): Illuminate\\Pipeline\\Pipeline->{closure:{closure:Illuminate\\Pipeline\\Pipeline::carry():158}:159}(Object(Illuminate\\Http\\Request))
#27 C:\\Users\\Nathan\\Documents\\Cours\\BUT_2\\Photos\\vendor\\laravel\\framework\\src\\Illuminate\\Pipeline\\Pipeline.php(183): Illuminate\\Foundation\\Http\\Middleware\\VerifyCsrfToken->handle(Object(Illuminate\\Http\\Request), Object(Closure))
#28 C:\\Users\\Nathan\\Documents\\Cours\\BUT_2\\Photos\\vendor\\laravel\\framework\\src\\Illuminate\\View\\Middleware\\ShareErrorsFromSession.php(49): Illuminate\\Pipeline\\Pipeline->{closure:{closure:Illuminate\\Pipeline\\Pipeline::carry():158}:159}(Object(Illuminate\\Http\\Request))
#29 C:\\Users\\Nathan\\Documents\\Cours\\BUT_2\\Photos\\vendor\\laravel\\framework\\src\\Illuminate\\Pipeline\\Pipeline.php(183): Illuminate\\View\\Middleware\\ShareErrorsFromSession->handle(Object(Illuminate\\Http\\Request), Object(Closure))
#30 C:\\Users\\Nathan\\Documents\\Cours\\BUT_2\\Photos\\vendor\\laravel\\framework\\src\\Illuminate\\Session\\Middleware\\StartSession.php(121): Illuminate\\Pipeline\\Pipeline->{closure:{closure:Illuminate\\Pipeline\\Pipeline::carry():158}:159}(Object(Illuminate\\Http\\Request))
#31 C:\\Users\\Nathan\\Documents\\Cours\\BUT_2\\Photos\\vendor\\laravel\\framework\\src\\Illuminate\\Session\\Middleware\\StartSession.php(64): Illuminate\\Session\\Middleware\\StartSession->handleStatefulRequest(Object(Illuminate\\Http\\Request), Object(Illuminate\\Session\\Store), Object(Closure))
#32 C:\\Users\\Nathan\\Documents\\Cours\\BUT_2\\Photos\\vendor\\laravel\\framework\\src\\Illuminate\\Pipeline\\Pipeline.php(183): Illuminate\\Session\\Middleware\\StartSession->handle(Object(Illuminate\\Http\\Request), Object(Closure))
#33 C:\\Users\\Nathan\\Documents\\Cours\\BUT_2\\Photos\\vendor\\laravel\\framework\\src\\Illuminate\\Cookie\\Middleware\\AddQueuedCookiesToResponse.php(37): Illuminate\\Pipeline\\Pipeline->{closure:{closure:Illuminate\\Pipeline\\Pipeline::carry():158}:159}(Object(Illuminate\\Http\\Request))
#34 C:\\Users\\Nathan\\Documents\\Cours\\BUT_2\\Photos\\vendor\\laravel\\framework\\src\\Illuminate\\Pipeline\\Pipeline.php(183): Illuminate\\Cookie\\Middleware\\AddQueuedCookiesToResponse->handle(Object(Illuminate\\Http\\Request), Object(Closure))
#35 C:\\Users\\Nathan\\Documents\\Cours\\BUT_2\\Photos\\vendor\\laravel\\framework\\src\\Illuminate\\Cookie\\Middleware\\EncryptCookies.php(67): Illuminate\\Pipeline\\Pipeline->{closure:{closure:Illuminate\\Pipeline\\Pipeline::carry():158}:159}(Object(Illuminate\\Http\\Request))
#36 C:\\Users\\Nathan\\Documents\\Cours\\BUT_2\\Photos\\vendor\\laravel\\framework\\src\\Illuminate\\Pipeline\\Pipeline.php(183): Illuminate\\Cookie\\Middleware\\EncryptCookies->handle(Object(Illuminate\\Http\\Request), Object(Closure))
#37 C:\\Users\\Nathan\\Documents\\Cours\\BUT_2\\Photos\\vendor\\laravel\\framework\\src\\Illuminate\\Pipeline\\Pipeline.php(119): Illuminate\\Pipeline\\Pipeline->{closure:{closure:Illuminate\\Pipeline\\Pipeline::carry():158}:159}(Object(Illuminate\\Http\\Request))
#38 C:\\Users\\Nathan\\Documents\\Cours\\BUT_2\\Photos\\vendor\\laravel\\framework\\src\\Illuminate\\Routing\\Router.php(805): Illuminate\\Pipeline\\Pipeline->then(Object(Closure))
#39 C:\\Users\\Nathan\\Documents\\Cours\\BUT_2\\Photos\\vendor\\laravel\\framework\\src\\Illuminate\\Routing\\Router.php(784): Illuminate\\Routing\\Router->runRouteWithinStack(Object(Illuminate\\Routing\\Route), Object(Illuminate\\Http\\Request))
#40 C:\\Users\\Nathan\\Documents\\Cours\\BUT_2\\Photos\\vendor\\laravel\\framework\\src\\Illuminate\\Routing\\Router.php(748): Illuminate\\Routing\\Router->runRoute(Object(Illuminate\\Http\\Request), Object(Illuminate\\Routing\\Route))
#41 C:\\Users\\Nathan\\Documents\\Cours\\BUT_2\\Photos\\vendor\\laravel\\framework\\src\\Illuminate\\Routing\\Router.php(737): Illuminate\\Routing\\Router->dispatchToRoute(Object(Illuminate\\Http\\Request))
#42 C:\\Users\\Nathan\\Documents\\Cours\\BUT_2\\Photos\\vendor\\laravel\\framework\\src\\Illuminate\\Foundation\\Http\\Kernel.php(200): Illuminate\\Routing\\Router->dispatch(Object(Illuminate\\Http\\Request))
#43 C:\\Users\\Nathan\\Documents\\Cours\\BUT_2\\Photos\\vendor\\laravel\\framework\\src\\Illuminate\\Pipeline\\Pipeline.php(144): Illuminate\\Foundation\\Http\\Kernel->{closure:Illuminate\\Foundation\\Http\\Kernel::dispatchToRouter():197}(Object(Illuminate\\Http\\Request))
#44 C:\\Users\\Nathan\\Documents\\Cours\\BUT_2\\Photos\\vendor\\laravel\\framework\\src\\Illuminate\\Foundation\\Http\\Middleware\\TransformsRequest.php(21): Illuminate\\Pipeline\\Pipeline->{closure:Illuminate\\Pipeline\\Pipeline::prepareDestination():142}(Object(Illuminate\\Http\\Request))
#45 C:\\Users\\Nathan\\Documents\\Cours\\BUT_2\\Photos\\vendor\\laravel\\framework\\src\\Illuminate\\Foundation\\Http\\Middleware\\ConvertEmptyStringsToNull.php(31): Illuminate\\Foundation\\Http\\Middleware\\TransformsRequest->handle(Object(Illuminate\\Http\\Request), Object(Closure))
#46 C:\\Users\\Nathan\\Documents\\Cours\\BUT_2\\Photos\\vendor\\laravel\\framework\\src\\Illuminate\\Pipeline\\Pipeline.php(183): Illuminate\\Foundation\\Http\\Middleware\\ConvertEmptyStringsToNull->handle(Object(Illuminate\\Http\\Request), Object(Closure))
#47 C:\\Users\\Nathan\\Documents\\Cours\\BUT_2\\Photos\\vendor\\laravel\\framework\\src\\Illuminate\\Foundation\\Http\\Middleware\\TransformsRequest.php(21): Illuminate\\Pipeline\\Pipeline->{closure:{closure:Illuminate\\Pipeline\\Pipeline::carry():158}:159}(Object(Illuminate\\Http\\Request))
#48 C:\\Users\\Nathan\\Documents\\Cours\\BUT_2\\Photos\\vendor\\laravel\\framework\\src\\Illuminate\\Foundation\\Http\\Middleware\\TrimStrings.php(40): Illuminate\\Foundation\\Http\\Middleware\\TransformsRequest->handle(Object(Illuminate\\Http\\Request), Object(Closure))
#49 C:\\Users\\Nathan\\Documents\\Cours\\BUT_2\\Photos\\vendor\\laravel\\framework\\src\\Illuminate\\Pipeline\\Pipeline.php(183): Illuminate\\Foundation\\Http\\Middleware\\TrimStrings->handle(Object(Illuminate\\Http\\Request), Object(Closure))
#50 C:\\Users\\Nathan\\Documents\\Cours\\BUT_2\\Photos\\vendor\\laravel\\framework\\src\\Illuminate\\Foundation\\Http\\Middleware\\ValidatePostSize.php(27): Illuminate\\Pipeline\\Pipeline->{closure:{closure:Illuminate\\Pipeline\\Pipeline::carry():158}:159}(Object(Illuminate\\Http\\Request))
#51 C:\\Users\\Nathan\\Documents\\Cours\\BUT_2\\Photos\\vendor\\laravel\\framework\\src\\Illuminate\\Pipeline\\Pipeline.php(183): Illuminate\\Foundation\\Http\\Middleware\\ValidatePostSize->handle(Object(Illuminate\\Http\\Request), Object(Closure))
#52 C:\\Users\\Nathan\\Documents\\Cours\\BUT_2\\Photos\\vendor\\laravel\\framework\\src\\Illuminate\\Foundation\\Http\\Middleware\\PreventRequestsDuringMaintenance.php(99): Illuminate\\Pipeline\\Pipeline->{closure:{closure:Illuminate\\Pipeline\\Pipeline::carry():158}:159}(Object(Illuminate\\Http\\Request))
#53 C:\\Users\\Nathan\\Documents\\Cours\\BUT_2\\Photos\\vendor\\laravel\\framework\\src\\Illuminate\\Pipeline\\Pipeline.php(183): Illuminate\\Foundation\\Http\\Middleware\\PreventRequestsDuringMaintenance->handle(Object(Illuminate\\Http\\Request), Object(Closure))
#54 C:\\Users\\Nathan\\Documents\\Cours\\BUT_2\\Photos\\vendor\\laravel\\framework\\src\\Illuminate\\Http\\Middleware\\HandleCors.php(49): Illuminate\\Pipeline\\Pipeline->{closure:{closure:Illuminate\\Pipeline\\Pipeline::carry():158}:159}(Object(Illuminate\\Http\\Request))
#55 C:\\Users\\Nathan\\Documents\\Cours\\BUT_2\\Photos\\vendor\\laravel\\framework\\src\\Illuminate\\Pipeline\\Pipeline.php(183): Illuminate\\Http\\Middleware\\HandleCors->handle(Object(Illuminate\\Http\\Request), Object(Closure))
#56 C:\\Users\\Nathan\\Documents\\Cours\\BUT_2\\Photos\\vendor\\laravel\\framework\\src\\Illuminate\\Http\\Middleware\\TrustProxies.php(39): Illuminate\\Pipeline\\Pipeline->{closure:{closure:Illuminate\\Pipeline\\Pipeline::carry():158}:159}(Object(Illuminate\\Http\\Request))
#57 C:\\Users\\Nathan\\Documents\\Cours\\BUT_2\\Photos\\vendor\\laravel\\framework\\src\\Illuminate\\Pipeline\\Pipeline.php(183): Illuminate\\Http\\Middleware\\TrustProxies->handle(Object(Illuminate\\Http\\Request), Object(Closure))
#58 C:\\Users\\Nathan\\Documents\\Cours\\BUT_2\\Photos\\vendor\\laravel\\framework\\src\\Illuminate\\Pipeline\\Pipeline.php(119): Illuminate\\Pipeline\\Pipeline->{closure:{closure:Illuminate\\Pipeline\\Pipeline::carry():158}:159}(Object(Illuminate\\Http\\Request))
#59 C:\\Users\\Nathan\\Documents\\Cours\\BUT_2\\Photos\\vendor\\laravel\\framework\\src\\Illuminate\\Foundation\\Http\\Kernel.php(175): Illuminate\\Pipeline\\Pipeline->then(Object(Closure))
#60 C:\\Users\\Nathan\\Documents\\Cours\\BUT_2\\Photos\\vendor\\laravel\\framework\\src\\Illuminate\\Foundation\\Http\\Kernel.php(144): Illuminate\\Foundation\\Http\\Kernel->sendRequestThroughRouter(Object(Illuminate\\Http\\Request))
#61 C:\\Users\\Nathan\\Documents\\Cours\\BUT_2\\Photos\\public\\index.php(51): Illuminate\\Foundation\\Http\\Kernel->handle(Object(Illuminate\\Http\\Request))
#62 C:\\Users\\Nathan\\Documents\\Cours\\BUT_2\\Photos\\vendor\\laravel\\framework\\src\\Illuminate\\Foundation\\resources\\server.php(16): require_once('C:\\\\Users\\\\Nathan...')
#63 {main}
"} 
[2025-11-25 09:29:38] local.ERROR: SQLSTATE[HY000] [2002] Aucune connexion n’a pu être établie car l’ordinateur cible l’a expressément refusée (Connection: mysql, SQL: select * from `albums` order by `id` desc) {"exception":"[object] (Illuminate\\Database\\QueryException(code: 2002): SQLSTATE[HY000] [2002] Aucune connexion n’a pu être établie car l’ordinateur cible l’a expressément refusée (Connection: mysql, SQL: select * from `albums` order by `id` desc) at C:\\Users\\Nathan\\Documents\\Cours\\BUT_2\\Photos\\vendor\\laravel\\framework\\src\\Illuminate\\Database\\Connection.php:829)
[stacktrace]
#0 C:\\Users\\Nathan\\Documents\\Cours\\BUT_2\\Photos\\vendor\\laravel\\framework\\src\\Illuminate\\Database\\Connection.php(783): Illuminate\\Database\\Connection->runQueryCallback('select * from `...', Array, Object(Closure))
#1 C:\\Users\\Nathan\\Documents\\Cours\\BUT_2\\Photos\\vendor\\laravel\\framework\\src\\Illuminate\\Database\\Connection.php(414): Illuminate\\Database\\Connection->run('select * from `...', Array, Object(Closure))
#2 C:\\Users\\Nathan\\Documents\\Cours\\BUT_2\\Photos\\vendor\\laravel\\framework\\src\\Illuminate\\Database\\Query\\Builder.php(2913): Illuminate\\Database\\Connection->select('select * from `...', Array, true)
#3 C:\\Users\\Nathan\\Documents\\Cours\\BUT_2\\Photos\\vendor\\laravel\\framework\\src\\Illuminate\\Database\\Query\\Builder.php(2902): Illuminate\\Database\\Query\\Builder->runSelect()
#4 C:\\Users\\Nathan\\Documents\\Cours\\BUT_2\\Photos\\vendor\\laravel\\framework\\src\\Illuminate\\Database\\Query\\Builder.php(3456): Illuminate\\Database\\Query\\Builder->{closure:Illuminate\\Database\\Query\\Builder::get():2901}()
#5 C:\\Users\\Nathan\\Documents\\Cours\\BUT_2\\Photos\\vendor\\laravel\\framework\\src\\Illuminate\\Database\\Query\\Builder.php(2901): Illuminate\\Database\\Query\\Builder->onceWithColumns(Array, Object(Closure))
#6 C:\\Users\\Nathan\\Documents\\Cours\\BUT_2\\Photos\\vendor\\laravel\\framework\\src\\Illuminate\\Database\\Eloquent\\Builder.php(739): Illuminate\\Database\\Query\\Builder->get(Array)
#7 C:\\Users\\Nathan\\Documents\\Cours\\BUT_2\\Photos\\vendor\\laravel\\framework\\src\\Illuminate\\Database\\Eloquent\\Builder.php(723): Illuminate\\Database\\Eloquent\\Builder->getModels(Array)
#8 C:\\Users\\Nathan\\Documents\\Cours\\BUT_2\\Photos\\routes\\web.php(23): Illuminate\\Database\\Eloquent\\Builder->get()
#9 C:\\Users\\Nathan\\Documents\\Cours\\BUT_2\\Photos\\vendor\\laravel\\framework\\src\\Illuminate\\Routing\\CallableDispatcher.php(40): Illuminate\\Routing\\RouteFileRegistrar->{closure:C:\\Users\\Nathan\\Documents\\Cours\\BUT_2\\Photos\\routes\\web.php:21}()
#10 C:\\Users\\Nathan\\Documents\\Cours\\BUT_2\\Photos\\vendor\\laravel\\framework\\src\\Illuminate\\Routing\\Route.php(237): Illuminate\\Routing\\CallableDispatcher->dispatch(Object(Illuminate\\Routing\\Route), Object(Closure))
#11 C:\\Users\\Nathan\\Documents\\Cours\\BUT_2\\Photos\\vendor\\laravel\\framework\\src\\Illuminate\\Routing\\Route.php(208): Illuminate\\Routing\\Route->runCallable()
#12 C:\\Users\\Nathan\\Documents\\Cours\\BUT_2\\Photos\\vendor\\laravel\\framework\\src\\Illuminate\\Routing\\Router.php(806): Illuminate\\Routing\\Route->run()
#13 C:\\Users\\Nathan\\Documents\\Cours\\BUT_2\\Photos\\vendor\\laravel\\framework\\src\\Illuminate\\Pipeline\\Pipeline.php(144): Illuminate\\Routing\\Router->{closure:Illuminate\\Routing\\Router::runRouteWithinStack():805}(Object(Illuminate\\Http\\Request))
#14 C:\\Users\\Nathan\\Documents\\Cours\\BUT_2\\Photos\\vendor\\laravel\\framework\\src\\Illuminate\\Routing\\Middleware\\SubstituteBindings.php(50): Illuminate\\Pipeline\\Pipeline->{closure:Illuminate\\Pipeline\\Pipeline::prepareDestination():142}(Object(Illuminate\\Http\\Request))
#15 C:\\Users\\Nathan\\Documents\\Cours\\BUT_2\\Photos\\vendor\\laravel\\framework\\src\\Illuminate\\Pipeline\\Pipeline.php(183): Illuminate\\Routing\\Middleware\\SubstituteBindings->handle(Object(Illuminate\\Http\\Request), Object(Closure))
#16 C:\\Users\\Nathan\\Documents\\Cours\\BUT_2\\Photos\\vendor\\laravel\\framework\\src\\Illuminate\\Foundation\\Http\\Middleware\\VerifyCsrfToken.php(78): Illuminate\\Pipeline\\Pipeline->{closure:{closure:Illuminate\\Pipeline\\Pipeline::carry():158}:159}(Object(Illuminate\\Http\\Request))
#17 C:\\Users\\Nathan\\Documents\\Cours\\BUT_2\\Photos\\vendor\\laravel\\framework\\src\\Illuminate\\Pipeline\\Pipeline.php(183): Illuminate\\Foundation\\Http\\Middleware\\VerifyCsrfToken->handle(Object(Illuminate\\Http\\Request), Object(Closure))
#18 C:\\Users\\Nathan\\Documents\\Cours\\BUT_2\\Photos\\vendor\\laravel\\framework\\src\\Illuminate\\View\\Middleware\\ShareErrorsFromSession.php(49): Illuminate\\Pipeline\\Pipeline->{closure:{closure:Illuminate\\Pipeline\\Pipeline::carry():158}:159}(Object(Illuminate\\Http\\Request))
#19 C:\\Users\\Nathan\\Documents\\Cours\\BUT_2\\Photos\\vendor\\laravel\\framework\\src\\Illuminate\\Pipeline\\Pipeline.php(183): Illuminate\\View\\Middleware\\ShareErrorsFromSession->handle(Object(Illuminate\\Http\\Request), Object(Closure))
#20 C:\\Users\\Nathan\\Documents\\Cours\\BUT_2\\Photos\\vendor\\laravel\\framework\\src\\Illuminate\\Session\\Middleware\\StartSession.php(121): Illuminate\\Pipeline\\Pipeline->{closure:{closure:Illuminate\\Pipeline\\Pipeline::carry():158}:159}(Object(Illuminate\\Http\\Request))
#21 C:\\Users\\Nathan\\Documents\\Cours\\BUT_2\\Photos\\vendor\\laravel\\framework\\src\\Illuminate\\Session\\Middleware\\StartSession.php(64): Illuminate\\Session\\Middleware\\StartSession->handleStatefulRequest(Object(Illuminate\\Http\\Request), Object(Illuminate\\Session\\Store), Object(Closure))
#22 C:\\Users\\Nathan\\Documents\\Cours\\BUT_2\\Photos\\vendor\\laravel\\framework\\src\\Illuminate\\Pipeline\\Pipeline.php(183): Illuminate\\Session\\Middleware\\StartSession->handle(Object(Illuminate\\Http\\Request), Object(Closure))
#23 C:\\Users\\Nathan\\Documents\\Cours\\BUT_2\\Photos\\vendor\\laravel\\framework\\src\\Illuminate\\Cookie\\Middleware\\AddQueuedCookiesToResponse.php(37): Illuminate\\Pipeline\\Pipeline->{closure:{closure:Illuminate\\Pipeline\\Pipeline::carry():158}:159}(Object(Illuminate\\Http\\Request))
#24 C:\\Users\\Nathan\\Documents\\Cours\\BUT_2\\Photos\\vendor\\laravel\\framework\\src\\Illuminate\\Pipeline\\Pipeline.php(183): Illuminate\\Cookie\\Middleware\\AddQueuedCookiesToResponse->handle(Object(Illuminate\\Http\\Request), Object(Closure))
#25 C:\\Users\\Nathan\\Documents\\Cours\\BUT_2\\Photos\\vendor\\laravel\\framework\\src\\Illuminate\\Cookie\\Middleware\\EncryptCookies.php(67): Illuminate\\Pipeline\\Pipeline->{closure:{closure:Illuminate\\Pipeline\\Pipeline::carry():158}:159}(Object(Illuminate\\Http\\Request))
#26 C:\\Users\\Nathan\\Documents\\Cours\\BUT_2\\Photos\\vendor\\laravel\\framework\\src\\Illuminate\\Pipeline\\Pipeline.php(183): Illuminate\\Cookie\\Middleware\\EncryptCookies->handle(Object(Illuminate\\Http\\Request), Object(Closure))
#27 C:\\Users\\Nathan\\Documents\\Cours\\BUT_2\\Photos\\vendor\\laravel\\framework\\src\\Illuminate\\Pipeline\\Pipeline.php(119): Illuminate\\Pipeline\\Pipeline->{closure:{closure:Illuminate\\Pipeline\\Pipeline::carry():158}:159}(Object(Illuminate\\Http\\Request))
#28 C:\\Users\\Nathan\\Documents\\Cours\\BUT_2\\Photos\\vendor\\laravel\\framework\\src\\Illuminate\\Routing\\Router.php(805): Illuminate\\Pipeline\\Pipeline->then(Object(Closure))
#29 C:\\Users\\Nathan\\Documents\\Cours\\BUT_2\\Photos\\vendor\\laravel\\framework\\src\\Illuminate\\Routing\\Router.php(784): Illuminate\\Routing\\Router->runRouteWithinStack(Object(Illuminate\\Routing\\Route), Object(Illuminate\\Http\\Request))
#30 C:\\Users\\Nathan\\Documents\\Cours\\BUT_2\\Photos\\vendor\\laravel\\framework\\src\\Illuminate\\Routing\\Router.php(748): Illuminate\\Routing\\Router->runRoute(Object(Illuminate\\Http\\Request), Object(Illuminate\\Routing\\Route))
#31 C:\\Users\\Nathan\\Documents\\Cours\\BUT_2\\Photos\\vendor\\laravel\\framework\\src\\Illuminate\\Routing\\Router.php(737): Illuminate\\Routing\\Router->dispatchToRoute(Object(Illuminate\\Http\\Request))
#32 C:\\Users\\Nathan\\Documents\\Cours\\BUT_2\\Photos\\vendor\\laravel\\framework\\src\\Illuminate\\Foundation\\Http\\Kernel.php(200): Illuminate\\Routing\\Router->dispatch(Object(Illuminate\\Http\\Request))
#33 C:\\Users\\Nathan\\Documents\\Cours\\BUT_2\\Photos\\vendor\\laravel\\framework\\src\\Illuminate\\Pipeline\\Pipeline.php(144): Illuminate\\Foundation\\Http\\Kernel->{closure:Illuminate\\Foundation\\Http\\Kernel::dispatchToRouter():197}(Object(Illuminate\\Http\\Request))
#34 C:\\Users\\Nathan\\Documents\\Cours\\BUT_2\\Photos\\vendor\\laravel\\framework\\src\\Illuminate\\Foundation\\Http\\Middleware\\TransformsRequest.php(21): Illuminate\\Pipeline\\Pipeline->{closure:Illuminate\\Pipeline\\Pipeline::prepareDestination():142}(Object(Illuminate\\Http\\Request))
#35 C:\\Users\\Nathan\\Documents\\Cours\\BUT_2\\Photos\\vendor\\laravel\\framework\\src\\Illuminate\\Foundation\\Http\\Middleware\\ConvertEmptyStringsToNull.php(31): Illuminate\\Foundation\\Http\\Middleware\\TransformsRequest->handle(Object(Illuminate\\Http\\Request), Object(Closure))
#36 C:\\Users\\Nathan\\Documents\\Cours\\BUT_2\\Photos\\vendor\\laravel\\framework\\src\\Illuminate\\Pipeline\\Pipeline.php(183): Illuminate\\Foundation\\Http\\Middleware\\ConvertEmptyStringsToNull->handle(Object(Illuminate\\Http\\Request), Object(Closure))
#37 C:\\Users\\Nathan\\Documents\\Cours\\BUT_2\\Photos\\vendor\\laravel\\framework\\src\\Illuminate\\Foundation\\Http\\Middleware\\TransformsRequest.php(21): Illuminate\\Pipeline\\Pipeline->{closure:{closure:Illuminate\\Pipeline\\Pipeline::carry():158}:159}(Object(Illuminate\\Http\\Request))
#38 C:\\Users\\Nathan\\Documents\\Cours\\BUT_2\\Photos\\vendor\\laravel\\framework\\src\\Illuminate\\Foundation\\Http\\Middleware\\TrimStrings.php(40): Illuminate\\Foundation\\Http\\Middleware\\TransformsRequest->handle(Object(Illuminate\\Http\\Request), Object(Closure))
#39 C:\\Users\\Nathan\\Documents\\Cours\\BUT_2\\Photos\\vendor\\laravel\\framework\\src\\Illuminate\\Pipeline\\Pipeline.php(183): Illuminate\\Foundation\\Http\\Middleware\\TrimStrings->handle(Object(Illuminate\\Http\\Request), Object(Closure))
#40 C:\\Users\\Nathan\\Documents\\Cours\\BUT_2\\Photos\\vendor\\laravel\\framework\\src\\Illuminate\\Foundation\\Http\\Middleware\\ValidatePostSize.php(27): Illuminate\\Pipeline\\Pipeline->{closure:{closure:Illuminate\\Pipeline\\Pipeline::carry():158}:159}(Object(Illuminate\\Http\\Request))
#41 C:\\Users\\Nathan\\Documents\\Cours\\BUT_2\\Photos\\vendor\\laravel\\framework\\src\\Illuminate\\Pipeline\\Pipeline.php(183): Illuminate\\Foundation\\Http\\Middleware\\ValidatePostSize->handle(Object(Illuminate\\Http\\Request), Object(Closure))
#42 C:\\Users\\Nathan\\Documents\\Cours\\BUT_2\\Photos\\vendor\\laravel\\framework\\src\\Illuminate\\Foundation\\Http\\Middleware\\PreventRequestsDuringMaintenance.php(99): Illuminate\\Pipeline\\Pipeline->{closure:{closure:Illuminate\\Pipeline\\Pipeline::carry():158}:159}(Object(Illuminate\\Http\\Request))
#43 C:\\Users\\Nathan\\Documents\\Cours\\BUT_2\\Photos\\vendor\\laravel\\framework\\src\\Illuminate\\Pipeline\\Pipeline.php(183): Illuminate\\Foundation\\Http\\Middleware\\PreventRequestsDuringMaintenance->handle(Object(Illuminate\\Http\\Request), Object(Closure))
#44 C:\\Users\\Nathan\\Documents\\Cours\\BUT_2\\Photos\\vendor\\laravel\\framework\\src\\Illuminate\\Http\\Middleware\\HandleCors.php(49): Illuminate\\Pipeline\\Pipeline->{closure:{closure:Illuminate\\Pipeline\\Pipeline::carry():158}:159}(Object(Illuminate\\Http\\Request))
#45 C:\\Users\\Nathan\\Documents\\Cours\\BUT_2\\Photos\\vendor\\laravel\\framework\\src\\Illuminate\\Pipeline\\Pipeline.php(183): Illuminate\\Http\\Middleware\\HandleCors->handle(Object(Illuminate\\Http\\Request), Object(Closure))
#46 C:\\Users\\Nathan\\Documents\\Cours\\BUT_2\\Photos\\vendor\\laravel\\framework\\src\\Illuminate\\Http\\Middleware\\TrustProxies.php(39): Illuminate\\Pipeline\\Pipeline->{closure:{closure:Illuminate\\Pipeline\\Pipeline::carry():158}:159}(Object(Illuminate\\Http\\Request))
#47 C:\\Users\\Nathan\\Documents\\Cours\\BUT_2\\Photos\\vendor\\laravel\\framework\\src\\Illuminate\\Pipeline\\Pipeline.php(183): Illuminate\\Http\\Middleware\\TrustProxies->handle(Object(Illuminate\\Http\\Request), Object(Closure))
#48 C:\\Users\\Nathan\\Documents\\Cours\\BUT_2\\Photos\\vendor\\laravel\\framework\\src\\Illuminate\\Pipeline\\Pipeline.php(119): Illuminate\\Pipeline\\Pipeline->{closure:{closure:Illuminate\\Pipeline\\Pipeline::carry():158}:159}(Object(Illuminate\\Http\\Request))
#49 C:\\Users\\Nathan\\Documents\\Cours\\BUT_2\\Photos\\vendor\\laravel\\framework\\src\\Illuminate\\Foundation\\Http\\Kernel.php(175): Illuminate\\Pipeline\\Pipeline->then(Object(Closure))
#50 C:\\Users\\Nathan\\Documents\\Cours\\BUT_2\\Photos\\vendor\\laravel\\framework\\src\\Illuminate\\Foundation\\Http\\Kernel.php(144): Illuminate\\Foundation\\Http\\Kernel->sendRequestThroughRouter(Object(Illuminate\\Http\\Request))
#51 C:\\Users\\Nathan\\Documents\\Cours\\BUT_2\\Photos\\public\\index.php(51): Illuminate\\Foundation\\Http\\Kernel->handle(Object(Illuminate\\Http\\Request))
#52 C:\\Users\\Nathan\\Documents\\Cours\\BUT_2\\Photos\\vendor\\laravel\\framework\\src\\Illuminate\\Foundation\\resources\\server.php(16): require_once('C:\\\\Users\\\\Nathan...')
#53 {main}

[previous exception] [object] (PDOException(code: 2002): SQLSTATE[HY000] [2002] Aucune connexion n’a pu être établie car l’ordinateur cible l’a expressément refusée at C:\\Users\\Nathan\\Documents\\Cours\\BUT_2\\Photos\\vendor\\laravel\\framework\\src\\Illuminate\\Database\\Connectors\\Connector.php:65)
[stacktrace]
#0 C:\\Users\\Nathan\\Documents\\Cours\\BUT_2\\Photos\\vendor\\laravel\\framework\\src\\Illuminate\\Database\\Connectors\\Connector.php(65): PDO->__construct('mysql:host=127....', 'root', Object(SensitiveParameterValue), Array)
#1 C:\\Users\\Nathan\\Documents\\Cours\\BUT_2\\Photos\\vendor\\laravel\\framework\\src\\Illuminate\\Database\\Connectors\\Connector.php(44): Illuminate\\Database\\Connectors\\Connector->createPdoConnection('mysql:host=127....', 'root', '', Array)
#2 C:\\Users\\Nathan\\Documents\\Cours\\BUT_2\\Photos\\vendor\\laravel\\framework\\src\\Illuminate\\Database\\Connectors\\MySqlConnector.php(24): Illuminate\\Database\\Connectors\\Connector->createConnection('mysql:host=127....', Array, Array)
#3 C:\\Users\\Nathan\\Documents\\Cours\\BUT_2\\Photos\\vendor\\laravel\\framework\\src\\Illuminate\\Database\\Connectors\\ConnectionFactory.php(184): Illuminate\\Database\\Connectors\\MySqlConnector->connect(Array)
#4 [internal function]: Illuminate\\Database\\Connectors\\ConnectionFactory->{closure:Illuminate\\Database\\Connectors\\ConnectionFactory::createPdoResolverWithHosts():179}()
#5 C:\\Users\\Nathan\\Documents\\Cours\\BUT_2\\Photos\\vendor\\laravel\\framework\\src\\Illuminate\\Database\\Connection.php(1339): call_user_func(Object(Closure))
#6 C:\\Users\\Nathan\\Documents\\Cours\\BUT_2\\Photos\\vendor\\laravel\\framework\\src\\Illuminate\\Database\\Connection.php(1375): Illuminate\\Database\\Connection->getPdo()
#7 C:\\Users\\Nathan\\Documents\\Cours\\BUT_2\\Photos\\vendor\\laravel\\framework\\src\\Illuminate\\Database\\Connection.php(528): Illuminate\\Database\\Connection->getReadPdo()
#8 C:\\Users\\Nathan\\Documents\\Cours\\BUT_2\\Photos\\vendor\\laravel\\framework\\src\\Illuminate\\Database\\Connection.php(423): Illuminate\\Database\\Connection->getPdoForSelect(true)
#9 C:\\Users\\Nathan\\Documents\\Cours\\BUT_2\\Photos\\vendor\\laravel\\framework\\src\\Illuminate\\Database\\Connection.php(816): Illuminate\\Database\\Connection->{closure:Illuminate\\Database\\Connection::select():414}('select * from `...', Array)
#10 C:\\Users\\Nathan\\Documents\\Cours\\BUT_2\\Photos\\vendor\\laravel\\framework\\src\\Illuminate\\Database\\Connection.php(783): Illuminate\\Database\\Connection->runQueryCallback('select * from `...', Array, Object(Closure))
#11 C:\\Users\\Nathan\\Documents\\Cours\\BUT_2\\Photos\\vendor\\laravel\\framework\\src\\Illuminate\\Database\\Connection.php(414): Illuminate\\Database\\Connection->run('select * from `...', Array, Object(Closure))
#12 C:\\Users\\Nathan\\Documents\\Cours\\BUT_2\\Photos\\vendor\\laravel\\framework\\src\\Illuminate\\Database\\Query\\Builder.php(2913): Illuminate\\Database\\Connection->select('select * from `...', Array, true)
#13 C:\\Users\\Nathan\\Documents\\Cours\\BUT_2\\Photos\\vendor\\laravel\\framework\\src\\Illuminate\\Database\\Query\\Builder.php(2902): Illuminate\\Database\\Query\\Builder->runSelect()
#14 C:\\Users\\Nathan\\Documents\\Cours\\BUT_2\\Photos\\vendor\\laravel\\framework\\src\\Illuminate\\Database\\Query\\Builder.php(3456): Illuminate\\Database\\Query\\Builder->{closure:Illuminate\\Database\\Query\\Builder::get():2901}()
#15 C:\\Users\\Nathan\\Documents\\Cours\\BUT_2\\Photos\\vendor\\laravel\\framework\\src\\Illuminate\\Database\\Query\\Builder.php(2901): Illuminate\\Database\\Query\\Builder->onceWithColumns(Array, Object(Closure))
#16 C:\\Users\\Nathan\\Documents\\Cours\\BUT_2\\Photos\\vendor\\laravel\\framework\\src\\Illuminate\\Database\\Eloquent\\Builder.php(739): Illuminate\\Database\\Query\\Builder->get(Array)
#17 C:\\Users\\Nathan\\Documents\\Cours\\BUT_2\\Photos\\vendor\\laravel\\framework\\src\\Illuminate\\Database\\Eloquent\\Builder.php(723): Illuminate\\Database\\Eloquent\\Builder->getModels(Array)
#18 C:\\Users\\Nathan\\Documents\\Cours\\BUT_2\\Photos\\routes\\web.php(23): Illuminate\\Database\\Eloquent\\Builder->get()
#19 C:\\Users\\Nathan\\Documents\\Cours\\BUT_2\\Photos\\vendor\\laravel\\framework\\src\\Illuminate\\Routing\\CallableDispatcher.php(40): Illuminate\\Routing\\RouteFileRegistrar->{closure:C:\\Users\\Nathan\\Documents\\Cours\\BUT_2\\Photos\\routes\\web.php:21}()
#20 C:\\Users\\Nathan\\Documents\\Cours\\BUT_2\\Photos\\vendor\\laravel\\framework\\src\\Illuminate\\Routing\\Route.php(237): Illuminate\\Routing\\CallableDispatcher->dispatch(Object(Illuminate\\Routing\\Route), Object(Closure))
#21 C:\\Users\\Nathan\\Documents\\Cours\\BUT_2\\Photos\\vendor\\laravel\\framework\\src\\Illuminate\\Routing\\Route.php(208): Illuminate\\Routing\\Route->runCallable()
#22 C:\\Users\\Nathan\\Documents\\Cours\\BUT_2\\Photos\\vendor\\laravel\\framework\\src\\Illuminate\\Routing\\Router.php(806): Illuminate\\Routing\\Route->run()
#23 C:\\Users\\Nathan\\Documents\\Cours\\BUT_2\\Photos\\vendor\\laravel\\framework\\src\\Illuminate\\Pipeline\\Pipeline.php(144): Illuminate\\Routing\\Router->{closure:Illuminate\\Routing\\Router::runRouteWithinStack():805}(Object(Illuminate\\Http\\Request))
#24 C:\\Users\\Nathan\\Documents\\Cours\\BUT_2\\Photos\\vendor\\laravel\\framework\\src\\Illuminate\\Routing\\Middleware\\SubstituteBindings.php(50): Illuminate\\Pipeline\\Pipeline->{closure:Illuminate\\Pipeline\\Pipeline::prepareDestination():142}(Object(Illuminate\\Http\\Request))
#25 C:\\Users\\Nathan\\Documents\\Cours\\BUT_2\\Photos\\vendor\\laravel\\framework\\src\\Illuminate\\Pipeline\\Pipeline.php(183): Illuminate\\Routing\\Middleware\\SubstituteBindings->handle(Object(Illuminate\\Http\\Request), Object(Closure))
#26 C:\\Users\\Nathan\\Documents\\Cours\\BUT_2\\Photos\\vendor\\laravel\\framework\\src\\Illuminate\\Foundation\\Http\\Middleware\\VerifyCsrfToken.php(78): Illuminate\\Pipeline\\Pipeline->{closure:{closure:Illuminate\\Pipeline\\Pipeline::carry():158}:159}(Object(Illuminate\\Http\\Request))
#27 C:\\Users\\Nathan\\Documents\\Cours\\BUT_2\\Photos\\vendor\\laravel\\framework\\src\\Illuminate\\Pipeline\\Pipeline.php(183): Illuminate\\Foundation\\Http\\Middleware\\VerifyCsrfToken->handle(Object(Illuminate\\Http\\Request), Object(Closure))
#28 C:\\Users\\Nathan\\Documents\\Cours\\BUT_2\\Photos\\vendor\\laravel\\framework\\src\\Illuminate\\View\\Middleware\\ShareErrorsFromSession.php(49): Illuminate\\Pipeline\\Pipeline->{closure:{closure:Illuminate\\Pipeline\\Pipeline::carry():158}:159}(Object(Illuminate\\Http\\Request))
#29 C:\\Users\\Nathan\\Documents\\Cours\\BUT_2\\Photos\\vendor\\laravel\\framework\\src\\Illuminate\\Pipeline\\Pipeline.php(183): Illuminate\\View\\Middleware\\ShareErrorsFromSession->handle(Object(Illuminate\\Http\\Request), Object(Closure))
#30 C:\\Users\\Nathan\\Documents\\Cours\\BUT_2\\Photos\\vendor\\laravel\\framework\\src\\Illuminate\\Session\\Middleware\\StartSession.php(121): Illuminate\\Pipeline\\Pipeline->{closure:{closure:Illuminate\\Pipeline\\Pipeline::carry():158}:159}(Object(Illuminate\\Http\\Request))
#31 C:\\Users\\Nathan\\Documents\\Cours\\BUT_2\\Photos\\vendor\\laravel\\framework\\src\\Illuminate\\Session\\Middleware\\StartSession.php(64): Illuminate\\Session\\Middleware\\StartSession->handleStatefulRequest(Object(Illuminate\\Http\\Request), Object(Illuminate\\Session\\Store), Object(Closure))
#32 C:\\Users\\Nathan\\Documents\\Cours\\BUT_2\\Photos\\vendor\\laravel\\framework\\src\\Illuminate\\Pipeline\\Pipeline.php(183): Illuminate\\Session\\Middleware\\StartSession->handle(Object(Illuminate\\Http\\Request), Object(Closure))
#33 C:\\Users\\Nathan\\Documents\\Cours\\BUT_2\\Photos\\vendor\\laravel\\framework\\src\\Illuminate\\Cookie\\Middleware\\AddQueuedCookiesToResponse.php(37): Illuminate\\Pipeline\\Pipeline->{closure:{closure:Illuminate\\Pipeline\\Pipeline::carry():158}:159}(Object(Illuminate\\Http\\Request))
#34 C:\\Users\\Nathan\\Documents\\Cours\\BUT_2\\Photos\\vendor\\laravel\\framework\\src\\Illuminate\\Pipeline\\Pipeline.php(183): Illuminate\\Cookie\\Middleware\\AddQueuedCookiesToResponse->handle(Object(Illuminate\\Http\\Request), Object(Closure))
#35 C:\\Users\\Nathan\\Documents\\Cours\\BUT_2\\Photos\\vendor\\laravel\\framework\\src\\Illuminate\\Cookie\\Middleware\\EncryptCookies.php(67): Illuminate\\Pipeline\\Pipeline->{closure:{closure:Illuminate\\Pipeline\\Pipeline::carry():158}:159}(Object(Illuminate\\Http\\Request))
#36 C:\\Users\\Nathan\\Documents\\Cours\\BUT_2\\Photos\\vendor\\laravel\\framework\\src\\Illuminate\\Pipeline\\Pipeline.php(183): Illuminate\\Cookie\\Middleware\\EncryptCookies->handle(Object(Illuminate\\Http\\Request), Object(Closure))
#37 C:\\Users\\Nathan\\Documents\\Cours\\BUT_2\\Photos\\vendor\\laravel\\framework\\src\\Illuminate\\Pipeline\\Pipeline.php(119): Illuminate\\Pipeline\\Pipeline->{closure:{closure:Illuminate\\Pipeline\\Pipeline::carry():158}:159}(Object(Illuminate\\Http\\Request))
#38 C:\\Users\\Nathan\\Documents\\Cours\\BUT_2\\Photos\\vendor\\laravel\\framework\\src\\Illuminate\\Routing\\Router.php(805): Illuminate\\Pipeline\\Pipeline->then(Object(Closure))
#39 C:\\Users\\Nathan\\Documents\\Cours\\BUT_2\\Photos\\vendor\\laravel\\framework\\src\\Illuminate\\Routing\\Router.php(784): Illuminate\\Routing\\Router->runRouteWithinStack(Object(Illuminate\\Routing\\Route), Object(Illuminate\\Http\\Request))
#40 C:\\Users\\Nathan\\Documents\\Cours\\BUT_2\\Photos\\vendor\\laravel\\framework\\src\\Illuminate\\Routing\\Router.php(748): Illuminate\\Routing\\Router->runRoute(Object(Illuminate\\Http\\Request), Object(Illuminate\\Routing\\Route))
#41 C:\\Users\\Nathan\\Documents\\Cours\\BUT_2\\Photos\\vendor\\laravel\\framework\\src\\Illuminate\\Routing\\Router.php(737): Illuminate\\Routing\\Router->dispatchToRoute(Object(Illuminate\\Http\\Request))
#42 C:\\Users\\Nathan\\Documents\\Cours\\BUT_2\\Photos\\vendor\\laravel\\framework\\src\\Illuminate\\Foundation\\Http\\Kernel.php(200): Illuminate\\Routing\\Router->dispatch(Object(Illuminate\\Http\\Request))
#43 C:\\Users\\Nathan\\Documents\\Cours\\BUT_2\\Photos\\vendor\\laravel\\framework\\src\\Illuminate\\Pipeline\\Pipeline.php(144): Illuminate\\Foundation\\Http\\Kernel->{closure:Illuminate\\Foundation\\Http\\Kernel::dispatchToRouter():197}(Object(Illuminate\\Http\\Request))
#44 C:\\Users\\Nathan\\Documents\\Cours\\BUT_2\\Photos\\vendor\\laravel\\framework\\src\\Illuminate\\Foundation\\Http\\Middleware\\TransformsRequest.php(21): Illuminate\\Pipeline\\Pipeline->{closure:Illuminate\\Pipeline\\Pipeline::prepareDestination():142}(Object(Illuminate\\Http\\Request))
#45 C:\\Users\\Nathan\\Documents\\Cours\\BUT_2\\Photos\\vendor\\laravel\\framework\\src\\Illuminate\\Foundation\\Http\\Middleware\\ConvertEmptyStringsToNull.php(31): Illuminate\\Foundation\\Http\\Middleware\\TransformsRequest->handle(Object(Illuminate\\Http\\Request), Object(Closure))
#46 C:\\Users\\Nathan\\Documents\\Cours\\BUT_2\\Photos\\vendor\\laravel\\framework\\src\\Illuminate\\Pipeline\\Pipeline.php(183): Illuminate\\Foundation\\Http\\Middleware\\ConvertEmptyStringsToNull->handle(Object(Illuminate\\Http\\Request), Object(Closure))
#47 C:\\Users\\Nathan\\Documents\\Cours\\BUT_2\\Photos\\vendor\\laravel\\framework\\src\\Illuminate\\Foundation\\Http\\Middleware\\TransformsRequest.php(21): Illuminate\\Pipeline\\Pipeline->{closure:{closure:Illuminate\\Pipeline\\Pipeline::carry():158}:159}(Object(Illuminate\\Http\\Request))
#48 C:\\Users\\Nathan\\Documents\\Cours\\BUT_2\\Photos\\vendor\\laravel\\framework\\src\\Illuminate\\Foundation\\Http\\Middleware\\TrimStrings.php(40): Illuminate\\Foundation\\Http\\Middleware\\TransformsRequest->handle(Object(Illuminate\\Http\\Request), Object(Closure))
#49 C:\\Users\\Nathan\\Documents\\Cours\\BUT_2\\Photos\\vendor\\laravel\\framework\\src\\Illuminate\\Pipeline\\Pipeline.php(183): Illuminate\\Foundation\\Http\\Middleware\\TrimStrings->handle(Object(Illuminate\\Http\\Request), Object(Closure))
#50 C:\\Users\\Nathan\\Documents\\Cours\\BUT_2\\Photos\\vendor\\laravel\\framework\\src\\Illuminate\\Foundation\\Http\\Middleware\\ValidatePostSize.php(27): Illuminate\\Pipeline\\Pipeline->{closure:{closure:Illuminate\\Pipeline\\Pipeline::carry():158}:159}(Object(Illuminate\\Http\\Request))
#51 C:\\Users\\Nathan\\Documents\\Cours\\BUT_2\\Photos\\vendor\\laravel\\framework\\src\\Illuminate\\Pipeline\\Pipeline.php(183): Illuminate\\Foundation\\Http\\Middleware\\ValidatePostSize->handle(Object(Illuminate\\Http\\Request), Object(Closure))
#52 C:\\Users\\Nathan\\Documents\\Cours\\BUT_2\\Photos\\vendor\\laravel\\framework\\src\\Illuminate\\Foundation\\Http\\Middleware\\PreventRequestsDuringMaintenance.php(99): Illuminate\\Pipeline\\Pipeline->{closure:{closure:Illuminate\\Pipeline\\Pipeline::carry():158}:159}(Object(Illuminate\\Http\\Request))
#53 C:\\Users\\Nathan\\Documents\\Cours\\BUT_2\\Photos\\vendor\\laravel\\framework\\src\\Illuminate\\Pipeline\\Pipeline.php(183): Illuminate\\Foundation\\Http\\Middleware\\PreventRequestsDuringMaintenance->handle(Object(Illuminate\\Http\\Request), Object(Closure))
#54 C:\\Users\\Nathan\\Documents\\Cours\\BUT_2\\Photos\\vendor\\laravel\\framework\\src\\Illuminate\\Http\\Middleware\\HandleCors.php(49): Illuminate\\Pipeline\\Pipeline->{closure:{closure:Illuminate\\Pipeline\\Pipeline::carry():158}:159}(Object(Illuminate\\Http\\Request))
#55 C:\\Users\\Nathan\\Documents\\Cours\\BUT_2\\Photos\\vendor\\laravel\\framework\\src\\Illuminate\\Pipeline\\Pipeline.php(183): Illuminate\\Http\\Middleware\\HandleCors->handle(Object(Illuminate\\Http\\Request), Object(Closure))
#56 C:\\Users\\Nathan\\Documents\\Cours\\BUT_2\\Photos\\vendor\\laravel\\framework\\src\\Illuminate\\Http\\Middleware\\TrustProxies.php(39): Illuminate\\Pipeline\\Pipeline->{closure:{closure:Illuminate\\Pipeline\\Pipeline::carry():158}:159}(Object(Illuminate\\Http\\Request))
#57 C:\\Users\\Nathan\\Documents\\Cours\\BUT_2\\Photos\\vendor\\laravel\\framework\\src\\Illuminate\\Pipeline\\Pipeline.php(183): Illuminate\\Http\\Middleware\\TrustProxies->handle(Object(Illuminate\\Http\\Request), Object(Closure))
#58 C:\\Users\\Nathan\\Documents\\Cours\\BUT_2\\Photos\\vendor\\laravel\\framework\\src\\Illuminate\\Pipeline\\Pipeline.php(119): Illuminate\\Pipeline\\Pipeline->{closure:{closure:Illuminate\\Pipeline\\Pipeline::carry():158}:159}(Object(Illuminate\\Http\\Request))
#59 C:\\Users\\Nathan\\Documents\\Cours\\BUT_2\\Photos\\vendor\\laravel\\framework\\src\\Illuminate\\Foundation\\Http\\Kernel.php(175): Illuminate\\Pipeline\\Pipeline->then(Object(Closure))
#60 C:\\Users\\Nathan\\Documents\\Cours\\BUT_2\\Photos\\vendor\\laravel\\framework\\src\\Illuminate\\Foundation\\Http\\Kernel.php(144): Illuminate\\Foundation\\Http\\Kernel->sendRequestThroughRouter(Object(Illuminate\\Http\\Request))
#61 C:\\Users\\Nathan\\Documents\\Cours\\BUT_2\\Photos\\public\\index.php(51): Illuminate\\Foundation\\Http\\Kernel->handle(Object(Illuminate\\Http\\Request))
#62 C:\\Users\\Nathan\\Documents\\Cours\\BUT_2\\Photos\\vendor\\laravel\\framework\\src\\Illuminate\\Foundation\\resources\\server.php(16): require_once('C:\\\\Users\\\\Nathan...')
#63 {main}
"} 
[2025-11-25 09:31:02] local.ERROR: SQLSTATE[HY000] [2002] Aucune connexion n’a pu être établie car l’ordinateur cible l’a expressément refusée (Connection: mysql, SQL: select * from `albums` order by `id` desc) {"exception":"[object] (Illuminate\\Database\\QueryException(code: 2002): SQLSTATE[HY000] [2002] Aucune connexion n’a pu être établie car l’ordinateur cible l’a expressément refusée (Connection: mysql, SQL: select * from `albums` order by `id` desc) at C:\\Users\\Nathan\\Documents\\Cours\\BUT_2\\Photos\\vendor\\laravel\\framework\\src\\Illuminate\\Database\\Connection.php:829)
[stacktrace]
#0 C:\\Users\\Nathan\\Documents\\Cours\\BUT_2\\Photos\\vendor\\laravel\\framework\\src\\Illuminate\\Database\\Connection.php(783): Illuminate\\Database\\Connection->runQueryCallback('select * from `...', Array, Object(Closure))
#1 C:\\Users\\Nathan\\Documents\\Cours\\BUT_2\\Photos\\vendor\\laravel\\framework\\src\\Illuminate\\Database\\Connection.php(414): Illuminate\\Database\\Connection->run('select * from `...', Array, Object(Closure))
#2 C:\\Users\\Nathan\\Documents\\Cours\\BUT_2\\Photos\\vendor\\laravel\\framework\\src\\Illuminate\\Database\\Query\\Builder.php(2913): Illuminate\\Database\\Connection->select('select * from `...', Array, true)
#3 C:\\Users\\Nathan\\Documents\\Cours\\BUT_2\\Photos\\vendor\\laravel\\framework\\src\\Illuminate\\Database\\Query\\Builder.php(2902): Illuminate\\Database\\Query\\Builder->runSelect()
#4 C:\\Users\\Nathan\\Documents\\Cours\\BUT_2\\Photos\\vendor\\laravel\\framework\\src\\Illuminate\\Database\\Query\\Builder.php(3456): Illuminate\\Database\\Query\\Builder->{closure:Illuminate\\Database\\Query\\Builder::get():2901}()
#5 C:\\Users\\Nathan\\Documents\\Cours\\BUT_2\\Photos\\vendor\\laravel\\framework\\src\\Illuminate\\Database\\Query\\Builder.php(2901): Illuminate\\Database\\Query\\Builder->onceWithColumns(Array, Object(Closure))
#6 C:\\Users\\Nathan\\Documents\\Cours\\BUT_2\\Photos\\vendor\\laravel\\framework\\src\\Illuminate\\Database\\Eloquent\\Builder.php(739): Illuminate\\Database\\Query\\Builder->get(Array)
#7 C:\\Users\\Nathan\\Documents\\Cours\\BUT_2\\Photos\\vendor\\laravel\\framework\\src\\Illuminate\\Database\\Eloquent\\Builder.php(723): Illuminate\\Database\\Eloquent\\Builder->getModels(Array)
#8 C:\\Users\\Nathan\\Documents\\Cours\\BUT_2\\Photos\\routes\\web.php(23): Illuminate\\Database\\Eloquent\\Builder->get()
#9 C:\\Users\\Nathan\\Documents\\Cours\\BUT_2\\Photos\\vendor\\laravel\\framework\\src\\Illuminate\\Routing\\CallableDispatcher.php(40): Illuminate\\Routing\\RouteFileRegistrar->{closure:C:\\Users\\Nathan\\Documents\\Cours\\BUT_2\\Photos\\routes\\web.php:21}()
#10 C:\\Users\\Nathan\\Documents\\Cours\\BUT_2\\Photos\\vendor\\laravel\\framework\\src\\Illuminate\\Routing\\Route.php(237): Illuminate\\Routing\\CallableDispatcher->dispatch(Object(Illuminate\\Routing\\Route), Object(Closure))
#11 C:\\Users\\Nathan\\Documents\\Cours\\BUT_2\\Photos\\vendor\\laravel\\framework\\src\\Illuminate\\Routing\\Route.php(208): Illuminate\\Routing\\Route->runCallable()
#12 C:\\Users\\Nathan\\Documents\\Cours\\BUT_2\\Photos\\vendor\\laravel\\framework\\src\\Illuminate\\Routing\\Router.php(806): Illuminate\\Routing\\Route->run()
#13 C:\\Users\\Nathan\\Documents\\Cours\\BUT_2\\Photos\\vendor\\laravel\\framework\\src\\Illuminate\\Pipeline\\Pipeline.php(144): Illuminate\\Routing\\Router->{closure:Illuminate\\Routing\\Router::runRouteWithinStack():805}(Object(Illuminate\\Http\\Request))
#14 C:\\Users\\Nathan\\Documents\\Cours\\BUT_2\\Photos\\vendor\\laravel\\framework\\src\\Illuminate\\Routing\\Middleware\\SubstituteBindings.php(50): Illuminate\\Pipeline\\Pipeline->{closure:Illuminate\\Pipeline\\Pipeline::prepareDestination():142}(Object(Illuminate\\Http\\Request))
#15 C:\\Users\\Nathan\\Documents\\Cours\\BUT_2\\Photos\\vendor\\laravel\\framework\\src\\Illuminate\\Pipeline\\Pipeline.php(183): Illuminate\\Routing\\Middleware\\SubstituteBindings->handle(Object(Illuminate\\Http\\Request), Object(Closure))
#16 C:\\Users\\Nathan\\Documents\\Cours\\BUT_2\\Photos\\vendor\\laravel\\framework\\src\\Illuminate\\Foundation\\Http\\Middleware\\VerifyCsrfToken.php(78): Illuminate\\Pipeline\\Pipeline->{closure:{closure:Illuminate\\Pipeline\\Pipeline::carry():158}:159}(Object(Illuminate\\Http\\Request))
#17 C:\\Users\\Nathan\\Documents\\Cours\\BUT_2\\Photos\\vendor\\laravel\\framework\\src\\Illuminate\\Pipeline\\Pipeline.php(183): Illuminate\\Foundation\\Http\\Middleware\\VerifyCsrfToken->handle(Object(Illuminate\\Http\\Request), Object(Closure))
#18 C:\\Users\\Nathan\\Documents\\Cours\\BUT_2\\Photos\\vendor\\laravel\\framework\\src\\Illuminate\\View\\Middleware\\ShareErrorsFromSession.php(49): Illuminate\\Pipeline\\Pipeline->{closure:{closure:Illuminate\\Pipeline\\Pipeline::carry():158}:159}(Object(Illuminate\\Http\\Request))
#19 C:\\Users\\Nathan\\Documents\\Cours\\BUT_2\\Photos\\vendor\\laravel\\framework\\src\\Illuminate\\Pipeline\\Pipeline.php(183): Illuminate\\View\\Middleware\\ShareErrorsFromSession->handle(Object(Illuminate\\Http\\Request), Object(Closure))
#20 C:\\Users\\Nathan\\Documents\\Cours\\BUT_2\\Photos\\vendor\\laravel\\framework\\src\\Illuminate\\Session\\Middleware\\StartSession.php(121): Illuminate\\Pipeline\\Pipeline->{closure:{closure:Illuminate\\Pipeline\\Pipeline::carry():158}:159}(Object(Illuminate\\Http\\Request))
#21 C:\\Users\\Nathan\\Documents\\Cours\\BUT_2\\Photos\\vendor\\laravel\\framework\\src\\Illuminate\\Session\\Middleware\\StartSession.php(64): Illuminate\\Session\\Middleware\\StartSession->handleStatefulRequest(Object(Illuminate\\Http\\Request), Object(Illuminate\\Session\\Store), Object(Closure))
#22 C:\\Users\\Nathan\\Documents\\Cours\\BUT_2\\Photos\\vendor\\laravel\\framework\\src\\Illuminate\\Pipeline\\Pipeline.php(183): Illuminate\\Session\\Middleware\\StartSession->handle(Object(Illuminate\\Http\\Request), Object(Closure))
#23 C:\\Users\\Nathan\\Documents\\Cours\\BUT_2\\Photos\\vendor\\laravel\\framework\\src\\Illuminate\\Cookie\\Middleware\\AddQueuedCookiesToResponse.php(37): Illuminate\\Pipeline\\Pipeline->{closure:{closure:Illuminate\\Pipeline\\Pipeline::carry():158}:159}(Object(Illuminate\\Http\\Request))
#24 C:\\Users\\Nathan\\Documents\\Cours\\BUT_2\\Photos\\vendor\\laravel\\framework\\src\\Illuminate\\Pipeline\\Pipeline.php(183): Illuminate\\Cookie\\Middleware\\AddQueuedCookiesToResponse->handle(Object(Illuminate\\Http\\Request), Object(Closure))
#25 C:\\Users\\Nathan\\Documents\\Cours\\BUT_2\\Photos\\vendor\\laravel\\framework\\src\\Illuminate\\Cookie\\Middleware\\EncryptCookies.php(67): Illuminate\\Pipeline\\Pipeline->{closure:{closure:Illuminate\\Pipeline\\Pipeline::carry():158}:159}(Object(Illuminate\\Http\\Request))
#26 C:\\Users\\Nathan\\Documents\\Cours\\BUT_2\\Photos\\vendor\\laravel\\framework\\src\\Illuminate\\Pipeline\\Pipeline.php(183): Illuminate\\Cookie\\Middleware\\EncryptCookies->handle(Object(Illuminate\\Http\\Request), Object(Closure))
#27 C:\\Users\\Nathan\\Documents\\Cours\\BUT_2\\Photos\\vendor\\laravel\\framework\\src\\Illuminate\\Pipeline\\Pipeline.php(119): Illuminate\\Pipeline\\Pipeline->{closure:{closure:Illuminate\\Pipeline\\Pipeline::carry():158}:159}(Object(Illuminate\\Http\\Request))
#28 C:\\Users\\Nathan\\Documents\\Cours\\BUT_2\\Photos\\vendor\\laravel\\framework\\src\\Illuminate\\Routing\\Router.php(805): Illuminate\\Pipeline\\Pipeline->then(Object(Closure))
#29 C:\\Users\\Nathan\\Documents\\Cours\\BUT_2\\Photos\\vendor\\laravel\\framework\\src\\Illuminate\\Routing\\Router.php(784): Illuminate\\Routing\\Router->runRouteWithinStack(Object(Illuminate\\Routing\\Route), Object(Illuminate\\Http\\Request))
#30 C:\\Users\\Nathan\\Documents\\Cours\\BUT_2\\Photos\\vendor\\laravel\\framework\\src\\Illuminate\\Routing\\Router.php(748): Illuminate\\Routing\\Router->runRoute(Object(Illuminate\\Http\\Request), Object(Illuminate\\Routing\\Route))
#31 C:\\Users\\Nathan\\Documents\\Cours\\BUT_2\\Photos\\vendor\\laravel\\framework\\src\\Illuminate\\Routing\\Router.php(737): Illuminate\\Routing\\Router->dispatchToRoute(Object(Illuminate\\Http\\Request))
#32 C:\\Users\\Nathan\\Documents\\Cours\\BUT_2\\Photos\\vendor\\laravel\\framework\\src\\Illuminate\\Foundation\\Http\\Kernel.php(200): Illuminate\\Routing\\Router->dispatch(Object(Illuminate\\Http\\Request))
#33 C:\\Users\\Nathan\\Documents\\Cours\\BUT_2\\Photos\\vendor\\laravel\\framework\\src\\Illuminate\\Pipeline\\Pipeline.php(144): Illuminate\\Foundation\\Http\\Kernel->{closure:Illuminate\\Foundation\\Http\\Kernel::dispatchToRouter():197}(Object(Illuminate\\Http\\Request))
#34 C:\\Users\\Nathan\\Documents\\Cours\\BUT_2\\Photos\\vendor\\laravel\\framework\\src\\Illuminate\\Foundation\\Http\\Middleware\\TransformsRequest.php(21): Illuminate\\Pipeline\\Pipeline->{closure:Illuminate\\Pipeline\\Pipeline::prepareDestination():142}(Object(Illuminate\\Http\\Request))
#35 C:\\Users\\Nathan\\Documents\\Cours\\BUT_2\\Photos\\vendor\\laravel\\framework\\src\\Illuminate\\Foundation\\Http\\Middleware\\ConvertEmptyStringsToNull.php(31): Illuminate\\Foundation\\Http\\Middleware\\TransformsRequest->handle(Object(Illuminate\\Http\\Request), Object(Closure))
#36 C:\\Users\\Nathan\\Documents\\Cours\\BUT_2\\Photos\\vendor\\laravel\\framework\\src\\Illuminate\\Pipeline\\Pipeline.php(183): Illuminate\\Foundation\\Http\\Middleware\\ConvertEmptyStringsToNull->handle(Object(Illuminate\\Http\\Request), Object(Closure))
#37 C:\\Users\\Nathan\\Documents\\Cours\\BUT_2\\Photos\\vendor\\laravel\\framework\\src\\Illuminate\\Foundation\\Http\\Middleware\\TransformsRequest.php(21): Illuminate\\Pipeline\\Pipeline->{closure:{closure:Illuminate\\Pipeline\\Pipeline::carry():158}:159}(Object(Illuminate\\Http\\Request))
#38 C:\\Users\\Nathan\\Documents\\Cours\\BUT_2\\Photos\\vendor\\laravel\\framework\\src\\Illuminate\\Foundation\\Http\\Middleware\\TrimStrings.php(40): Illuminate\\Foundation\\Http\\Middleware\\TransformsRequest->handle(Object(Illuminate\\Http\\Request), Object(Closure))
#39 C:\\Users\\Nathan\\Documents\\Cours\\BUT_2\\Photos\\vendor\\laravel\\framework\\src\\Illuminate\\Pipeline\\Pipeline.php(183): Illuminate\\Foundation\\Http\\Middleware\\TrimStrings->handle(Object(Illuminate\\Http\\Request), Object(Closure))
#40 C:\\Users\\Nathan\\Documents\\Cours\\BUT_2\\Photos\\vendor\\laravel\\framework\\src\\Illuminate\\Foundation\\Http\\Middleware\\ValidatePostSize.php(27): Illuminate\\Pipeline\\Pipeline->{closure:{closure:Illuminate\\Pipeline\\Pipeline::carry():158}:159}(Object(Illuminate\\Http\\Request))
#41 C:\\Users\\Nathan\\Documents\\Cours\\BUT_2\\Photos\\vendor\\laravel\\framework\\src\\Illuminate\\Pipeline\\Pipeline.php(183): Illuminate\\Foundation\\Http\\Middleware\\ValidatePostSize->handle(Object(Illuminate\\Http\\Request), Object(Closure))
#42 C:\\Users\\Nathan\\Documents\\Cours\\BUT_2\\Photos\\vendor\\laravel\\framework\\src\\Illuminate\\Foundation\\Http\\Middleware\\PreventRequestsDuringMaintenance.php(99): Illuminate\\Pipeline\\Pipeline->{closure:{closure:Illuminate\\Pipeline\\Pipeline::carry():158}:159}(Object(Illuminate\\Http\\Request))
#43 C:\\Users\\Nathan\\Documents\\Cours\\BUT_2\\Photos\\vendor\\laravel\\framework\\src\\Illuminate\\Pipeline\\Pipeline.php(183): Illuminate\\Foundation\\Http\\Middleware\\PreventRequestsDuringMaintenance->handle(Object(Illuminate\\Http\\Request), Object(Closure))
#44 C:\\Users\\Nathan\\Documents\\Cours\\BUT_2\\Photos\\vendor\\laravel\\framework\\src\\Illuminate\\Http\\Middleware\\HandleCors.php(49): Illuminate\\Pipeline\\Pipeline->{closure:{closure:Illuminate\\Pipeline\\Pipeline::carry():158}:159}(Object(Illuminate\\Http\\Request))
#45 C:\\Users\\Nathan\\Documents\\Cours\\BUT_2\\Photos\\vendor\\laravel\\framework\\src\\Illuminate\\Pipeline\\Pipeline.php(183): Illuminate\\Http\\Middleware\\HandleCors->handle(Object(Illuminate\\Http\\Request), Object(Closure))
#46 C:\\Users\\Nathan\\Documents\\Cours\\BUT_2\\Photos\\vendor\\laravel\\framework\\src\\Illuminate\\Http\\Middleware\\TrustProxies.php(39): Illuminate\\Pipeline\\Pipeline->{closure:{closure:Illuminate\\Pipeline\\Pipeline::carry():158}:159}(Object(Illuminate\\Http\\Request))
#47 C:\\Users\\Nathan\\Documents\\Cours\\BUT_2\\Photos\\vendor\\laravel\\framework\\src\\Illuminate\\Pipeline\\Pipeline.php(183): Illuminate\\Http\\Middleware\\TrustProxies->handle(Object(Illuminate\\Http\\Request), Object(Closure))
#48 C:\\Users\\Nathan\\Documents\\Cours\\BUT_2\\Photos\\vendor\\laravel\\framework\\src\\Illuminate\\Pipeline\\Pipeline.php(119): Illuminate\\Pipeline\\Pipeline->{closure:{closure:Illuminate\\Pipeline\\Pipeline::carry():158}:159}(Object(Illuminate\\Http\\Request))
#49 C:\\Users\\Nathan\\Documents\\Cours\\BUT_2\\Photos\\vendor\\laravel\\framework\\src\\Illuminate\\Foundation\\Http\\Kernel.php(175): Illuminate\\Pipeline\\Pipeline->then(Object(Closure))
#50 C:\\Users\\Nathan\\Documents\\Cours\\BUT_2\\Photos\\vendor\\laravel\\framework\\src\\Illuminate\\Foundation\\Http\\Kernel.php(144): Illuminate\\Foundation\\Http\\Kernel->sendRequestThroughRouter(Object(Illuminate\\Http\\Request))
#51 C:\\Users\\Nathan\\Documents\\Cours\\BUT_2\\Photos\\public\\index.php(51): Illuminate\\Foundation\\Http\\Kernel->handle(Object(Illuminate\\Http\\Request))
#52 C:\\Users\\Nathan\\Documents\\Cours\\BUT_2\\Photos\\vendor\\laravel\\framework\\src\\Illuminate\\Foundation\\resources\\server.php(16): require_once('C:\\\\Users\\\\Nathan...')
#53 {main}

[previous exception] [object] (PDOException(code: 2002): SQLSTATE[HY000] [2002] Aucune connexion n’a pu être établie car l’ordinateur cible l’a expressément refusée at C:\\Users\\Nathan\\Documents\\Cours\\BUT_2\\Photos\\vendor\\laravel\\framework\\src\\Illuminate\\Database\\Connectors\\Connector.php:65)
[stacktrace]
#0 C:\\Users\\Nathan\\Documents\\Cours\\BUT_2\\Photos\\vendor\\laravel\\framework\\src\\Illuminate\\Database\\Connectors\\Connector.php(65): PDO->__construct('mysql:host=127....', 'root', Object(SensitiveParameterValue), Array)
#1 C:\\Users\\Nathan\\Documents\\Cours\\BUT_2\\Photos\\vendor\\laravel\\framework\\src\\Illuminate\\Database\\Connectors\\Connector.php(44): Illuminate\\Database\\Connectors\\Connector->createPdoConnection('mysql:host=127....', 'root', '', Array)
#2 C:\\Users\\Nathan\\Documents\\Cours\\BUT_2\\Photos\\vendor\\laravel\\framework\\src\\Illuminate\\Database\\Connectors\\MySqlConnector.php(24): Illuminate\\Database\\Connectors\\Connector->createConnection('mysql:host=127....', Array, Array)
#3 C:\\Users\\Nathan\\Documents\\Cours\\BUT_2\\Photos\\vendor\\laravel\\framework\\src\\Illuminate\\Database\\Connectors\\ConnectionFactory.php(184): Illuminate\\Database\\Connectors\\MySqlConnector->connect(Array)
#4 [internal function]: Illuminate\\Database\\Connectors\\ConnectionFactory->{closure:Illuminate\\Database\\Connectors\\ConnectionFactory::createPdoResolverWithHosts():179}()
#5 C:\\Users\\Nathan\\Documents\\Cours\\BUT_2\\Photos\\vendor\\laravel\\framework\\src\\Illuminate\\Database\\Connection.php(1339): call_user_func(Object(Closure))
#6 C:\\Users\\Nathan\\Documents\\Cours\\BUT_2\\Photos\\vendor\\laravel\\framework\\src\\Illuminate\\Database\\Connection.php(1375): Illuminate\\Database\\Connection->getPdo()
#7 C:\\Users\\Nathan\\Documents\\Cours\\BUT_2\\Photos\\vendor\\laravel\\framework\\src\\Illuminate\\Database\\Connection.php(528): Illuminate\\Database\\Connection->getReadPdo()
#8 C:\\Users\\Nathan\\Documents\\Cours\\BUT_2\\Photos\\vendor\\laravel\\framework\\src\\Illuminate\\Database\\Connection.php(423): Illuminate\\Database\\Connection->getPdoForSelect(true)
#9 C:\\Users\\Nathan\\Documents\\Cours\\BUT_2\\Photos\\vendor\\laravel\\framework\\src\\Illuminate\\Database\\Connection.php(816): Illuminate\\Database\\Connection->{closure:Illuminate\\Database\\Connection::select():414}('select * from `...', Array)
#10 C:\\Users\\Nathan\\Documents\\Cours\\BUT_2\\Photos\\vendor\\laravel\\framework\\src\\Illuminate\\Database\\Connection.php(783): Illuminate\\Database\\Connection->runQueryCallback('select * from `...', Array, Object(Closure))
#11 C:\\Users\\Nathan\\Documents\\Cours\\BUT_2\\Photos\\vendor\\laravel\\framework\\src\\Illuminate\\Database\\Connection.php(414): Illuminate\\Database\\Connection->run('select * from `...', Array, Object(Closure))
#12 C:\\Users\\Nathan\\Documents\\Cours\\BUT_2\\Photos\\vendor\\laravel\\framework\\src\\Illuminate\\Database\\Query\\Builder.php(2913): Illuminate\\Database\\Connection->select('select * from `...', Array, true)
#13 C:\\Users\\Nathan\\Documents\\Cours\\BUT_2\\Photos\\vendor\\laravel\\framework\\src\\Illuminate\\Database\\Query\\Builder.php(2902): Illuminate\\Database\\Query\\Builder->runSelect()
#14 C:\\Users\\Nathan\\Documents\\Cours\\BUT_2\\Photos\\vendor\\laravel\\framework\\src\\Illuminate\\Database\\Query\\Builder.php(3456): Illuminate\\Database\\Query\\Builder->{closure:Illuminate\\Database\\Query\\Builder::get():2901}()
#15 C:\\Users\\Nathan\\Documents\\Cours\\BUT_2\\Photos\\vendor\\laravel\\framework\\src\\Illuminate\\Database\\Query\\Builder.php(2901): Illuminate\\Database\\Query\\Builder->onceWithColumns(Array, Object(Closure))
#16 C:\\Users\\Nathan\\Documents\\Cours\\BUT_2\\Photos\\vendor\\laravel\\framework\\src\\Illuminate\\Database\\Eloquent\\Builder.php(739): Illuminate\\Database\\Query\\Builder->get(Array)
#17 C:\\Users\\Nathan\\Documents\\Cours\\BUT_2\\Photos\\vendor\\laravel\\framework\\src\\Illuminate\\Database\\Eloquent\\Builder.php(723): Illuminate\\Database\\Eloquent\\Builder->getModels(Array)
#18 C:\\Users\\Nathan\\Documents\\Cours\\BUT_2\\Photos\\routes\\web.php(23): Illuminate\\Database\\Eloquent\\Builder->get()
#19 C:\\Users\\Nathan\\Documents\\Cours\\BUT_2\\Photos\\vendor\\laravel\\framework\\src\\Illuminate\\Routing\\CallableDispatcher.php(40): Illuminate\\Routing\\RouteFileRegistrar->{closure:C:\\Users\\Nathan\\Documents\\Cours\\BUT_2\\Photos\\routes\\web.php:21}()
#20 C:\\Users\\Nathan\\Documents\\Cours\\BUT_2\\Photos\\vendor\\laravel\\framework\\src\\Illuminate\\Routing\\Route.php(237): Illuminate\\Routing\\CallableDispatcher->dispatch(Object(Illuminate\\Routing\\Route), Object(Closure))
#21 C:\\Users\\Nathan\\Documents\\Cours\\BUT_2\\Photos\\vendor\\laravel\\framework\\src\\Illuminate\\Routing\\Route.php(208): Illuminate\\Routing\\Route->runCallable()
#22 C:\\Users\\Nathan\\Documents\\Cours\\BUT_2\\Photos\\vendor\\laravel\\framework\\src\\Illuminate\\Routing\\Router.php(806): Illuminate\\Routing\\Route->run()
#23 C:\\Users\\Nathan\\Documents\\Cours\\BUT_2\\Photos\\vendor\\laravel\\framework\\src\\Illuminate\\Pipeline\\Pipeline.php(144): Illuminate\\Routing\\Router->{closure:Illuminate\\Routing\\Router::runRouteWithinStack():805}(Object(Illuminate\\Http\\Request))
#24 C:\\Users\\Nathan\\Documents\\Cours\\BUT_2\\Photos\\vendor\\laravel\\framework\\src\\Illuminate\\Routing\\Middleware\\SubstituteBindings.php(50): Illuminate\\Pipeline\\Pipeline->{closure:Illuminate\\Pipeline\\Pipeline::prepareDestination():142}(Object(Illuminate\\Http\\Request))
#25 C:\\Users\\Nathan\\Documents\\Cours\\BUT_2\\Photos\\vendor\\laravel\\framework\\src\\Illuminate\\Pipeline\\Pipeline.php(183): Illuminate\\Routing\\Middleware\\SubstituteBindings->handle(Object(Illuminate\\Http\\Request), Object(Closure))
#26 C:\\Users\\Nathan\\Documents\\Cours\\BUT_2\\Photos\\vendor\\laravel\\framework\\src\\Illuminate\\Foundation\\Http\\Middleware\\VerifyCsrfToken.php(78): Illuminate\\Pipeline\\Pipeline->{closure:{closure:Illuminate\\Pipeline\\Pipeline::carry():158}:159}(Object(Illuminate\\Http\\Request))
#27 C:\\Users\\Nathan\\Documents\\Cours\\BUT_2\\Photos\\vendor\\laravel\\framework\\src\\Illuminate\\Pipeline\\Pipeline.php(183): Illuminate\\Foundation\\Http\\Middleware\\VerifyCsrfToken->handle(Object(Illuminate\\Http\\Request), Object(Closure))
#28 C:\\Users\\Nathan\\Documents\\Cours\\BUT_2\\Photos\\vendor\\laravel\\framework\\src\\Illuminate\\View\\Middleware\\ShareErrorsFromSession.php(49): Illuminate\\Pipeline\\Pipeline->{closure:{closure:Illuminate\\Pipeline\\Pipeline::carry():158}:159}(Object(Illuminate\\Http\\Request))
#29 C:\\Users\\Nathan\\Documents\\Cours\\BUT_2\\Photos\\vendor\\laravel\\framework\\src\\Illuminate\\Pipeline\\Pipeline.php(183): Illuminate\\View\\Middleware\\ShareErrorsFromSession->handle(Object(Illuminate\\Http\\Request), Object(Closure))
#30 C:\\Users\\Nathan\\Documents\\Cours\\BUT_2\\Photos\\vendor\\laravel\\framework\\src\\Illuminate\\Session\\Middleware\\StartSession.php(121): Illuminate\\Pipeline\\Pipeline->{closure:{closure:Illuminate\\Pipeline\\Pipeline::carry():158}:159}(Object(Illuminate\\Http\\Request))
#31 C:\\Users\\Nathan\\Documents\\Cours\\BUT_2\\Photos\\vendor\\laravel\\framework\\src\\Illuminate\\Session\\Middleware\\StartSession.php(64): Illuminate\\Session\\Middleware\\StartSession->handleStatefulRequest(Object(Illuminate\\Http\\Request), Object(Illuminate\\Session\\Store), Object(Closure))
#32 C:\\Users\\Nathan\\Documents\\Cours\\BUT_2\\Photos\\vendor\\laravel\\framework\\src\\Illuminate\\Pipeline\\Pipeline.php(183): Illuminate\\Session\\Middleware\\StartSession->handle(Object(Illuminate\\Http\\Request), Object(Closure))
#33 C:\\Users\\Nathan\\Documents\\Cours\\BUT_2\\Photos\\vendor\\laravel\\framework\\src\\Illuminate\\Cookie\\Middleware\\AddQueuedCookiesToResponse.php(37): Illuminate\\Pipeline\\Pipeline->{closure:{closure:Illuminate\\Pipeline\\Pipeline::carry():158}:159}(Object(Illuminate\\Http\\Request))
#34 C:\\Users\\Nathan\\Documents\\Cours\\BUT_2\\Photos\\vendor\\laravel\\framework\\src\\Illuminate\\Pipeline\\Pipeline.php(183): Illuminate\\Cookie\\Middleware\\AddQueuedCookiesToResponse->handle(Object(Illuminate\\Http\\Request), Object(Closure))
#35 C:\\Users\\Nathan\\Documents\\Cours\\BUT_2\\Photos\\vendor\\laravel\\framework\\src\\Illuminate\\Cookie\\Middleware\\EncryptCookies.php(67): Illuminate\\Pipeline\\Pipeline->{closure:{closure:Illuminate\\Pipeline\\Pipeline::carry():158}:159}(Object(Illuminate\\Http\\Request))
#36 C:\\Users\\Nathan\\Documents\\Cours\\BUT_2\\Photos\\vendor\\laravel\\framework\\src\\Illuminate\\Pipeline\\Pipeline.php(183): Illuminate\\Cookie\\Middleware\\EncryptCookies->handle(Object(Illuminate\\Http\\Request), Object(Closure))
#37 C:\\Users\\Nathan\\Documents\\Cours\\BUT_2\\Photos\\vendor\\laravel\\framework\\src\\Illuminate\\Pipeline\\Pipeline.php(119): Illuminate\\Pipeline\\Pipeline->{closure:{closure:Illuminate\\Pipeline\\Pipeline::carry():158}:159}(Object(Illuminate\\Http\\Request))
#38 C:\\Users\\Nathan\\Documents\\Cours\\BUT_2\\Photos\\vendor\\laravel\\framework\\src\\Illuminate\\Routing\\Router.php(805): Illuminate\\Pipeline\\Pipeline->then(Object(Closure))
#39 C:\\Users\\Nathan\\Documents\\Cours\\BUT_2\\Photos\\vendor\\laravel\\framework\\src\\Illuminate\\Routing\\Router.php(784): Illuminate\\Routing\\Router->runRouteWithinStack(Object(Illuminate\\Routing\\Route), Object(Illuminate\\Http\\Request))
#40 C:\\Users\\Nathan\\Documents\\Cours\\BUT_2\\Photos\\vendor\\laravel\\framework\\src\\Illuminate\\Routing\\Router.php(748): Illuminate\\Routing\\Router->runRoute(Object(Illuminate\\Http\\Request), Object(Illuminate\\Routing\\Route))
#41 C:\\Users\\Nathan\\Documents\\Cours\\BUT_2\\Photos\\vendor\\laravel\\framework\\src\\Illuminate\\Routing\\Router.php(737): Illuminate\\Routing\\Router->dispatchToRoute(Object(Illuminate\\Http\\Request))
#42 C:\\Users\\Nathan\\Documents\\Cours\\BUT_2\\Photos\\vendor\\laravel\\framework\\src\\Illuminate\\Foundation\\Http\\Kernel.php(200): Illuminate\\Routing\\Router->dispatch(Object(Illuminate\\Http\\Request))
#43 C:\\Users\\Nathan\\Documents\\Cours\\BUT_2\\Photos\\vendor\\laravel\\framework\\src\\Illuminate\\Pipeline\\Pipeline.php(144): Illuminate\\Foundation\\Http\\Kernel->{closure:Illuminate\\Foundation\\Http\\Kernel::dispatchToRouter():197}(Object(Illuminate\\Http\\Request))
#44 C:\\Users\\Nathan\\Documents\\Cours\\BUT_2\\Photos\\vendor\\laravel\\framework\\src\\Illuminate\\Foundation\\Http\\Middleware\\TransformsRequest.php(21): Illuminate\\Pipeline\\Pipeline->{closure:Illuminate\\Pipeline\\Pipeline::prepareDestination():142}(Object(Illuminate\\Http\\Request))
#45 C:\\Users\\Nathan\\Documents\\Cours\\BUT_2\\Photos\\vendor\\laravel\\framework\\src\\Illuminate\\Foundation\\Http\\Middleware\\ConvertEmptyStringsToNull.php(31): Illuminate\\Foundation\\Http\\Middleware\\TransformsRequest->handle(Object(Illuminate\\Http\\Request), Object(Closure))
#46 C:\\Users\\Nathan\\Documents\\Cours\\BUT_2\\Photos\\vendor\\laravel\\framework\\src\\Illuminate\\Pipeline\\Pipeline.php(183): Illuminate\\Foundation\\Http\\Middleware\\ConvertEmptyStringsToNull->handle(Object(Illuminate\\Http\\Request), Object(Closure))
#47 C:\\Users\\Nathan\\Documents\\Cours\\BUT_2\\Photos\\vendor\\laravel\\framework\\src\\Illuminate\\Foundation\\Http\\Middleware\\TransformsRequest.php(21): Illuminate\\Pipeline\\Pipeline->{closure:{closure:Illuminate\\Pipeline\\Pipeline::carry():158}:159}(Object(Illuminate\\Http\\Request))
#48 C:\\Users\\Nathan\\Documents\\Cours\\BUT_2\\Photos\\vendor\\laravel\\framework\\src\\Illuminate\\Foundation\\Http\\Middleware\\TrimStrings.php(40): Illuminate\\Foundation\\Http\\Middleware\\TransformsRequest->handle(Object(Illuminate\\Http\\Request), Object(Closure))
#49 C:\\Users\\Nathan\\Documents\\Cours\\BUT_2\\Photos\\vendor\\laravel\\framework\\src\\Illuminate\\Pipeline\\Pipeline.php(183): Illuminate\\Foundation\\Http\\Middleware\\TrimStrings->handle(Object(Illuminate\\Http\\Request), Object(Closure))
#50 C:\\Users\\Nathan\\Documents\\Cours\\BUT_2\\Photos\\vendor\\laravel\\framework\\src\\Illuminate\\Foundation\\Http\\Middleware\\ValidatePostSize.php(27): Illuminate\\Pipeline\\Pipeline->{closure:{closure:Illuminate\\Pipeline\\Pipeline::carry():158}:159}(Object(Illuminate\\Http\\Request))
#51 C:\\Users\\Nathan\\Documents\\Cours\\BUT_2\\Photos\\vendor\\laravel\\framework\\src\\Illuminate\\Pipeline\\Pipeline.php(183): Illuminate\\Foundation\\Http\\Middleware\\ValidatePostSize->handle(Object(Illuminate\\Http\\Request), Object(Closure))
#52 C:\\Users\\Nathan\\Documents\\Cours\\BUT_2\\Photos\\vendor\\laravel\\framework\\src\\Illuminate\\Foundation\\Http\\Middleware\\PreventRequestsDuringMaintenance.php(99): Illuminate\\Pipeline\\Pipeline->{closure:{closure:Illuminate\\Pipeline\\Pipeline::carry():158}:159}(Object(Illuminate\\Http\\Request))
#53 C:\\Users\\Nathan\\Documents\\Cours\\BUT_2\\Photos\\vendor\\laravel\\framework\\src\\Illuminate\\Pipeline\\Pipeline.php(183): Illuminate\\Foundation\\Http\\Middleware\\PreventRequestsDuringMaintenance->handle(Object(Illuminate\\Http\\Request), Object(Closure))
#54 C:\\Users\\Nathan\\Documents\\Cours\\BUT_2\\Photos\\vendor\\laravel\\framework\\src\\Illuminate\\Http\\Middleware\\HandleCors.php(49): Illuminate\\Pipeline\\Pipeline->{closure:{closure:Illuminate\\Pipeline\\Pipeline::carry():158}:159}(Object(Illuminate\\Http\\Request))
#55 C:\\Users\\Nathan\\Documents\\Cours\\BUT_2\\Photos\\vendor\\laravel\\framework\\src\\Illuminate\\Pipeline\\Pipeline.php(183): Illuminate\\Http\\Middleware\\HandleCors->handle(Object(Illuminate\\Http\\Request), Object(Closure))
#56 C:\\Users\\Nathan\\Documents\\Cours\\BUT_2\\Photos\\vendor\\laravel\\framework\\src\\Illuminate\\Http\\Middleware\\TrustProxies.php(39): Illuminate\\Pipeline\\Pipeline->{closure:{closure:Illuminate\\Pipeline\\Pipeline::carry():158}:159}(Object(Illuminate\\Http\\Request))
#57 C:\\Users\\Nathan\\Documents\\Cours\\BUT_2\\Photos\\vendor\\laravel\\framework\\src\\Illuminate\\Pipeline\\Pipeline.php(183): Illuminate\\Http\\Middleware\\TrustProxies->handle(Object(Illuminate\\Http\\Request), Object(Closure))
#58 C:\\Users\\Nathan\\Documents\\Cours\\BUT_2\\Photos\\vendor\\laravel\\framework\\src\\Illuminate\\Pipeline\\Pipeline.php(119): Illuminate\\Pipeline\\Pipeline->{closure:{closure:Illuminate\\Pipeline\\Pipeline::carry():158}:159}(Object(Illuminate\\Http\\Request))
#59 C:\\Users\\Nathan\\Documents\\Cours\\BUT_2\\Photos\\vendor\\laravel\\framework\\src\\Illuminate\\Foundation\\Http\\Kernel.php(175): Illuminate\\Pipeline\\Pipeline->then(Object(Closure))
#60 C:\\Users\\Nathan\\Documents\\Cours\\BUT_2\\Photos\\vendor\\laravel\\framework\\src\\Illuminate\\Foundation\\Http\\Kernel.php(144): Illuminate\\Foundation\\Http\\Kernel->sendRequestThroughRouter(Object(Illuminate\\Http\\Request))
#61 C:\\Users\\Nathan\\Documents\\Cours\\BUT_2\\Photos\\public\\index.php(51): Illuminate\\Foundation\\Http\\Kernel->handle(Object(Illuminate\\Http\\Request))
#62 C:\\Users\\Nathan\\Documents\\Cours\\BUT_2\\Photos\\vendor\\laravel\\framework\\src\\Illuminate\\Foundation\\resources\\server.php(16): require_once('C:\\\\Users\\\\Nathan...')
#63 {main}
"} 
[2025-11-25 09:31:07] local.ERROR: SQLSTATE[HY000] [2002] Aucune connexion n’a pu être établie car l’ordinateur cible l’a expressément refusée (Connection: mysql, SQL: select * from `albums` order by `id` desc) {"exception":"[object] (Illuminate\\Database\\QueryException(code: 2002): SQLSTATE[HY000] [2002] Aucune connexion n’a pu être établie car l’ordinateur cible l’a expressément refusée (Connection: mysql, SQL: select * from `albums` order by `id` desc) at C:\\Users\\Nathan\\Documents\\Cours\\BUT_2\\Photos\\vendor\\laravel\\framework\\src\\Illuminate\\Database\\Connection.php:829)
[stacktrace]
#0 C:\\Users\\Nathan\\Documents\\Cours\\BUT_2\\Photos\\vendor\\laravel\\framework\\src\\Illuminate\\Database\\Connection.php(783): Illuminate\\Database\\Connection->runQueryCallback('select * from `...', Array, Object(Closure))
#1 C:\\Users\\Nathan\\Documents\\Cours\\BUT_2\\Photos\\vendor\\laravel\\framework\\src\\Illuminate\\Database\\Connection.php(414): Illuminate\\Database\\Connection->run('select * from `...', Array, Object(Closure))
#2 C:\\Users\\Nathan\\Documents\\Cours\\BUT_2\\Photos\\vendor\\laravel\\framework\\src\\Illuminate\\Database\\Query\\Builder.php(2913): Illuminate\\Database\\Connection->select('select * from `...', Array, true)
#3 C:\\Users\\Nathan\\Documents\\Cours\\BUT_2\\Photos\\vendor\\laravel\\framework\\src\\Illuminate\\Database\\Query\\Builder.php(2902): Illuminate\\Database\\Query\\Builder->runSelect()
#4 C:\\Users\\Nathan\\Documents\\Cours\\BUT_2\\Photos\\vendor\\laravel\\framework\\src\\Illuminate\\Database\\Query\\Builder.php(3456): Illuminate\\Database\\Query\\Builder->{closure:Illuminate\\Database\\Query\\Builder::get():2901}()
#5 C:\\Users\\Nathan\\Documents\\Cours\\BUT_2\\Photos\\vendor\\laravel\\framework\\src\\Illuminate\\Database\\Query\\Builder.php(2901): Illuminate\\Database\\Query\\Builder->onceWithColumns(Array, Object(Closure))
#6 C:\\Users\\Nathan\\Documents\\Cours\\BUT_2\\Photos\\vendor\\laravel\\framework\\src\\Illuminate\\Database\\Eloquent\\Builder.php(739): Illuminate\\Database\\Query\\Builder->get(Array)
#7 C:\\Users\\Nathan\\Documents\\Cours\\BUT_2\\Photos\\vendor\\laravel\\framework\\src\\Illuminate\\Database\\Eloquent\\Builder.php(723): Illuminate\\Database\\Eloquent\\Builder->getModels(Array)
#8 C:\\Users\\Nathan\\Documents\\Cours\\BUT_2\\Photos\\routes\\web.php(23): Illuminate\\Database\\Eloquent\\Builder->get()
#9 C:\\Users\\Nathan\\Documents\\Cours\\BUT_2\\Photos\\vendor\\laravel\\framework\\src\\Illuminate\\Routing\\CallableDispatcher.php(40): Illuminate\\Routing\\RouteFileRegistrar->{closure:C:\\Users\\Nathan\\Documents\\Cours\\BUT_2\\Photos\\routes\\web.php:21}()
#10 C:\\Users\\Nathan\\Documents\\Cours\\BUT_2\\Photos\\vendor\\laravel\\framework\\src\\Illuminate\\Routing\\Route.php(237): Illuminate\\Routing\\CallableDispatcher->dispatch(Object(Illuminate\\Routing\\Route), Object(Closure))
#11 C:\\Users\\Nathan\\Documents\\Cours\\BUT_2\\Photos\\vendor\\laravel\\framework\\src\\Illuminate\\Routing\\Route.php(208): Illuminate\\Routing\\Route->runCallable()
#12 C:\\Users\\Nathan\\Documents\\Cours\\BUT_2\\Photos\\vendor\\laravel\\framework\\src\\Illuminate\\Routing\\Router.php(806): Illuminate\\Routing\\Route->run()
#13 C:\\Users\\Nathan\\Documents\\Cours\\BUT_2\\Photos\\vendor\\laravel\\framework\\src\\Illuminate\\Pipeline\\Pipeline.php(144): Illuminate\\Routing\\Router->{closure:Illuminate\\Routing\\Router::runRouteWithinStack():805}(Object(Illuminate\\Http\\Request))
#14 C:\\Users\\Nathan\\Documents\\Cours\\BUT_2\\Photos\\vendor\\laravel\\framework\\src\\Illuminate\\Routing\\Middleware\\SubstituteBindings.php(50): Illuminate\\Pipeline\\Pipeline->{closure:Illuminate\\Pipeline\\Pipeline::prepareDestination():142}(Object(Illuminate\\Http\\Request))
#15 C:\\Users\\Nathan\\Documents\\Cours\\BUT_2\\Photos\\vendor\\laravel\\framework\\src\\Illuminate\\Pipeline\\Pipeline.php(183): Illuminate\\Routing\\Middleware\\SubstituteBindings->handle(Object(Illuminate\\Http\\Request), Object(Closure))
#16 C:\\Users\\Nathan\\Documents\\Cours\\BUT_2\\Photos\\vendor\\laravel\\framework\\src\\Illuminate\\Foundation\\Http\\Middleware\\VerifyCsrfToken.php(78): Illuminate\\Pipeline\\Pipeline->{closure:{closure:Illuminate\\Pipeline\\Pipeline::carry():158}:159}(Object(Illuminate\\Http\\Request))
#17 C:\\Users\\Nathan\\Documents\\Cours\\BUT_2\\Photos\\vendor\\laravel\\framework\\src\\Illuminate\\Pipeline\\Pipeline.php(183): Illuminate\\Foundation\\Http\\Middleware\\VerifyCsrfToken->handle(Object(Illuminate\\Http\\Request), Object(Closure))
#18 C:\\Users\\Nathan\\Documents\\Cours\\BUT_2\\Photos\\vendor\\laravel\\framework\\src\\Illuminate\\View\\Middleware\\ShareErrorsFromSession.php(49): Illuminate\\Pipeline\\Pipeline->{closure:{closure:Illuminate\\Pipeline\\Pipeline::carry():158}:159}(Object(Illuminate\\Http\\Request))
#19 C:\\Users\\Nathan\\Documents\\Cours\\BUT_2\\Photos\\vendor\\laravel\\framework\\src\\Illuminate\\Pipeline\\Pipeline.php(183): Illuminate\\View\\Middleware\\ShareErrorsFromSession->handle(Object(Illuminate\\Http\\Request), Object(Closure))
#20 C:\\Users\\Nathan\\Documents\\Cours\\BUT_2\\Photos\\vendor\\laravel\\framework\\src\\Illuminate\\Session\\Middleware\\StartSession.php(121): Illuminate\\Pipeline\\Pipeline->{closure:{closure:Illuminate\\Pipeline\\Pipeline::carry():158}:159}(Object(Illuminate\\Http\\Request))
#21 C:\\Users\\Nathan\\Documents\\Cours\\BUT_2\\Photos\\vendor\\laravel\\framework\\src\\Illuminate\\Session\\Middleware\\StartSession.php(64): Illuminate\\Session\\Middleware\\StartSession->handleStatefulRequest(Object(Illuminate\\Http\\Request), Object(Illuminate\\Session\\Store), Object(Closure))
#22 C:\\Users\\Nathan\\Documents\\Cours\\BUT_2\\Photos\\vendor\\laravel\\framework\\src\\Illuminate\\Pipeline\\Pipeline.php(183): Illuminate\\Session\\Middleware\\StartSession->handle(Object(Illuminate\\Http\\Request), Object(Closure))
#23 C:\\Users\\Nathan\\Documents\\Cours\\BUT_2\\Photos\\vendor\\laravel\\framework\\src\\Illuminate\\Cookie\\Middleware\\AddQueuedCookiesToResponse.php(37): Illuminate\\Pipeline\\Pipeline->{closure:{closure:Illuminate\\Pipeline\\Pipeline::carry():158}:159}(Object(Illuminate\\Http\\Request))
#24 C:\\Users\\Nathan\\Documents\\Cours\\BUT_2\\Photos\\vendor\\laravel\\framework\\src\\Illuminate\\Pipeline\\Pipeline.php(183): Illuminate\\Cookie\\Middleware\\AddQueuedCookiesToResponse->handle(Object(Illuminate\\Http\\Request), Object(Closure))
#25 C:\\Users\\Nathan\\Documents\\Cours\\BUT_2\\Photos\\vendor\\laravel\\framework\\src\\Illuminate\\Cookie\\Middleware\\EncryptCookies.php(67): Illuminate\\Pipeline\\Pipeline->{closure:{closure:Illuminate\\Pipeline\\Pipeline::carry():158}:159}(Object(Illuminate\\Http\\Request))
#26 C:\\Users\\Nathan\\Documents\\Cours\\BUT_2\\Photos\\vendor\\laravel\\framework\\src\\Illuminate\\Pipeline\\Pipeline.php(183): Illuminate\\Cookie\\Middleware\\EncryptCookies->handle(Object(Illuminate\\Http\\Request), Object(Closure))
#27 C:\\Users\\Nathan\\Documents\\Cours\\BUT_2\\Photos\\vendor\\laravel\\framework\\src\\Illuminate\\Pipeline\\Pipeline.php(119): Illuminate\\Pipeline\\Pipeline->{closure:{closure:Illuminate\\Pipeline\\Pipeline::carry():158}:159}(Object(Illuminate\\Http\\Request))
#28 C:\\Users\\Nathan\\Documents\\Cours\\BUT_2\\Photos\\vendor\\laravel\\framework\\src\\Illuminate\\Routing\\Router.php(805): Illuminate\\Pipeline\\Pipeline->then(Object(Closure))
#29 C:\\Users\\Nathan\\Documents\\Cours\\BUT_2\\Photos\\vendor\\laravel\\framework\\src\\Illuminate\\Routing\\Router.php(784): Illuminate\\Routing\\Router->runRouteWithinStack(Object(Illuminate\\Routing\\Route), Object(Illuminate\\Http\\Request))
#30 C:\\Users\\Nathan\\Documents\\Cours\\BUT_2\\Photos\\vendor\\laravel\\framework\\src\\Illuminate\\Routing\\Router.php(748): Illuminate\\Routing\\Router->runRoute(Object(Illuminate\\Http\\Request), Object(Illuminate\\Routing\\Route))
#31 C:\\Users\\Nathan\\Documents\\Cours\\BUT_2\\Photos\\vendor\\laravel\\framework\\src\\Illuminate\\Routing\\Router.php(737): Illuminate\\Routing\\Router->dispatchToRoute(Object(Illuminate\\Http\\Request))
#32 C:\\Users\\Nathan\\Documents\\Cours\\BUT_2\\Photos\\vendor\\laravel\\framework\\src\\Illuminate\\Foundation\\Http\\Kernel.php(200): Illuminate\\Routing\\Router->dispatch(Object(Illuminate\\Http\\Request))
#33 C:\\Users\\Nathan\\Documents\\Cours\\BUT_2\\Photos\\vendor\\laravel\\framework\\src\\Illuminate\\Pipeline\\Pipeline.php(144): Illuminate\\Foundation\\Http\\Kernel->{closure:Illuminate\\Foundation\\Http\\Kernel::dispatchToRouter():197}(Object(Illuminate\\Http\\Request))
#34 C:\\Users\\Nathan\\Documents\\Cours\\BUT_2\\Photos\\vendor\\laravel\\framework\\src\\Illuminate\\Foundation\\Http\\Middleware\\TransformsRequest.php(21): Illuminate\\Pipeline\\Pipeline->{closure:Illuminate\\Pipeline\\Pipeline::prepareDestination():142}(Object(Illuminate\\Http\\Request))
#35 C:\\Users\\Nathan\\Documents\\Cours\\BUT_2\\Photos\\vendor\\laravel\\framework\\src\\Illuminate\\Foundation\\Http\\Middleware\\ConvertEmptyStringsToNull.php(31): Illuminate\\Foundation\\Http\\Middleware\\TransformsRequest->handle(Object(Illuminate\\Http\\Request), Object(Closure))
#36 C:\\Users\\Nathan\\Documents\\Cours\\BUT_2\\Photos\\vendor\\laravel\\framework\\src\\Illuminate\\Pipeline\\Pipeline.php(183): Illuminate\\Foundation\\Http\\Middleware\\ConvertEmptyStringsToNull->handle(Object(Illuminate\\Http\\Request), Object(Closure))
#37 C:\\Users\\Nathan\\Documents\\Cours\\BUT_2\\Photos\\vendor\\laravel\\framework\\src\\Illuminate\\Foundation\\Http\\Middleware\\TransformsRequest.php(21): Illuminate\\Pipeline\\Pipeline->{closure:{closure:Illuminate\\Pipeline\\Pipeline::carry():158}:159}(Object(Illuminate\\Http\\Request))
#38 C:\\Users\\Nathan\\Documents\\Cours\\BUT_2\\Photos\\vendor\\laravel\\framework\\src\\Illuminate\\Foundation\\Http\\Middleware\\TrimStrings.php(40): Illuminate\\Foundation\\Http\\Middleware\\TransformsRequest->handle(Object(Illuminate\\Http\\Request), Object(Closure))
#39 C:\\Users\\Nathan\\Documents\\Cours\\BUT_2\\Photos\\vendor\\laravel\\framework\\src\\Illuminate\\Pipeline\\Pipeline.php(183): Illuminate\\Foundation\\Http\\Middleware\\TrimStrings->handle(Object(Illuminate\\Http\\Request), Object(Closure))
#40 C:\\Users\\Nathan\\Documents\\Cours\\BUT_2\\Photos\\vendor\\laravel\\framework\\src\\Illuminate\\Foundation\\Http\\Middleware\\ValidatePostSize.php(27): Illuminate\\Pipeline\\Pipeline->{closure:{closure:Illuminate\\Pipeline\\Pipeline::carry():158}:159}(Object(Illuminate\\Http\\Request))
#41 C:\\Users\\Nathan\\Documents\\Cours\\BUT_2\\Photos\\vendor\\laravel\\framework\\src\\Illuminate\\Pipeline\\Pipeline.php(183): Illuminate\\Foundation\\Http\\Middleware\\ValidatePostSize->handle(Object(Illuminate\\Http\\Request), Object(Closure))
#42 C:\\Users\\Nathan\\Documents\\Cours\\BUT_2\\Photos\\vendor\\laravel\\framework\\src\\Illuminate\\Foundation\\Http\\Middleware\\PreventRequestsDuringMaintenance.php(99): Illuminate\\Pipeline\\Pipeline->{closure:{closure:Illuminate\\Pipeline\\Pipeline::carry():158}:159}(Object(Illuminate\\Http\\Request))
#43 C:\\Users\\Nathan\\Documents\\Cours\\BUT_2\\Photos\\vendor\\laravel\\framework\\src\\Illuminate\\Pipeline\\Pipeline.php(183): Illuminate\\Foundation\\Http\\Middleware\\PreventRequestsDuringMaintenance->handle(Object(Illuminate\\Http\\Request), Object(Closure))
#44 C:\\Users\\Nathan\\Documents\\Cours\\BUT_2\\Photos\\vendor\\laravel\\framework\\src\\Illuminate\\Http\\Middleware\\HandleCors.php(49): Illuminate\\Pipeline\\Pipeline->{closure:{closure:Illuminate\\Pipeline\\Pipeline::carry():158}:159}(Object(Illuminate\\Http\\Request))
#45 C:\\Users\\Nathan\\Documents\\Cours\\BUT_2\\Photos\\vendor\\laravel\\framework\\src\\Illuminate\\Pipeline\\Pipeline.php(183): Illuminate\\Http\\Middleware\\HandleCors->handle(Object(Illuminate\\Http\\Request), Object(Closure))
#46 C:\\Users\\Nathan\\Documents\\Cours\\BUT_2\\Photos\\vendor\\laravel\\framework\\src\\Illuminate\\Http\\Middleware\\TrustProxies.php(39): Illuminate\\Pipeline\\Pipeline->{closure:{closure:Illuminate\\Pipeline\\Pipeline::carry():158}:159}(Object(Illuminate\\Http\\Request))
#47 C:\\Users\\Nathan\\Documents\\Cours\\BUT_2\\Photos\\vendor\\laravel\\framework\\src\\Illuminate\\Pipeline\\Pipeline.php(183): Illuminate\\Http\\Middleware\\TrustProxies->handle(Object(Illuminate\\Http\\Request), Object(Closure))
#48 C:\\Users\\Nathan\\Documents\\Cours\\BUT_2\\Photos\\vendor\\laravel\\framework\\src\\Illuminate\\Pipeline\\Pipeline.php(119): Illuminate\\Pipeline\\Pipeline->{closure:{closure:Illuminate\\Pipeline\\Pipeline::carry():158}:159}(Object(Illuminate\\Http\\Request))
#49 C:\\Users\\Nathan\\Documents\\Cours\\BUT_2\\Photos\\vendor\\laravel\\framework\\src\\Illuminate\\Foundation\\Http\\Kernel.php(175): Illuminate\\Pipeline\\Pipeline->then(Object(Closure))
#50 C:\\Users\\Nathan\\Documents\\Cours\\BUT_2\\Photos\\vendor\\laravel\\framework\\src\\Illuminate\\Foundation\\Http\\Kernel.php(144): Illuminate\\Foundation\\Http\\Kernel->sendRequestThroughRouter(Object(Illuminate\\Http\\Request))
#51 C:\\Users\\Nathan\\Documents\\Cours\\BUT_2\\Photos\\public\\index.php(51): Illuminate\\Foundation\\Http\\Kernel->handle(Object(Illuminate\\Http\\Request))
#52 C:\\Users\\Nathan\\Documents\\Cours\\BUT_2\\Photos\\vendor\\laravel\\framework\\src\\Illuminate\\Foundation\\resources\\server.php(16): require_once('C:\\\\Users\\\\Nathan...')
#53 {main}

[previous exception] [object] (PDOException(code: 2002): SQLSTATE[HY000] [2002] Aucune connexion n’a pu être établie car l’ordinateur cible l’a expressément refusée at C:\\Users\\Nathan\\Documents\\Cours\\BUT_2\\Photos\\vendor\\laravel\\framework\\src\\Illuminate\\Database\\Connectors\\Connector.php:65)
[stacktrace]
#0 C:\\Users\\Nathan\\Documents\\Cours\\BUT_2\\Photos\\vendor\\laravel\\framework\\src\\Illuminate\\Database\\Connectors\\Connector.php(65): PDO->__construct('mysql:host=127....', 'root', Object(SensitiveParameterValue), Array)
#1 C:\\Users\\Nathan\\Documents\\Cours\\BUT_2\\Photos\\vendor\\laravel\\framework\\src\\Illuminate\\Database\\Connectors\\Connector.php(44): Illuminate\\Database\\Connectors\\Connector->createPdoConnection('mysql:host=127....', 'root', '', Array)
#2 C:\\Users\\Nathan\\Documents\\Cours\\BUT_2\\Photos\\vendor\\laravel\\framework\\src\\Illuminate\\Database\\Connectors\\MySqlConnector.php(24): Illuminate\\Database\\Connectors\\Connector->createConnection('mysql:host=127....', Array, Array)
#3 C:\\Users\\Nathan\\Documents\\Cours\\BUT_2\\Photos\\vendor\\laravel\\framework\\src\\Illuminate\\Database\\Connectors\\ConnectionFactory.php(184): Illuminate\\Database\\Connectors\\MySqlConnector->connect(Array)
#4 [internal function]: Illuminate\\Database\\Connectors\\ConnectionFactory->{closure:Illuminate\\Database\\Connectors\\ConnectionFactory::createPdoResolverWithHosts():179}()
#5 C:\\Users\\Nathan\\Documents\\Cours\\BUT_2\\Photos\\vendor\\laravel\\framework\\src\\Illuminate\\Database\\Connection.php(1339): call_user_func(Object(Closure))
#6 C:\\Users\\Nathan\\Documents\\Cours\\BUT_2\\Photos\\vendor\\laravel\\framework\\src\\Illuminate\\Database\\Connection.php(1375): Illuminate\\Database\\Connection->getPdo()
#7 C:\\Users\\Nathan\\Documents\\Cours\\BUT_2\\Photos\\vendor\\laravel\\framework\\src\\Illuminate\\Database\\Connection.php(528): Illuminate\\Database\\Connection->getReadPdo()
#8 C:\\Users\\Nathan\\Documents\\Cours\\BUT_2\\Photos\\vendor\\laravel\\framework\\src\\Illuminate\\Database\\Connection.php(423): Illuminate\\Database\\Connection->getPdoForSelect(true)
#9 C:\\Users\\Nathan\\Documents\\Cours\\BUT_2\\Photos\\vendor\\laravel\\framework\\src\\Illuminate\\Database\\Connection.php(816): Illuminate\\Database\\Connection->{closure:Illuminate\\Database\\Connection::select():414}('select * from `...', Array)
#10 C:\\Users\\Nathan\\Documents\\Cours\\BUT_2\\Photos\\vendor\\laravel\\framework\\src\\Illuminate\\Database\\Connection.php(783): Illuminate\\Database\\Connection->runQueryCallback('select * from `...', Array, Object(Closure))
#11 C:\\Users\\Nathan\\Documents\\Cours\\BUT_2\\Photos\\vendor\\laravel\\framework\\src\\Illuminate\\Database\\Connection.php(414): Illuminate\\Database\\Connection->run('select * from `...', Array, Object(Closure))
#12 C:\\Users\\Nathan\\Documents\\Cours\\BUT_2\\Photos\\vendor\\laravel\\framework\\src\\Illuminate\\Database\\Query\\Builder.php(2913): Illuminate\\Database\\Connection->select('select * from `...', Array, true)
#13 C:\\Users\\Nathan\\Documents\\Cours\\BUT_2\\Photos\\vendor\\laravel\\framework\\src\\Illuminate\\Database\\Query\\Builder.php(2902): Illuminate\\Database\\Query\\Builder->runSelect()
#14 C:\\Users\\Nathan\\Documents\\Cours\\BUT_2\\Photos\\vendor\\laravel\\framework\\src\\Illuminate\\Database\\Query\\Builder.php(3456): Illuminate\\Database\\Query\\Builder->{closure:Illuminate\\Database\\Query\\Builder::get():2901}()
#15 C:\\Users\\Nathan\\Documents\\Cours\\BUT_2\\Photos\\vendor\\laravel\\framework\\src\\Illuminate\\Database\\Query\\Builder.php(2901): Illuminate\\Database\\Query\\Builder->onceWithColumns(Array, Object(Closure))
#16 C:\\Users\\Nathan\\Documents\\Cours\\BUT_2\\Photos\\vendor\\laravel\\framework\\src\\Illuminate\\Database\\Eloquent\\Builder.php(739): Illuminate\\Database\\Query\\Builder->get(Array)
#17 C:\\Users\\Nathan\\Documents\\Cours\\BUT_2\\Photos\\vendor\\laravel\\framework\\src\\Illuminate\\Database\\Eloquent\\Builder.php(723): Illuminate\\Database\\Eloquent\\Builder->getModels(Array)
#18 C:\\Users\\Nathan\\Documents\\Cours\\BUT_2\\Photos\\routes\\web.php(23): Illuminate\\Database\\Eloquent\\Builder->get()
#19 C:\\Users\\Nathan\\Documents\\Cours\\BUT_2\\Photos\\vendor\\laravel\\framework\\src\\Illuminate\\Routing\\CallableDispatcher.php(40): Illuminate\\Routing\\RouteFileRegistrar->{closure:C:\\Users\\Nathan\\Documents\\Cours\\BUT_2\\Photos\\routes\\web.php:21}()
#20 C:\\Users\\Nathan\\Documents\\Cours\\BUT_2\\Photos\\vendor\\laravel\\framework\\src\\Illuminate\\Routing\\Route.php(237): Illuminate\\Routing\\CallableDispatcher->dispatch(Object(Illuminate\\Routing\\Route), Object(Closure))
#21 C:\\Users\\Nathan\\Documents\\Cours\\BUT_2\\Photos\\vendor\\laravel\\framework\\src\\Illuminate\\Routing\\Route.php(208): Illuminate\\Routing\\Route->runCallable()
#22 C:\\Users\\Nathan\\Documents\\Cours\\BUT_2\\Photos\\vendor\\laravel\\framework\\src\\Illuminate\\Routing\\Router.php(806): Illuminate\\Routing\\Route->run()
#23 C:\\Users\\Nathan\\Documents\\Cours\\BUT_2\\Photos\\vendor\\laravel\\framework\\src\\Illuminate\\Pipeline\\Pipeline.php(144): Illuminate\\Routing\\Router->{closure:Illuminate\\Routing\\Router::runRouteWithinStack():805}(Object(Illuminate\\Http\\Request))
#24 C:\\Users\\Nathan\\Documents\\Cours\\BUT_2\\Photos\\vendor\\laravel\\framework\\src\\Illuminate\\Routing\\Middleware\\SubstituteBindings.php(50): Illuminate\\Pipeline\\Pipeline->{closure:Illuminate\\Pipeline\\Pipeline::prepareDestination():142}(Object(Illuminate\\Http\\Request))
#25 C:\\Users\\Nathan\\Documents\\Cours\\BUT_2\\Photos\\vendor\\laravel\\framework\\src\\Illuminate\\Pipeline\\Pipeline.php(183): Illuminate\\Routing\\Middleware\\SubstituteBindings->handle(Object(Illuminate\\Http\\Request), Object(Closure))
#26 C:\\Users\\Nathan\\Documents\\Cours\\BUT_2\\Photos\\vendor\\laravel\\framework\\src\\Illuminate\\Foundation\\Http\\Middleware\\VerifyCsrfToken.php(78): Illuminate\\Pipeline\\Pipeline->{closure:{closure:Illuminate\\Pipeline\\Pipeline::carry():158}:159}(Object(Illuminate\\Http\\Request))
#27 C:\\Users\\Nathan\\Documents\\Cours\\BUT_2\\Photos\\vendor\\laravel\\framework\\src\\Illuminate\\Pipeline\\Pipeline.php(183): Illuminate\\Foundation\\Http\\Middleware\\VerifyCsrfToken->handle(Object(Illuminate\\Http\\Request), Object(Closure))
#28 C:\\Users\\Nathan\\Documents\\Cours\\BUT_2\\Photos\\vendor\\laravel\\framework\\src\\Illuminate\\View\\Middleware\\ShareErrorsFromSession.php(49): Illuminate\\Pipeline\\Pipeline->{closure:{closure:Illuminate\\Pipeline\\Pipeline::carry():158}:159}(Object(Illuminate\\Http\\Request))
#29 C:\\Users\\Nathan\\Documents\\Cours\\BUT_2\\Photos\\vendor\\laravel\\framework\\src\\Illuminate\\Pipeline\\Pipeline.php(183): Illuminate\\View\\Middleware\\ShareErrorsFromSession->handle(Object(Illuminate\\Http\\Request), Object(Closure))
#30 C:\\Users\\Nathan\\Documents\\Cours\\BUT_2\\Photos\\vendor\\laravel\\framework\\src\\Illuminate\\Session\\Middleware\\StartSession.php(121): Illuminate\\Pipeline\\Pipeline->{closure:{closure:Illuminate\\Pipeline\\Pipeline::carry():158}:159}(Object(Illuminate\\Http\\Request))
#31 C:\\Users\\Nathan\\Documents\\Cours\\BUT_2\\Photos\\vendor\\laravel\\framework\\src\\Illuminate\\Session\\Middleware\\StartSession.php(64): Illuminate\\Session\\Middleware\\StartSession->handleStatefulRequest(Object(Illuminate\\Http\\Request), Object(Illuminate\\Session\\Store), Object(Closure))
#32 C:\\Users\\Nathan\\Documents\\Cours\\BUT_2\\Photos\\vendor\\laravel\\framework\\src\\Illuminate\\Pipeline\\Pipeline.php(183): Illuminate\\Session\\Middleware\\StartSession->handle(Object(Illuminate\\Http\\Request), Object(Closure))
#33 C:\\Users\\Nathan\\Documents\\Cours\\BUT_2\\Photos\\vendor\\laravel\\framework\\src\\Illuminate\\Cookie\\Middleware\\AddQueuedCookiesToResponse.php(37): Illuminate\\Pipeline\\Pipeline->{closure:{closure:Illuminate\\Pipeline\\Pipeline::carry():158}:159}(Object(Illuminate\\Http\\Request))
#34 C:\\Users\\Nathan\\Documents\\Cours\\BUT_2\\Photos\\vendor\\laravel\\framework\\src\\Illuminate\\Pipeline\\Pipeline.php(183): Illuminate\\Cookie\\Middleware\\AddQueuedCookiesToResponse->handle(Object(Illuminate\\Http\\Request), Object(Closure))
#35 C:\\Users\\Nathan\\Documents\\Cours\\BUT_2\\Photos\\vendor\\laravel\\framework\\src\\Illuminate\\Cookie\\Middleware\\EncryptCookies.php(67): Illuminate\\Pipeline\\Pipeline->{closure:{closure:Illuminate\\Pipeline\\Pipeline::carry():158}:159}(Object(Illuminate\\Http\\Request))
#36 C:\\Users\\Nathan\\Documents\\Cours\\BUT_2\\Photos\\vendor\\laravel\\framework\\src\\Illuminate\\Pipeline\\Pipeline.php(183): Illuminate\\Cookie\\Middleware\\EncryptCookies->handle(Object(Illuminate\\Http\\Request), Object(Closure))
#37 C:\\Users\\Nathan\\Documents\\Cours\\BUT_2\\Photos\\vendor\\laravel\\framework\\src\\Illuminate\\Pipeline\\Pipeline.php(119): Illuminate\\Pipeline\\Pipeline->{closure:{closure:Illuminate\\Pipeline\\Pipeline::carry():158}:159}(Object(Illuminate\\Http\\Request))
#38 C:\\Users\\Nathan\\Documents\\Cours\\BUT_2\\Photos\\vendor\\laravel\\framework\\src\\Illuminate\\Routing\\Router.php(805): Illuminate\\Pipeline\\Pipeline->then(Object(Closure))
#39 C:\\Users\\Nathan\\Documents\\Cours\\BUT_2\\Photos\\vendor\\laravel\\framework\\src\\Illuminate\\Routing\\Router.php(784): Illuminate\\Routing\\Router->runRouteWithinStack(Object(Illuminate\\Routing\\Route), Object(Illuminate\\Http\\Request))
#40 C:\\Users\\Nathan\\Documents\\Cours\\BUT_2\\Photos\\vendor\\laravel\\framework\\src\\Illuminate\\Routing\\Router.php(748): Illuminate\\Routing\\Router->runRoute(Object(Illuminate\\Http\\Request), Object(Illuminate\\Routing\\Route))
#41 C:\\Users\\Nathan\\Documents\\Cours\\BUT_2\\Photos\\vendor\\laravel\\framework\\src\\Illuminate\\Routing\\Router.php(737): Illuminate\\Routing\\Router->dispatchToRoute(Object(Illuminate\\Http\\Request))
#42 C:\\Users\\Nathan\\Documents\\Cours\\BUT_2\\Photos\\vendor\\laravel\\framework\\src\\Illuminate\\Foundation\\Http\\Kernel.php(200): Illuminate\\Routing\\Router->dispatch(Object(Illuminate\\Http\\Request))
#43 C:\\Users\\Nathan\\Documents\\Cours\\BUT_2\\Photos\\vendor\\laravel\\framework\\src\\Illuminate\\Pipeline\\Pipeline.php(144): Illuminate\\Foundation\\Http\\Kernel->{closure:Illuminate\\Foundation\\Http\\Kernel::dispatchToRouter():197}(Object(Illuminate\\Http\\Request))
#44 C:\\Users\\Nathan\\Documents\\Cours\\BUT_2\\Photos\\vendor\\laravel\\framework\\src\\Illuminate\\Foundation\\Http\\Middleware\\TransformsRequest.php(21): Illuminate\\Pipeline\\Pipeline->{closure:Illuminate\\Pipeline\\Pipeline::prepareDestination():142}(Object(Illuminate\\Http\\Request))
#45 C:\\Users\\Nathan\\Documents\\Cours\\BUT_2\\Photos\\vendor\\laravel\\framework\\src\\Illuminate\\Foundation\\Http\\Middleware\\ConvertEmptyStringsToNull.php(31): Illuminate\\Foundation\\Http\\Middleware\\TransformsRequest->handle(Object(Illuminate\\Http\\Request), Object(Closure))
#46 C:\\Users\\Nathan\\Documents\\Cours\\BUT_2\\Photos\\vendor\\laravel\\framework\\src\\Illuminate\\Pipeline\\Pipeline.php(183): Illuminate\\Foundation\\Http\\Middleware\\ConvertEmptyStringsToNull->handle(Object(Illuminate\\Http\\Request), Object(Closure))
#47 C:\\Users\\Nathan\\Documents\\Cours\\BUT_2\\Photos\\vendor\\laravel\\framework\\src\\Illuminate\\Foundation\\Http\\Middleware\\TransformsRequest.php(21): Illuminate\\Pipeline\\Pipeline->{closure:{closure:Illuminate\\Pipeline\\Pipeline::carry():158}:159}(Object(Illuminate\\Http\\Request))
#48 C:\\Users\\Nathan\\Documents\\Cours\\BUT_2\\Photos\\vendor\\laravel\\framework\\src\\Illuminate\\Foundation\\Http\\Middleware\\TrimStrings.php(40): Illuminate\\Foundation\\Http\\Middleware\\TransformsRequest->handle(Object(Illuminate\\Http\\Request), Object(Closure))
#49 C:\\Users\\Nathan\\Documents\\Cours\\BUT_2\\Photos\\vendor\\laravel\\framework\\src\\Illuminate\\Pipeline\\Pipeline.php(183): Illuminate\\Foundation\\Http\\Middleware\\TrimStrings->handle(Object(Illuminate\\Http\\Request), Object(Closure))
#50 C:\\Users\\Nathan\\Documents\\Cours\\BUT_2\\Photos\\vendor\\laravel\\framework\\src\\Illuminate\\Foundation\\Http\\Middleware\\ValidatePostSize.php(27): Illuminate\\Pipeline\\Pipeline->{closure:{closure:Illuminate\\Pipeline\\Pipeline::carry():158}:159}(Object(Illuminate\\Http\\Request))
#51 C:\\Users\\Nathan\\Documents\\Cours\\BUT_2\\Photos\\vendor\\laravel\\framework\\src\\Illuminate\\Pipeline\\Pipeline.php(183): Illuminate\\Foundation\\Http\\Middleware\\ValidatePostSize->handle(Object(Illuminate\\Http\\Request), Object(Closure))
#52 C:\\Users\\Nathan\\Documents\\Cours\\BUT_2\\Photos\\vendor\\laravel\\framework\\src\\Illuminate\\Foundation\\Http\\Middleware\\PreventRequestsDuringMaintenance.php(99): Illuminate\\Pipeline\\Pipeline->{closure:{closure:Illuminate\\Pipeline\\Pipeline::carry():158}:159}(Object(Illuminate\\Http\\Request))
#53 C:\\Users\\Nathan\\Documents\\Cours\\BUT_2\\Photos\\vendor\\laravel\\framework\\src\\Illuminate\\Pipeline\\Pipeline.php(183): Illuminate\\Foundation\\Http\\Middleware\\PreventRequestsDuringMaintenance->handle(Object(Illuminate\\Http\\Request), Object(Closure))
#54 C:\\Users\\Nathan\\Documents\\Cours\\BUT_2\\Photos\\vendor\\laravel\\framework\\src\\Illuminate\\Http\\Middleware\\HandleCors.php(49): Illuminate\\Pipeline\\Pipeline->{closure:{closure:Illuminate\\Pipeline\\Pipeline::carry():158}:159}(Object(Illuminate\\Http\\Request))
#55 C:\\Users\\Nathan\\Documents\\Cours\\BUT_2\\Photos\\vendor\\laravel\\framework\\src\\Illuminate\\Pipeline\\Pipeline.php(183): Illuminate\\Http\\Middleware\\HandleCors->handle(Object(Illuminate\\Http\\Request), Object(Closure))
#56 C:\\Users\\Nathan\\Documents\\Cours\\BUT_2\\Photos\\vendor\\laravel\\framework\\src\\Illuminate\\Http\\Middleware\\TrustProxies.php(39): Illuminate\\Pipeline\\Pipeline->{closure:{closure:Illuminate\\Pipeline\\Pipeline::carry():158}:159}(Object(Illuminate\\Http\\Request))
#57 C:\\Users\\Nathan\\Documents\\Cours\\BUT_2\\Photos\\vendor\\laravel\\framework\\src\\Illuminate\\Pipeline\\Pipeline.php(183): Illuminate\\Http\\Middleware\\TrustProxies->handle(Object(Illuminate\\Http\\Request), Object(Closure))
#58 C:\\Users\\Nathan\\Documents\\Cours\\BUT_2\\Photos\\vendor\\laravel\\framework\\src\\Illuminate\\Pipeline\\Pipeline.php(119): Illuminate\\Pipeline\\Pipeline->{closure:{closure:Illuminate\\Pipeline\\Pipeline::carry():158}:159}(Object(Illuminate\\Http\\Request))
#59 C:\\Users\\Nathan\\Documents\\Cours\\BUT_2\\Photos\\vendor\\laravel\\framework\\src\\Illuminate\\Foundation\\Http\\Kernel.php(175): Illuminate\\Pipeline\\Pipeline->then(Object(Closure))
#60 C:\\Users\\Nathan\\Documents\\Cours\\BUT_2\\Photos\\vendor\\laravel\\framework\\src\\Illuminate\\Foundation\\Http\\Kernel.php(144): Illuminate\\Foundation\\Http\\Kernel->sendRequestThroughRouter(Object(Illuminate\\Http\\Request))
#61 C:\\Users\\Nathan\\Documents\\Cours\\BUT_2\\Photos\\public\\index.php(51): Illuminate\\Foundation\\Http\\Kernel->handle(Object(Illuminate\\Http\\Request))
#62 C:\\Users\\Nathan\\Documents\\Cours\\BUT_2\\Photos\\vendor\\laravel\\framework\\src\\Illuminate\\Foundation\\resources\\server.php(16): require_once('C:\\\\Users\\\\Nathan...')
#63 {main}
"} 
